exit_ts,trade_id,equity_peak_usdc,equity_usdc,drawdown_usdc
2026-03-19T16:26:00+00:00,TR_820018ec6a864994709e,59.294690046310215,59.294690046310215,0.0
2026-03-23T05:17:00+00:00,TR_daf936deb0509b369708,59.294690046310215,9.954929422354574,49.33976062395564
2026-03-30T14:36:00+00:00,TR_a3f5962ae373549f057f,59.294690046310215,-25.274566440720776,84.569256487031
2026-04-02T01:23:00+00:00,TR_6c54ddd953b0934ef540,59.294690046310215,-74.8924362914408,134.187126337751
2026-04-02T14:07:00+00:00,TR_8d3ca154a3c9b6e1a50e,59.294690046310215,-69.29636505919089,128.5910551055011
2026-04-06T23:02:00+00:00,TR_b4080b3eebd4b1b96fca,59.294690046310215,-123.38565363180874,182.68034367811896
2026-04-08T13:59:00+00:00,TR_56b357235d9c2d2c4aaa,59.294690046310215,-115.96742757752376,175.26211762383397
2026-04-13T14:44:00+00:00,TR_4e099af698e8482ed214,59.294690046310215,-160.15461626624125,219.44930631255147
2026-04-14T16:59:00+00:00,TR_6c7cc5be889d9955e4f9,59.294690046310215,-121.47443490173298,180.76912494804318
2026-04-30T00:40:00+00:00,TR_ec5c2af59cec1021477e,59.294690046310215,-166.45297216595466,225.74766221226488
2026-05-04T06:16:00+00:00,TR_f437c4931059192328a0,59.294690046310215,-108.3681785128455,167.66286855915573
2026-05-14T05:52:00+00:00,TR_116571cbe55ccdf663cd,59.294690046310215,-155.1332700586937,214.42796010500393
2026-05-18T05:00:00+00:00,TR_37a299e153c72c527a56,59.294690046310215,-89.7022284459048,148.996918492215
2026-05-23T18:22:00+00:00,TR_a69cb67fade6e467440d,59.294690046310215,-79.40795174056066,138.70264178687088
2026-05-24T14:13:00+00:00,TR_ad96f29bdcf5135e43f8,59.294690046310215,-106.07278593101049,165.3674759773207
2026-05-28T18:09:00+00:00,TR_515b3f77d7f1e7a68d39,59.294690046310215,-100.56854060409896,159.86323065040918
2026-06-02T19:54:00+00:00,TR_778284469633feb7dcae,59.294690046310215,-22.491982080261153,81.78667212657137
2026-06-03T05:04:00+00:00,TR_0b5573e459d3a90b2673,59.294690046310215,-76.45930404276646,135.75399408907668
2026-06-04T06:19:00+00:00,TR_cb648d0bf80be5dbcbac,59.294690046310215,-33.29744303585918,92.5921330821694
2026-06-05T07:42:00+00:00,TR_bc8ab3c9e981859d0eb4,59.294690046310215,-81.1161601213215,140.4108501676317
2026-06-16T14:24:00+00:00,TR_1122e5ea6711f1b00515,59.294690046310215,-137.0770056687021,196.37169571501232
2026-06-20T00:35:00+00:00,TR_5e3e8552b9985be449b3,59.294690046310215,-123.29021049013528,182.5849005364455
2026-06-23T14:15:00+00:00,TR_ca8758efb7f21b972be1,59.294690046310215,-147.2467038330393,206.54139387934953
2026-07-01T22:47:00+00:00,TR_d0d13204b26719b3ea58,59.294690046310215,-138.08988660307767,197.3845766493879
2026-07-02T16:28:00+00:00,TR_505af55de7ade280ca41,59.294690046310215,-131.36167719639766,190.6563672427079
2026-07-09T07:01:00+00:00,TR_fbc293893eb374e4475c,59.294690046310215,-183.87465012903743,243.16934017534766
2026-07-16T07:51:00+00:00,TR_b651b3ceb29214e4ab83,59.294690046310215,-224.55506427510136,283.8497543214116
2026-07-17T16:53:00+00:00,TR_8c9f98d6df22ce60a3af,59.294690046310215,-271.23824518732295,330.53293523363317
2026-08-03T14:41:00+00:00,TR_76cfa656e2dcfe8190d7,59.294690046310215,-323.6218012708918,382.91649131720203
2026-08-20T12:07:00+00:00,TR_f0fa73c87a219be203cf,59.294690046310215,-251.65081709217387,310.94550713848406
2026-08-21T11:04:00+00:00,TR_c0985afba559f089b2ef,59.294690046310215,-155.55741370812564,214.85210375443586
2026-08-21T13:36:00+00:00,TR_35f8bcca260829608a88,59.294690046310215,-152.17508829304305,211.46977833935327
2026-08-24T13:47:00+00:00,TR_fa786b3db0cd0517af1a,59.294690046310215,-204.10770902612276,263.40239907243296
2026-08-27T08:04:00+00:00,TR_3801ba9b57875ba55c35,59.294690046310215,-240.01594019667806,299.3106302429883
2026-08-28T09:05:00+00:00,TR_54b7fdd4046f69297bda,59.294690046310215,-297.13589978534054,356.43058983165076
2026-08-29T00:02:00+00:00,TR_9b6b3cf9f05beab554f6,59.294690046310215,-319.41995513654035,378.7146451828506
2026-08-31T07:25:00+00:00,TR_01cd549831f5f3236fbe,59.294690046310215,-366.19051140228913,425.48520144859935
2026-09-04T08:06:00+00:00,TR_f9b6ccb0396396c8d07f,59.294690046310215,-387.7680290992075,447.06271914551775
2026-09-16T18:09:00+00:00,TR_6b24cc7cdcab3c6c198d,59.294690046310215,-432.11398214390783,491.40867219021806
