trade_key,side,lifecycle_class,outcome_reason,tp1_done,tp2_done,a_verdict,a_confidence,a_evaluation,a_setup_class,a_reason_codes,a_risk_flags,a_summary,b_verdict,b_confidence,b_evaluation,b_setup_class,b_reason_codes,b_risk_flags,b_summary,c_verdict,c_confidence,c_evaluation,c_setup_class,c_reason_codes,c_risk_flags,c_summary
EX_EN_1778689753,long,STRONG_FAVORABLE,SL,True,True,REJECT,0.78,MISS,COUNTERTREND_LONG_IN_MARKDOWN,"[""LONG_AGAINST_EXPANSION_DOWN_REGIME"",""HIGH_CONFIDENCE_MARKDOWN_STRUCTURE"",""BEARISH_4H_1D_3D_CONTEXT"",""SHORT_TERM_REBOUND_ONLY"",""STOP_NOT_BEYOND_NEARBY_SESSION_LOW"",""TP1_REWARD_RISK_ONLY_1_11"",""TP2_REWARD_RISK_ACCEPTABLE_2_17"",""ENTRY_SLIGHTLY_IMPROVED_VS_SIGNAL""]","[""SIGNAL_MEASUREMENTS_MISSING"",""PARTIAL_RECONSTRUCTED_CONTEXT"",""EXACT_ASSESSMENT_CUTOFF_UNKNOWN"",""7D_30D_HORIZONS_INCOMPLETE"",""RECOVERED_DEGRADED_ZONE_EVIDENCE"",""MARKET_CUTOFF_PRECEDES_OBSERVED_FILL""]","Reject the executed long. The fill was about 7.84 USDC better than the converted signal price and 5m-30m observations showed a rebound, but the dominant evidence remained bearish: expansion down, high-confidence markdown structure, and negative 4h, 1d, and 3d price context near range lows. The initial stop at 78872.23 sat above the 78713.8 session/4h low and nearby Europe-low zone, while TP1 offered only 1.11R. Missing signal measurements and reconstructed partial context reduce certainty, but the available evidence argues against a clear long edge.",UNCLEAR,0.82,UNCLEAR,reversal_onset,"[""LOCAL_REBOUND_SUPPORTS_LONG"",""BROAD_TREND_OPPOSES_LONG"",""ENTRY_BELOW_240M_1D_3D_VWAP"",""MARKDOWN_EXPANSION_REGIME"",""TARGET_PATH_INTERSECTS_SIGNIFICANT_ZONE"",""PEAK_MEASUREMENTS_UNAVAILABLE"",""MIXED_HORIZON_EVIDENCE"",""MODEST_TP1_REWARD_RISK""]","[""COUNTERTREND_LONG"",""SIGNIFICANT_ZONE_OVERLAPS_TP1_TP2_PATH"",""TP1_R_ONLY_1.11"",""RECONSTRUCTED_PARTIAL_SNAPSHOT"",""INCOMPLETE_7D_30D_CONTEXT"",""RECOVERED_DEGRADED_ZONE_EVIDENCE"",""POC_UNAVAILABLE"",""EXACT_ASSESSMENT_CUTOFF_UNKNOWN""]","The long has a fresh 5m-30m rebound with positive delta and price above short-horizon VWAPs, but this is only early reversal evidence against an EXPANSION_DOWN/MARKDOWN regime. Price remains well below 240m, 1d, and 3d VWAPs and near the lower end of the 1d/3d ranges. A significant mixed-quality zone overlaps the target path, TP1 offers only 1.11R, and the underlying PEAK measurements are missing. Broad trend conflict plus partial reconstruction prevents a reliable directional edge.",UNCLEAR,0.78,UNCLEAR,COUNTERTREND_REBOUND_LONG,"[""SHORT_TERM_REBOUND_SUPPORTS_LONG"",""5M_15M_30M_PRICE_AND_DELTA_POSITIVE"",""ENTRY_CLOSE_TO_SIGNAL_PRICE"",""TP2_REWARD_RISK_ACCEPTABLE"",""TP1_REWARD_RISK_ONLY_MARGINAL"",""BROADER_4H_1D_3D_TREND_OPPOSES_LONG"",""ENTRY_NEAR_LOW_END_OF_BROADER_RANGES"",""EVIDENCE_CONFLICTS_PREVENT_DECISIVE_RATING""]","[""SIGNAL_MEASUREMENTS_MISSING"",""PARTIAL_RECONSTRUCTED_SNAPSHOT"",""EXACT_ASSESSMENT_CUTOFF_UNKNOWN"",""MARKET_CUTOFF_PRECEDES_SIGNAL_AND_FILL"",""7D_AND_30D_HORIZONS_INCOMPLETE"",""RECOVERED_DEGRADED_ZONE_CONTEXT"",""STOP_ABOVE_RECENT_SESSION_LOW"",""COUNTERTREND_LONG_IN_EXPANSION_DOWN""]","The long had credible immediate rebound evidence: 5m, 15m, and 30m price action and delta were positive, and the actual entry remained close to the signal price. Geometry was mixed, with TP2 offering about 2.17R but TP1 only about 1.11R. The stronger 4h, 1d, and 3d observations remained bearish, the regime was classified as expansion down/markdown, and the stop sat above the recent 78,713.8 low, leaving it exposed to a retest. Missing signal measurements, an unknown exact assessment cutoff, and partial/degraded reconstructed context prevent determining whether the short-term reversal evidence was strong enough to justify the countertrend risk."
EX_EN_1779438963,short,STRONG_FAVORABLE,SL,True,True,SUPPORT,0.72,ALIGNED,BEARISH_MOMENTUM_CONTINUATION_SHORT,"[""SHORT_ALIGNS_WITH_EXPANSION_DOWN_STRUCTURE"",""NEGATIVE_DELTA_AND_DECLINING_OPEN_INTEREST"",""PRICE_BELOW_SHORT_AND_MEDIUM_HORIZON_VWAP"",""BEARISH_5M_15M_60M_240M_MOMENTUM"",""ACTUAL_ENTRY_CLOSE_TO_SIGNAL_AFTER_QUOTE_CONVERSION"",""TP1_R_MARGINAL_AT_1.04"",""TP2_R_ACCEPTABLE_AT_2.06"",""DOWNSIDE_LIQUIDITY_ZONES_OFFER_TARGETS_BUT_MAY_CAUSE_REACTION""]","[""ROLLING_REGIME_CHOP_LOW_CONFIDENCE"",""ENTRY_NEAR_LOWER_END_OF_INTRADAY_RANGES_AFTER_SHARP_DROP"",""ACTIVE_SWING_LOW_ZONE_AROUND_0.65R_BELOW_ENTRY"",""HIGH_CONFIDENCE_DOUBLE_BOTTOM_ZONE_BEFORE_TP2"",""PARTIAL_RECONSTRUCTED_CONTEXT"",""INCOMPLETE_7D_AND_30D_HORIZONS"",""EXACT_ASSESSMENT_CUTOFF_UNAVAILABLE"",""PRICE_VOLUME_POC_UNAVAILABLE""]","SUPPORT: The executed short is aligned with medium-confidence expansion-down structure, broad intraday weakness, negative flow, declining open interest, and price below VWAP across key short-to-medium horizons. Execution remained close to the quote-adjusted signal and provides about 1.04R to TP1 and 2.06R to TP2. Edge is moderated by a low-confidence CHOP regime, entry after a sharp decline near range lows, downside liquidity/reaction zones in the target path, and partial reconstructed context.",REJECT,0.78,MISS,exhaustion,"[""SHORT_ENTRY_LATE_AFTER_SHARP_5M_DECLINE"",""ENTRY_NEAR_60M_AND_240M_RANGE_LOWS"",""DOWNSIDE_LIQUIDITY_ZONES_OPPOSE_TARGET_PATH"",""TP1_REWARD_RISK_ONLY_MARGINAL"",""LOCAL_FLOW_AND_STRUCTURE_BEARISH_BUT_ALREADY_STRETCHED""]","[""ACTIVE_SWING_LOW_AND_US_LOW_ZONE_BEFORE_TP1"",""HIGH_CONFIDENCE_DOUBLE_BOTTOM_ZONE_INTERSECTS_TP2_PATH"",""SIGNIFICANT_ZONE_OVERLAPS_ENTRY_AND_TARGETS_WITH_DEGRADED_QUALITY"",""RECONSTRUCTED_PARTIAL_SNAPSHOT"",""INCOMPLETE_7D_AND_30D_HORIZONS"",""CANONICAL_POC_UNAVAILABLE""]","The short agrees with negative delta, falling open interest, sub-VWAP pricing, and expansion-down structure, but the executed entry follows a sharp decline and sits close to the observed 60m/240m lows. Active downside liquidity lies before TP1, with stronger double-bottom liquidity opposing TP2, while TP1 offers only about 1.04R. This is an unfavorable late continuation chase despite bearish flow.",SUPPORT,0.7,ALIGNED,BEARISH_MOMENTUM_CONTINUATION_SHORT,"[""SHORT_ALIGNED_WITH_EXPANSION_DOWN"",""NEGATIVE_DELTA_SUPPORTS_SELL_PRESSURE"",""PRICE_BELOW_VWAP_ACROSS_INTRADAY_HORIZONS"",""FAVORABLE_EXECUTION_VERSUS_QUOTE_ADJUSTED_SIGNAL"",""TP2_OFFERS_ABOVE_2R"",""TP1_ONLY_MARGINAL_AT_1.04R"",""DOWNSIDE_LIQUIDITY_ZONES_OBSTRUCT_TARGET_PATH""]","[""ENTRY_NEAR_INTRADAY_RANGE_LOW_AFTER_SHARP_DECLINE"",""ACTIVE_SWING_LOW_ZONE_BEFORE_TP1"",""HIGH_CONFIDENCE_DOUBLE_BOTTOM_ZONE_BEFORE_TP2"",""POSITIVE_IMBALANCE_CONFLICTS_WITH_NEGATIVE_DELTA"",""PARTIAL_RECONSTRUCTED_CONTEXT"",""INCOMPLETE_7D_AND_30D_HORIZONS"",""EXACT_ASSESSMENT_CUTOFF_UNAVAILABLE"",""PRICE_VOLUME_POC_UNAVAILABLE""]","The executed short is supported by coherent bearish intraday evidence: negative DeltaScout delta, price below VWAP from 5m through 1d, falling price and open interest, and a medium-confidence expansion-down structure. Execution was close to the quote-adjusted signal and the initial geometry provides about 1.04R to TP1 and 2.06R to TP2. Quality is reduced because entry followed a sharp decline near local range lows, with active downside liquidity around 76878-76955 before TP1 and a high-confidence double-bottom zone around 76605-76682 before TP2. Partial reconstructed broad context and the conflicting positive imbalance further limit confidence."
EX_EN_1779805524,long,NEGATIVE,SL,False,False,REJECT,0.8,ALIGNED,LATE_LONG_MOMENTUM_CHASE_INTO_RESISTANCE,"[""ADVERSE_ENTRY_SLIPPAGE"",""POOR_TP1_REWARD_RISK"",""NEAR_RANGE_HIGH"",""RESISTANCE_BEFORE_TP1"",""DECLINING_OPEN_INTEREST_ON_RALLY"",""MOMENTUM_SUPPORTS_LONG""]","[""TP1_R_0.659"",""TP2_R_1.489"",""ENTRY_0.296_PCT_ABOVE_CONVERTED_SIGNAL"",""HIGH_CONFIDENCE_RESISTANCE_0.729_PCT_ABOVE_ENTRY"",""CHOP_REGIME_LOW_CONFIDENCE"",""PARTIAL_RECONSTRUCTED_CONTEXT"",""INCOMPLETE_DEGRADED_30D_DATA"",""EXACT_ASSESSMENT_CUTOFF_UNAVAILABLE""]","REJECT the executed long entry. Short- through multi-day momentum, positive delta, above-VWAP pricing, and compression above support favor the direction, but the actual fill chased roughly 0.296% above the converted signal price while already near the top of the observed ranges. High-confidence resistance begins only about 0.729% above entry and lies before TP1, leaving TP1 at just 0.659R and TP2 at 1.489R. Falling open interest during the rally also weakens continuation quality. Partial reconstructed context limits certainty, but the execution geometry materially erodes the long edge.",REJECT,0.84,ALIGNED,exhaustion,"[""late_long_entry_near_multihorizon_extrema"",""significant_resistance_blocks_target_path"",""unfavorable_initial_reward_to_risk"",""entry_worse_than_signal"",""price_rise_with_falling_open_interest"",""local_flow_positive_but_stretched""]","[""entry_at_93.9pct_of_60m_and_240m_ranges"",""entry_at_96.9pct_of_3d_range"",""high_confidence_resistance_begins_0.73pct_above_entry"",""tp1_only_0.66R"",""tp2_only_1.49R"",""fill_0.30pct_above_signal_price"",""open_interest_declining_across_local_and_broad_horizons"",""partial_reconstructed_context"",""30d_horizon_incomplete"",""poc_unavailable_in_canonical_market_horizons""]","REJECT the executed long entry. Positive delta, imbalance, and price above VWAP support the direction, but the fill chased an already extended move near the 60m, 240m, 3d, and 7d highs. High-confidence resistance starts only about 0.73% above entry and intersects both target paths, while TP1 offers just 0.66R. Falling open interest during the advance also suggests covering-driven rather than durable continuation.",REJECT,0.84,ALIGNED,LONG_MOMENTUM_BREAKOUT_INTO_RESISTANCE_WITH_WEAK_RISK_REWARD,"[""POOR_TP1_REWARD_RISK_0_66R"",""TP2_REWARD_RISK_ONLY_1_49R"",""HIGH_CONFIDENCE_RESISTANCE_BEGINS_0_42R_ABOVE_ENTRY"",""BOTH_TARGET_PATHS_INTERSECT_RESISTANCE"",""ENTRY_WORSE_THAN_SIGNAL_BY_0_296_PERCENT"",""ENTRY_NEAR_MULTI_HORIZON_RANGE_HIGHS"",""PRICE_ABOVE_VWAP_WITH_POSITIVE_SHORT_TERM_DELTA_SUPPORTS_LONG"",""FALLING_OPEN_INTEREST_WEAKENS_RALLY_QUALITY"",""STRUCTURE_COMPRESSION_ABOVE_SUPPORT_BUT_REGIME_CHOP""]","[""MOMENTUM_CHASE_NEAR_RANGE_HIGH"",""NEARBY_OVERHEAD_RESISTANCE"",""UNFAVORABLE_INITIAL_GEOMETRY"",""PRICE_RISE_WITH_OPEN_INTEREST_CONTRACTION"",""STOP_EXTENDS_INTO_QUALIFIED_SUPPORT_ZONE"",""EXACT_ASSESSMENT_CUTOFF_UNAVAILABLE"",""RECONSTRUCTED_PARTIAL_SNAPSHOT"",""30D_HORIZON_INCOMPLETE_AND_DEGRADED"",""PRICE_VOLUME_POC_UNAVAILABLE"",""APPROXIMATE_USDT_USDC_CONVERSION""]","The long had genuine directional support: strong recent price gains, positive short-horizon delta, price above VWAP, and compression above support. However, the actual fill chased the signal by about 0.296% and occurred near the top of the 1d, 3d, and 7d ranges. High-confidence resistance began only 0.422R above entry and obstructed both targets, while TP1 offered just 0.659R and TP2 1.489R. Falling open interest during the advance also suggests short covering rather than robust new long participation. Despite favorable momentum, the executed geometry and overhead supply make this a low-quality trade."
EX_EN_1779900918,long,NEGATIVE,SL,False,False,REJECT,0.84,ALIGNED,LATE_COUNTERTREND_REBOUND_LONG,"[""LONG_CONFLICTS_WITH_HIGH_CONFIDENCE_EXPANSION_DOWN_STRUCTURE"",""BROAD_1D_3D_7D_PRICE_CONTEXT_BEARISH"",""ENTRY_FOLLOWS_SHORT_TERM_REBOUND_NEAR_LOCAL_RANGE_HIGHS"",""SIGNAL_TO_FILL_DELAY_APPROX_122_MINUTES"",""TP1_REWARD_RISK_BELOW_1R"",""TP2_INTERSECTS_SIGNIFICANT_RESISTANCE_AND_OVERHEAD_LIQUIDITY"",""STOP_PLACED_INSIDE_ACTIVE_HIGH_CONFIDENCE_DOUBLE_BOTTOM_LIQUIDITY_ZONE"",""SIGNAL_POC_VWAP_DISCONNECTED_FROM_ENTRY_MARKET_PRICE""]","[""COUNTERTREND_LONG"",""STALE_SIGNAL_AT_EXECUTION"",""LOCAL_BUY_FLOW_CONFLICTS_WITH_BROAD_DISTRIBUTION"",""TP1_R_0.759"",""OVERHEAD_RESISTANCE_BEFORE_OR_AT_TP2"",""STOP_LIQUIDITY_SWEEP_RISK"",""PARTIAL_RECONSTRUCTED_SNAPSHOT"",""EXACT_ASSESSMENT_CUTOFF_UNAVAILABLE"",""30D_HORIZON_INCOMPLETE_AND_DEGRADED"",""POC_UNAVAILABLE_IN_MARKET_MONITOR""]","REJECT: The executed long was entered about two hours after the signal into a short-term rebound near local highs, while high-confidence rolling structure and market state remained EXPANSION_DOWN and the 1d/3d/7d context was bearish. Execution geometry is also weak: TP1 offers only 0.76R, TP2 runs into significant resistance and multiple overhead liquidity zones, and the stop lies inside an active high-confidence downside liquidity zone. Positive near-term flow supports a bounce but does not establish a clear long edge against the broader structure, especially with stale and price-disconnected signal measurements and partial reconstructed context.",REJECT,0.86,ALIGNED,noisy_peak,"[""LONG_CONFLICTS_WITH_HIGH_CONFIDENCE_EXPANSION_DOWN_STRUCTURE"",""BROAD_3D_7D_DISTRIBUTION_PRESSURE_OPPOSES_LONG"",""PRICE_BELOW_1D_3D_7D_VWAP"",""SIGNAL_TO_FILL_DELAY_APPROX_2_HOURS"",""ENTRY_FOLLOWS_LOCAL_RALLY_NEAR_15M_30M_RANGE_HIGHS"",""ACTIVE_M15_SWING_HIGH_ZONE_OPPOSES_PATH_TO_TP1"",""TP1_REWARD_RISK_IS_UNFAVORABLE_AT_0.76R"",""INITIAL_STOP_OVERLAPS_DOWNSIDE_LIQUIDITY_CLUSTER""]","[""LOCAL_BUY_FLOW_CONFLICTS_WITH_BROAD_DOWNTREND"",""PEAK_VWAP_AND_POC_MEASUREMENTS_ARE_FAR_FROM_SIGNAL_PRICE"",""CANONICAL_POC_UNAVAILABLE"",""RECONSTRUCTED_PARTIAL_CONTEXT"",""EXACT_ASSESSMENT_CUTOFF_UNAVAILABLE"",""30D_HORIZON_INCOMPLETE_AND_DEGRADED"",""TP2_INTERSECTS_SIGNIFICANT_RESISTANCE_AND_MULTIPLE_LIQUIDITY_ZONES""]","Reject the long entry. Fresh local buying exists, but the fill came roughly two hours after the PEAK signal and after a short-term rally near 15m/30m highs. High-confidence expansion-down structure, broad distribution, price below major-horizon VWAPs, immediate overhead liquidity, vulnerable stop placement, and weak TP1 reward-to-risk outweigh the local momentum.",REJECT,0.86,ALIGNED,DELAYED_COUNTERTREND_LONG_WITH_WEAK_INITIAL_GEOMETRY,"[""COUNTERTREND_LONG_IN_HIGH_CONFIDENCE_EXPANSION_DOWN"",""SIGNAL_TO_FILL_DELAY_APPROX_122_MINUTES"",""TP1_REWARD_RISK_BELOW_1R"",""STOP_OVERLAPS_ACTIVE_HIGH_CONFIDENCE_DOWNSIDE_LIQUIDITY"",""UPSIDE_LIQUIDITY_OBSTACLE_BEFORE_TP1"",""TP2_INTERSECTS_SIGNIFICANT_RESISTANCE"",""LOCAL_MOMENTUM_SUPPORTS_BOUNCE"",""POSITIVE_PEAK_DELTA_AND_IMBALANCE"",""SIGNAL_POC_VWAP_INCONSISTENT_WITH_SIGNAL_PRICE""]","[""PARTIAL_RECONSTRUCTED_ASSESSMENT"",""EXACT_ASSESSMENT_CUTOFF_UNAVAILABLE"",""30D_HORIZON_INCOMPLETE_AND_DEGRADED"",""MARKET_CONTEXT_READY_WITH_PARTIAL_CONTEXT"",""POC_UNAVAILABLE_IN_MARKET_HORIZONS"",""USDT_USDC_QUOTE_CONVERSION_APPROXIMATE""]","REJECT on setup quality. The long had some credible short-term support from positive PEAK flow and a strong local rebound above short-horizon VWAPs, but the actual fill occurred roughly two hours after the signal in a high-confidence downside expansion regime. Initial geometry was weak at 0.76R to TP1, the stop sat inside active downside liquidity, and upside liquidity obstructed the path before TP1 while significant resistance intersected TP2. The signal POC/VWAP values were also far removed from the contemporaneous price, reducing confidence in those measurements. Partial historical reconstruction limits certainty, but the available evidence weighs against supporting the executed setup."
EX_EN_1780067415,long,NEGATIVE,SL,False,False,REJECT,0.75,ALIGNED,LATE_MOMENTUM_LONG_INTO_OVERHEAD_LIQUIDITY,"[""ENTRY_CHASED_ABOVE_SIGNAL"",""TP1_REWARD_RISK_BELOW_ONE"",""ENTRY_NEAR_SHORT_TERM_RANGE_HIGHS"",""IMMEDIATE_OVERHEAD_LIQUIDITY"",""BROAD_3D_7D_DISTRIBUTION_CONFLICT"",""LOCAL_MOMENTUM_POSITIVE_BUT_EXTENDED"",""SUPPORT_BELOW_ENTRY""]","[""CHOP_REGIME_LOW_CONFIDENCE"",""STOP_WITHIN_QUALIFIED_SUPPORT_ZONE"",""MIXED_SIGNIFICANT_ZONE_INTERSECTS_TARGET_PATH"",""EXACT_ASSESSMENT_CUTOFF_UNAVAILABLE"",""PARTIAL_RECONSTRUCTED_CONTEXT"",""30D_HORIZON_INCOMPLETE""]","Reject the executed long entry. Positive 5m-60m flow, price above VWAP, and nearby support favor the direction locally, but the fill was about 0.15% above the quote-adjusted signal, occurred near the top of short-term ranges, and faced several active swing-high/double-top liquidity zones almost immediately overhead. Broad 3d/7d distribution conflicts with the local rebound, while TP1 offers only 0.82R and the stop sits within the qualified support area. Partial reconstructed context limits certainty but the actual entry geometry is unfavorable.",REJECT,0.84,ALIGNED,exhaustion,"[""late_long_entry_near_60m_240m_range_highs"",""multiple_overhead_liquidity_zones_immediately_oppose_continuation"",""broad_3d_7d_flow_and_vwap_context_conflict_with_long"",""tp1_reward_to_risk_below_one"",""local_buy_flow_supports_direction_but_is_already_stretched""]","[""entry_at_95pct_of_60m_and_240m_ranges"",""active_double_top_and_swing_high_liquidity_overhead"",""3d_7d_distribution_pressure"",""price_below_3d_and_7d_vwap_approx"",""mixed_significant_zone_intersects_target_path"",""partial_reconstructed_snapshot"",""poc_unavailable_on_canonical_horizons""]","Reject the executed long as a late chase. Strong 5m-60m buying and signal VWAP/POC alignment are outweighed by entry near the 60m/240m highs, several active overhead liquidity zones beginning almost immediately above entry, bearish 3d/7d context, and sub-1R reward to TP1.",REJECT,0.8,ALIGNED,LOW_QUALITY_COUNTER_CONTEXT_MOMENTUM_LONG,"[""LONG_ENTRY_AFTER_SHARP_LOCAL_EXPANSION"",""ENTRY_NEAR_TOP_OF_INTRADAY_RANGES"",""MULTIPLE_OVERHEAD_LIQUIDITY_ZONES_WITHIN_0.11R"",""TP1_REWARD_BELOW_1R"",""BROAD_3D_7D_CONTEXT_OPPOSES_LONG"",""LOCAL_FLOW_AND_MOMENTUM_SUPPORT_LONG"",""NEARBY_HIGH_CONFIDENCE_SUPPORT_BELOW_ENTRY"",""TP2_BELOW_NEAREST_QUALIFIED_RESISTANCE""]","[""CHASE_RISK"",""LOCAL_BROAD_CONTEXT_CONFLICT"",""CHOP_REGIME_LOW_CONFIDENCE"",""OVERHEAD_SWING_HIGH_AND_DOUBLE_TOP_LIQUIDITY"",""PARTIAL_RECONSTRUCTED_CONTEXT"",""EXACT_ASSESSMENT_CUTOFF_UNAVAILABLE"",""30D_HORIZON_INCOMPLETE""]","REJECT: The long had genuine local support from positive buy flow, rising short-horizon prices, and nearby qualified support, but the actual fill occurred after a sharp expansion near the top of the 15m–4h ranges. Several active or touched swing-high and double-top liquidity zones sat almost immediately overhead, while TP1 offered only 0.82R. TP2 had acceptable 1.73R geometry and remained below qualified resistance, but broad 3d/7d distribution pressure, low-confidence chop, and the chased entry made the initial risk/reward insufficiently robust. Partial reconstructed context limits certainty."
EX_EN_1781057890,short,MIXED,SL,True,False,SUPPORT,0.78,MIXED_OUTCOME,BEARISH_EXPANSION_CONTINUATION_SHORT,"[""SHORT_ALIGNED_WITH_HIGH_CONFIDENCE_EXPANSION_DOWN"",""BEARISH_MOMENTUM_CONFIRMED_ACROSS_5M_15M_30M_60M_240M_AND_1D"",""ENTRY_BELOW_MULTI_HORIZON_VWAP"",""NEGATIVE_SIGNAL_DELTA"",""ACTUAL_SHORT_ENTRY_SLIGHTLY_BETTER_THAN_QUOTE_ADJUSTED_SIGNAL_PRICE"",""TP2_REWARD_RISK_ABOVE_2R"",""OVERHEAD_RESISTANCE_AND_BUY_SIDE_LIQUIDITY_SUPPORT_SHORT_INVALIDATION_STRUCTURE""]","[""TP1_REWARD_RISK_ONLY_1.12R"",""TARGET_PATH_CROSSES_SIGNIFICANT_SUPPORT_AND_SELL_SIDE_LIQUIDITY"",""STOP_NEAR_240M_HIGH_AND_WITHIN_TOUCHED_M15_SWING_HIGH_AREA"",""ENTRY_NEAR_LOW_END_OF_RECENT_RANGES_RAISES_EXTENSION_RISK"",""PARTIAL_RECONSTRUCTED_CONTEXT_WITH_UNKNOWN_EXACT_ASSESSMENT_CUTOFF"",""30D_INCOMPLETE_AND_7D_DEGRADED"",""USDT_USDC_QUOTE_CONVERSION_APPROXIMATE"",""MARKET_POC_UNAVAILABLE""]","The executed short has a clear directional edge: high-confidence market and structure classifiers are EXPANSION_DOWN, every complete intraday horizon is falling, and price is below VWAP from 5m through 7d. The actual entry was slightly more favorable than the quote-adjusted signal price, while TP2 offers 2.18R. Quality is reduced by nearby downside support/liquidity around TP1, a relatively thin 1.12R TP1, a stop vulnerable near the 240m high/swing-high zone, and partial reconstructed context.",REJECT,0.78,MIXED_OUTCOME,exhaustion,"[""short_aligned_with_expansion_down_regime"",""negative_delta_and_price_below_vwap_across_local_horizons"",""entry_near_60m_and_240m_range_lows"",""downside_path_opposed_by_nearby_swing_low_and_double_bottom_liquidity"",""tp1_reward_only_1.12R_after_late_extension""]","[""late_short_chase_near_local_extrema"",""significant_zones_intersect_entry_to_targets"",""reacted_swing_low_near_61020_before_tp1"",""active_high_confidence_double_bottom_near_60700"",""canonical_poc_unavailable"",""partial_reconstructed_context"",""30d_horizon_incomplete""]","The bearish regime, negative flow, and sub-VWAP pricing favor the short direction, but the actual entry follows an already extended decline near the 60m/240m lows. Nearby downside liquidity and significant zones obstruct continuation before or around TP1, leaving only 1.12R to the first target. The directional thesis is valid, but entry quality is too chase-like to support.",SUPPORT,0.83,MIXED_OUTCOME,BEARISH_EXPANSION_CONTINUATION_SHORT,"[""SHORT_ALIGNED_WITH_HIGH_CONFIDENCE_EXPANSION_DOWN"",""BEARISH_MOMENTUM_CONFIRMED_ACROSS_5M_TO_1D"",""PRICE_BELOW_VWAP_ACROSS_COMPLETE_NEAR_TERM_HORIZONS"",""NEGATIVE_SIGNAL_DELTA_AND_PRICE_BELOW_SIGNAL_VWAP_POC"",""ACTUAL_ENTRY_FAVORABLE_RELATIVE_TO_QUOTE_ADJUSTED_SIGNAL"",""POSITIVE_INITIAL_GEOMETRY_TP1_1_12R_TP2_2_18R"",""RISING_OPEN_INTEREST_DURING_NEAR_TERM_DECLINE_SUPPORTS_PARTICIPATION""]","[""TP1_REWARD_RISK_ONLY_MODEST"",""TARGET_PATH_INTERSECTS_SIGNIFICANT_AND_LOW_SIDE_LIQUIDITY_ZONES"",""STOP_NEAR_240M_HIGH_AND_INSIDE_TOUCHED_M15_SWING_HIGH_AREA"",""EXACT_ASSESSMENT_CUTOFF_UNAVAILABLE"",""PARTIAL_RECONSTRUCTED_CONTEXT_WITH_DEGRADED_7D_AND_INCOMPLETE_30D_DATA"",""POC_UNAVAILABLE_FOR_MARKET_HORIZONS""]","Support the executed short. The entry and initial geometry were directionally consistent with a high-confidence downside expansion, broad near-term selling momentum, negative DeltaScout delta, and price trading below relevant VWAP references. The actual entry was favorable versus the quote-adjusted signal and offered 1.12R to TP1 and 2.18R to TP2. Quality is reduced by reconstructed partial context, unavailable market POC, target-path liquidity and significant-zone overlap, and a stop placed close to the 240m high and within a nearby swing-high area."
EX_EN_1781221266,long,NEGATIVE,SL,False,False,SUPPORT,0.64,MISS,bullish_momentum_continuation_with_overhead_liquidity,"[""LONG_ALIGNS_WITH_EXPANSION_UP_REGIME"",""POSITIVE_SHORT_HORIZON_PRICE_AND_DELTA"",""ENTRY_ABOVE_MULTI_HORIZON_VWAP"",""BULLISH_SIGNAL_IMBALANCE"",""NEGLIGIBLE_ENTRY_SLIPPAGE"",""TP1_GEOMETRY_APPROXIMATELY_1R"",""TP2_GEOMETRY_APPROXIMATELY_2R""]","[""ENTRY_NEAR_UPPER_1D_AND_3D_RANGES"",""OVERHEAD_LIQUIDITY_BEGINS_WITHIN_0.18R"",""DOUBLE_TOP_LIQUIDITY_NEAR_0.54R"",""QUALIFIED_RESISTANCE_INTERSECTS_PATH_TO_TP2"",""OPEN_INTEREST_DECLINED_ACROSS_KEY_HORIZONS"",""STOP_PRECEDES_QUALIFIED_SUPPORT_AND_OVERLAPS_SWING_LOW_ZONE"",""RECOVERED_DEGRADED_MARKET_DATA"",""RECONSTRUCTED_PARTIAL_SNAPSHOT"",""EXACT_ASSESSMENT_CUTOFF_UNAVAILABLE"",""30D_HORIZON_INCOMPLETE"",""MARKET_POC_UNAVAILABLE""]","The executed long is directionally supported by aligned expansion-up classifiers, positive short-term price and delta, bullish signal imbalance, and price holding above VWAP across relevant horizons. Entry conversion/slippage was negligible and the initial targets provide approximately 1R and 2R. The edge is moderated by an extended range location, falling open interest, nearby swing-high/double-top liquidity before TP1, resistance on the TP2 path, and a stop placed before qualified support. Partial reconstructed and degraded evidence limits confidence.",UNCLEAR,0.78,UNCLEAR,noisy_peak,"[""LOCAL_FLOW_SUPPORTS_LONG"",""EXPANSION_UP_REGIME"",""ENTRY_ABOVE_SHORT_HORIZON_VWAPS"",""ENTRY_STRETCHED_ABOVE_SIGNAL_VWAP_AND_POC"",""NEAR_MULTI_HORIZON_RANGE_HIGHS"",""OVERHEAD_LIQUIDITY_BEFORE_TP1"",""DECLINING_OI_WEAKENS_CONTINUATION"",""TP1_ONLY_ONE_TO_ONE_REWARD_RISK""]","[""RECONSTRUCTED_PARTIAL_CONTEXT"",""RECOVERED_DEGRADED_MARKET_DATA"",""EXACT_ASSESSMENT_CUTOFF_UNAVAILABLE"",""30D_HORIZON_INCOMPLETE"",""CANONICAL_POC_UNAVAILABLE"",""SHORT_COVERING_RISK"",""SIGNIFICANT_RESISTANCE_INTERSECTS_TP2_PATH"",""STOP_ABOVE_NEAREST_SIGNIFICANT_SUPPORT""]","The long has fresh positive delta, 0.661 imbalance, and an expansion-up regime, while the actual fill was not an adverse chase versus the converted signal price. However, entry is already well above the signal VWAP/POC and near the upper portions of the 1d, 3d, and 7d ranges. Multiple active swing-high/double-top liquidity zones lie only 0.17R-0.54R overhead before TP1, and rising price alongside falling open interest suggests short-covering rather than durable participation. With heavily degraded reconstructed data and mixed continuation geometry, the edge is not reliable enough to support or definitively reject.",SUPPORT,0.68,MISS,LONG_MOMENTUM_CONTINUATION_WITH_OVERHEAD_LIQUIDITY,"[""LONG_ALIGNED_WITH_EXPANSION_UP_REGIME"",""POSITIVE_SIGNAL_DELTA_AND_BUY_IMBALANCE"",""SHORT_HORIZON_PRICE_AND_DELTA_CONFIRMATION"",""ENTRY_CLOSE_TO_QUOTE_ADJUSTED_SIGNAL_PRICE"",""TP1_HAS_CLEAR_PATH_AT_APPROXIMATELY_1R"",""TP2_APPROACHES_SIGNIFICANT_RESISTANCE""]","[""OVERHEAD_LIQUIDITY_WITHIN_FIRST_0.55R"",""TP2_INTERSECTS_RESISTANCE_BEGINNING_NEAR_1.47R"",""FALLING_OPEN_INTEREST_SUGGESTS_WEAKER_PARTICIPATION_OR_SHORT_COVERING"",""STOP_NOT_BEHIND_NEAREST_QUALIFIED_SUPPORT"",""ENTRY_NEAR_UPPER_END_OF_MULTIPLE_HORIZON_RANGES"",""MARKET_DATA_RECOVERED_DEGRADED_AND_PARTIAL"",""EXACT_ASSESSMENT_CUTOFF_UNAVAILABLE""]","SUPPORT with moderate confidence. The long was aligned with the high-confidence expansion-up regime, positive PEAK delta and buy imbalance, and strengthening 5m-60m price/delta. Execution tracked the quote-adjusted signal closely, and TP1 offered approximately 1R before the nearest significant resistance. Quality is reduced by nearby swing-high and double-top liquidity, resistance obstructing TP2, declining open interest, a stop placed above rather than beyond qualified support, elevated range position, and reconstructed degraded market context."
EX_EN_1781615351,short,MIXED,SL,True,False,SUPPORT,0.74,MIXED_OUTCOME,SHORT_MOMENTUM_MARKDOWN,"[""SHORT_ALIGNED_WITH_LOCAL_SELL_FLOW"",""MULTI_HORIZON_BEARISH_PRICE_MOMENTUM"",""PRICE_BELOW_VWAP_ON_5M_15M_30M_60M_240M_1D"",""MARKDOWN_STRUCTURE_ABOVE_SUPPORT"",""TARGETS_BEFORE_NEAREST_QUALIFIED_SUPPORT"",""EXECUTION_WORSE_THAN_SIGNAL_FOR_SHORT"",""TP1_REWARD_BELOW_1R""]","[""BROAD_3D_7D_ACCUMULATION_CONFLICT"",""ENTRY_AND_TARGET_PATH_INSIDE_MIXED_SIGNIFICANT_ZONE"",""DOWNSIDE_LIQUIDITY_NEAR_TP1_MAY_SUPPORT_PRICE"",""STOP_NEAR_UPSIDE_LIQUIDITY_ZONE"",""PARTIAL_RECONSTRUCTED_SNAPSHOT"",""EXACT_ASSESSMENT_CUTOFF_UNAVAILABLE"",""DEGRADED_LONG_HORIZON_DATA"",""30D_HORIZON_INCOMPLETE"",""POC_UNAVAILABLE""]","Support the short direction: raw 5m through 240m observations show falling price, negative delta, closes near range lows, and price below VWAP, consistent with markdown structure. The entry still has room before qualified support, but execution was about 0.128% worse than the converted signal price, TP1 offers only 0.75R, downside liquidity clusters near TP1, and broad 3d/7d accumulation plus partial reconstructed data reduce confidence.",UNCLEAR,0.82,MIXED_OUTCOME,noisy_peak,"[""LOCAL_SELL_FLOW_SUPPORTS_SHORT"",""PRICE_BELOW_5M_15M_30M_60M_240M_VWAP"",""MARKDOWN_ABOVE_SUPPORT_STRUCTURE"",""ENTRY_NEAR_60M_AND_240M_RANGE_LOW"",""BROAD_3D_7D_ACCUMULATION_CONFLICTS_WITH_LOCAL_FLOW"",""DOWNSIDE_LIQUIDITY_ZONES_INTERSECT_TARGET_PATH"",""SUBUNIT_TP1_REWARD_RISK""]","[""LATE_SHORT_CHASE_NEAR_LOCAL_EXTREMA"",""ACTUAL_SHORT_ENTRY_WORSE_THAN_SIGNAL_PRICE"",""HIGH_SEVERITY_LOCAL_VS_BROAD_CONTEXT_CONFLICT"",""3D_7D_AND_1D_DATA_RECOVERED_DEGRADED"",""RECONSTRUCTED_PARTIAL_SNAPSHOT"",""EXACT_ASSESSMENT_CUTOFF_UNAVAILABLE"",""POC_UNAVAILABLE_FOR_CANONICAL_HORIZONS"",""SIGNIFICANT_MIXED_ZONE_SPANS_ENTRY_AND_TARGETS"",""TP1_R_BELOW_1""]","The short has strong fresh local sell flow and trades below local and 240m VWAPs, but the actual entry is a chase near the 60m/240m lows. Broad 3d/7d accumulation conflicts with continuation, downside liquidity zones obstruct the target path, and TP1 offers only 0.75R. Reconstructed and degraded context prevents a reliable directional edge.",SUPPORT,0.7,MIXED_OUTCOME,bearish_momentum_continuation_with_degraded_entry,"[""STRONG_LOCAL_BEARISH_PRICE_ALIGNMENT"",""NEGATIVE_DELTA_ACROSS_5M_TO_240M"",""PRICE_BELOW_VWAP_ACROSS_LOCAL_HORIZONS"",""SIGNAL_PRICE_BELOW_SIGNAL_VWAP_AND_POC"",""TP2_BEFORE_NEAREST_QUALIFIED_SUPPORT"",""ACTUAL_FILL_DEGRADED_SHORT_GEOMETRY""]","[""TP1_REWARD_BELOW_1R"",""SHORT_ENTRY_NEAR_LOCAL_RANGE_LOWS"",""BROAD_3D_7D_ACCUMULATION_CONFLICT"",""DOWNSIDE_LIQUIDITY_ZONES_NEAR_TARGET_PATH"",""STOP_NEAR_OVERHEAD_SWING_HIGH_LIQUIDITY"",""PARTIAL_RECONSTRUCTED_MARKET_CONTEXT"",""EXACT_ASSESSMENT_CUTOFF_UNAVAILABLE"",""DEGRADED_LONG_HORIZON_DATA""]","SUPPORT, but only as a moderate-quality bearish continuation setup. Raw 5m through 240m observations consistently showed falling price, negative delta, and price below VWAP, while the signal also formed below its VWAP and POC. The actual short fill was worse than the signal-relative execution price, reducing TP1 to 0.75R and leaving the entry near already-extended local lows. Broad 3d/7d accumulation, nearby downside liquidity, and partial reconstructed context limit confidence, though TP2 remained above the nearest qualified support."
EX_EN_1782076213,short,NEGATIVE,SL,False,False,SUPPORT,0.78,MISS,bearish_momentum_continuation_into_support,"[""SHORT_ALIGNS_WITH_MARKDOWN_STRUCTURE"",""ROLLING_DISTRIBUTION_REGIME"",""BEARISH_MULTI_HORIZON_PRICE_ACTION"",""NEGATIVE_LOCAL_ORDER_FLOW"",""ENTRY_BELOW_LOCAL_AND_DAILY_VWAP"",""TP1_POSITIONED_JUST_ABOVE_QUALIFIED_SUPPORT"",""FAVORABLE_EXECUTION_VERSUS_SIGNAL"",""INITIAL_GEOMETRY_OFFERS_1R_TP1_AND_2R_TP2""]","[""ENTRY_NEAR_SHORT_TERM_RANGE_LOW"",""TP2_INTERSECTS_HIGH_CONFIDENCE_SUPPORT"",""STOP_OVERLAPS_ACTIVE_SWING_HIGH_AND_DOUBLE_TOP_LIQUIDITY"",""BROAD_3D_ACCUMULATION_CONTEXT_CONFLICT"",""EXACT_ASSESSMENT_CUTOFF_UNAVAILABLE"",""RECONSTRUCTED_PARTIAL_SNAPSHOT"",""DEGRADED_LONG_HORIZON_DATA"",""PRICE_VOLUME_POC_UNAVAILABLE""]","SUPPORT the executed short. The fill aligns with medium-confidence distribution and markdown structure, strongly bearish 5m-4h price action, negative local delta, and price trading below VWAP across intraday and daily horizons. Execution was effectively at the converted signal price, with balanced 1R/2R initial geometry; TP1 sits just above the nearest qualified support. Edge is moderated by entry near recent lows, TP2 extending into that support zone, the stop overlapping overhead liquidity, conflicting 3d accumulation evidence, and reconstructed/degraded data quality.",REJECT,0.78,ALIGNED,exhaustion,"[""SHORT_ALIGNED_WITH_LOCAL_NEGATIVE_DELTA"",""PRICE_BELOW_SIGNAL_AND_CANONICAL_VWAPS"",""ENTRY_NEAR_60M_240M_AND_1D_RANGE_LOWS"",""LATE_ENTRY_AFTER_SHARP_LOCAL_DECLINE"",""SIGNIFICANT_SUPPORT_LIMITS_DOWNSIDE_EDGE"",""SIGNAL_IMBALANCE_CONFLICTS_WITH_SHORT"",""BROAD_3D_7D_FLOW_CONFLICTS_WITH_LOCAL_SELLING""]","[""late_chase_near_local_extrema"",""high_confidence_support_near_tp1_and_intersecting_tp2_path"",""entry_inside_recovered_degraded_significant_zone"",""positive_signal_imbalance"",""broad_accumulation_context_conflict"",""reconstructed_partial_snapshot"",""degraded_multi_day_data"",""market_poc_unavailable""]","The short agrees with strong local selling, markdown structure, and price below VWAP/POC references, but the actual fill follows an approximately 1% hourly decline and sits near the 60m, 240m, and 1d lows. A high-confidence support zone begins essentially at TP1 and obstructs TP2, while positive signal imbalance and broader 3d/7d accumulation flow weaken continuation confidence. This is a late short with insufficient fresh edge.",SUPPORT,0.77,MISS,LOCAL_MARKDOWN_CONTINUATION_SHORT,"[""SHORT_ALIGNED_WITH_STRONG_LOCAL_SELL_FLOW"",""PRICE_BELOW_VWAP_ACROSS_5M_15M_30M_60M_240M_AND_1D"",""MULTI_HORIZON_PRICE_DECLINE_NEAR_RANGE_LOWS"",""SIGNAL_PRICE_BELOW_SIGNAL_VWAP_AND_POC"",""DISTRIBUTION_AND_MARKDOWN_STRUCTURE_SUPPORT_SHORT"",""ENTRY_TRACKED_SIGNAL_WITH_NEGLIGIBLE_CONVERSION_ADJUSTED_SLIPPAGE"",""DEFINED_1R_TP1_AND_2R_TP2_GEOMETRY"",""TP1_POSITIONED_JUST_BEFORE_QUALIFIED_SUPPORT""]","[""ENTRY_AFTER_EXTENDED_LOCAL_DECLINE_NEAR_INTRADAY_LOW"",""TP2_INTERSECTS_HIGH_CONFIDENCE_SUPPORT"",""STOP_LIES_WITHIN_CLUSTERED_SWING_HIGH_AND_DOUBLE_TOP_LIQUIDITY_ZONES"",""BROAD_3D_ACCUMULATION_CONTEXT_CONFLICTS_WITH_LOCAL_SELL_FLOW"",""ENTRY_AND_TP_PATH_OVERLAP_A_DEGRADED_SIGNIFICANT_ZONE"",""EXACT_ASSESSMENT_CUTOFF_UNAVAILABLE"",""RECONSTRUCTED_PARTIAL_SNAPSHOT_WITH_DEGRADED_LONG_HORIZON_DATA"",""POC_UNAVAILABLE_FOR_MARKET_HORIZONS""]","The executed short is supported by coherent local evidence: strong negative price and flow across 5m through 240m, closes near horizon lows, persistent trading below VWAP, and medium-confidence distribution/markdown classifications. Execution closely matched the converted signal price and retained clear 1R/2R geometry. TP1 sits just above qualified support and is structurally more credible than TP2, which enters that support. Quality is reduced by chasing an already extended decline, a stop embedded in overhead liquidity, conflicting 3d accumulation context, and the reconstructed/degraded snapshot."
EX_EN_1782306796,short,STRONG_FAVORABLE,SL,True,True,SUPPORT,0.67,ALIGNED,bearish_momentum_continuation_into_nearby_support,"[""FAILED_BREAKOUT_SELLER_RECLAIM"",""BEARISH_MULTI_HORIZON_MOMENTUM"",""PRICE_BELOW_VWAP_AND_SIGNAL_POC"",""PRECISE_SIGNAL_TO_FILL_ALIGNMENT"",""RESISTANCE_ABOVE_SUPPORTS_SHORT_INVALIDATION"",""DOWNSIDE_SUPPORT_LIMITS_REWARD_QUALITY""]","[""ENTRY_NEAR_MULTI_HORIZON_RANGE_LOWS"",""ACTIVE_DOUBLE_BOTTOM_LIQUIDITY_0.064R_BELOW_ENTRY"",""SIGNIFICANT_SUPPORT_BEGINS_0.393R_BELOW_ENTRY"",""TP1_AND_TP2_PATHS_INTERSECT_HIGH_CONFIDENCE_SUPPORT"",""ROLLING_REGIME_CHOP_LOW_CONFIDENCE"",""PARTIAL_RECONSTRUCTED_SNAPSHOT"",""RECOVERED_DEGRADED_LONG_HORIZON_DATA"",""EXACT_ASSESSMENT_CUTOFF_UNAVAILABLE"",""POC_UNAVAILABLE_FOR_MARKET_HORIZONS""]","SUPPORT the short direction with moderate confidence. The fill closely matched the quote-adjusted signal price, while seller-reclaim structure, negative price action across 5m through 7d, and trading below horizon VWAPs and the signal POC provide bearish alignment. Entry quality is constrained by an already extended position near range lows: active double-bottom liquidity sits just below entry and high-confidence support begins about 0.39R lower, obstructing both targets and weakening the nominal 1R/2R geometry. Partial reconstructed and degraded evidence further caps confidence.",REJECT,0.86,MISS,exhaustion,"[""SHORT_ALIGNS_WITH_NEGATIVE_DELTA_AND_BELOW_VWAP"",""FAILED_BREAKOUT_SELLER_RECLAIM_FAVORS_DOWNSIDE"",""ENTRY_IS_LATE_NEAR_60M_240M_AND_BROAD_RANGE_LOWS"",""ACTIVE_DOUBLE_BOTTOM_LIQUIDITY_IMMEDIATELY_BELOW_ENTRY"",""HIGH_CONFIDENCE_SUPPORT_OPPOSES_BOTH_TARGET_PATHS"",""SIGNAL_IMBALANCE_CONFLICTS_WITH_SHORT_CONTINUATION"",""TP1_REQUIRES_TRADING_THROUGH_SUPPORT_FOR_ONLY_1R""]","[""LATE_CHASE_AFTER_SHARP_SELL_OFF"",""ENTRY_ONLY_0.064R_ABOVE_ACTIVE_DOUBLE_BOTTOM_ZONE"",""SIGNIFICANT_SUPPORT_BEGINS_ABOUT_0.39R_BELOW_ENTRY"",""PRICE_STRETCHED_BELOW_VWAP_ACROSS_MULTIPLE_HORIZONS"",""POC_UNAVAILABLE_IN_CANONICAL_HORIZONS"",""RECONSTRUCTED_PARTIAL_SNAPSHOT"",""DEGRADED_ZONE_AND_30D_DATA""]","The bearish structure, negative flow, and below-VWAP positioning support the direction, but the executed short is a late chase near multi-horizon lows. Immediate double-bottom liquidity and high-confidence support obstruct continuation well before TP1, while positive signal imbalance adds conflict. The entry quality is therefore unfavorable despite the broader bearish trend.",REJECT,0.78,MISS,bearish_momentum_continuation_into_nearby_support,"[""BEARISH_MULTI_HORIZON_ALIGNMENT"",""SELLER_RECLAIM_STRUCTURE"",""ENTRY_BELOW_VWAP_ACROSS_HORIZONS"",""NEGATIVE_SIGNAL_DELTA"",""ACCEPTABLE_1R_2R_NOMINAL_GEOMETRY"",""SHORT_ENTERED_NEAR_RANGE_LOW"",""IMMEDIATE_DOUBLE_BOTTOM_LIQUIDITY_OBSTACLE"",""HIGH_CONFIDENCE_SUPPORT_BEFORE_TP1"",""TARGET_PATH_CROSSES_SIGNIFICANT_SUPPORT""]","[""TP1_ONLY_1_TO_1_REWARD_RISK"",""ACTIVE_SUPPORT_LIQUIDITY_0_064R_BELOW_ENTRY"",""QUALIFIED_SUPPORT_BEGINS_0_393R_BELOW_ENTRY"",""ENTRY_AFTER_SHARP_DOWNSIDE_EXTENSION"",""CHOP_REGIME_LOW_CONFIDENCE"",""PARTIAL_RECONSTRUCTED_ASSESSMENT"",""EXACT_JUDGE_CUTOFF_UNAVAILABLE"",""RECOVERED_DEGRADED_DATA_PRESENT"",""POC_UNAVAILABLE_FOR_MARKET_HORIZONS""]","REJECT despite strong bearish alignment: the short agreed with negative flow, seller-reclaim structure, and prices below VWAP across observed horizons, while the initial stop and targets provided nominal 1R/2R geometry. However, execution occurred near the lows after a sharp decline, with active double-bottom liquidity only about 0.064R below entry and high-confidence support beginning about 0.393R below entry. That support intersects both target paths, materially weakening the practical quality of the 1R TP1 and increasing bounce risk. Partial reconstruction and degraded evidence reduce certainty but do not outweigh the poor location."
EX_EN_1782477849,short,NEGATIVE,SL,False,False,SUPPORT,0.78,MISS,SHORT_MOMENTUM_CONTINUATION,"[""SHORT_ALIGNS_WITH_HIGH_CONFIDENCE_EXPANSION_DOWN"",""BEARISH_MOMENTUM_ACROSS_5M_TO_30D_HORIZONS"",""PRICE_BELOW_VWAP_ACROSS_ALL_REPORTED_HORIZONS"",""NEGATIVE_SIGNAL_DELTA"",""EXECUTION_PRICE_FAVORABLE_VS_QUOTE_ADJUSTED_SIGNAL_PRICE"",""TP2_OFFERS_ABOVE_2R_REWARD""]","[""ENTRY_NEAR_SHORT_TERM_AND_MULTI_HOUR_RANGE_LOWS"",""DOWNSIDE_LIQUIDITY_ZONES_INTERSECT_TARGET_PATH"",""TP1_REWARD_RISK_ONLY_1.11R"",""ENTRY_INSIDE_RECOVERED_DEGRADED_SIGNIFICANT_ZONE"",""PARTIAL_RECONSTRUCTED_SNAPSHOT"",""EXACT_ASSESSMENT_CUTOFF_UNAVAILABLE"",""DEGRADED_LONGER_HORIZON_DATA"",""USDT_TO_USDC_CONVERSION_APPROXIMATE"",""POC_DISTRIBUTION_UNAVAILABLE""]","The executed short has a clear directional edge: high-confidence market and structure states are EXPANSION_DOWN, every reported horizon is negative and below VWAP, and the signal delta is bearish. The actual USDC entry is also better for a short than the quote-adjusted signal price, while TP2 provides about 2.16R. Quality is reduced by entry near range lows, downside liquidity/support along the target path, modest 1.11R to TP1, and reconstructed/degraded evidence.",REJECT,0.82,ALIGNED,exhaustion,"[""short_entry_is_late_chase_after_sharp_selloff"",""entry_near_5m_15m_60m_240m_range_lows"",""active_downside_liquidity_and_double_bottom_zones_oppose_continuation"",""tp1_reward_risk_is_only_1.11R"",""local_open_interest_contraction_suggests_liquidation_driven_flush"",""bearish_structure_delta_and_vwap_alignment_are_already_stretched""]","[""active_double_bottom_liquidity_near_tp1"",""significant_mixed_zone_intersects_target_path"",""broad_horizon_data_recovered_degraded"",""exact_assessment_cutoff_unavailable"",""canonical_horizon_poc_unavailable""]","The short aligns with expansion-down structure, negative delta, and prices below signal and horizon VWAPs, but the executed entry is effectively at the 5m through 240m lows after an abrupt decline. Immediate downside swing-low and double-bottom liquidity obstructs the target path, while TP1 offers only 1.11R. This is a stretched continuation chase rather than a fresh high-quality entry.",SUPPORT,0.75,MISS,BEARISH_MOMENTUM_CONTINUATION_SHORT,"[""SHORT_ALIGNED_WITH_HIGH_CONFIDENCE_EXPANSION_DOWN_REGIME"",""BEARISH_PRICE_AND_DELTA_ACROSS_MULTIPLE_RAW_HORIZONS"",""ENTRY_BELOW_SIGNAL_VWAP_AND_MULTI_HORIZON_VWAPS"",""ACTUAL_ENTRY_GEOMETRY_FAVORABLE_VERSUS_CONVERTED_SIGNAL_PRICE"",""OVERHEAD_RESISTANCE_SUPPORTS_SHORT_INVALIDATION_STRUCTURE"",""TP2_OFFERS_ABOVE_2R_REWARD""]","[""TP1_REWARD_RISK_ONLY_1.11R"",""ENTRY_FOLLOWS_SHARP_DOWNSIDE_EXTENSION_NEAR_LOCAL_RANGE_LOW"",""ACTIVE_DOWNSIDE_LIQUIDITY_ZONES_MAY_IMPEDE_TARGET_PATH"",""STOP_POSITIONED_WITHIN_BROAD_SIGNIFICANT_RESISTANCE_ZONE"",""RECONSTRUCTED_PARTIAL_SNAPSHOT_WITH_DEGRADED_LONG_HORIZONS"",""EXACT_ASSESSMENT_CUTOFF_UNAVAILABLE"",""PRICE_VOLUME_POC_UNAVAILABLE_FOR_MARKET_HORIZONS""]","SUPPORT: The executed short was directionally consistent with a high-confidence expansion-down regime, broad negative price action and delta, and prices materially below VWAP across relevant horizons. Entry conversion and geometry were acceptable, with TP2 at about 2.16R and overhead resistance providing a logical invalidation area. Quality is reduced by the late, near-range-low entry, modest 1.11R TP1, multiple active downside liquidity zones, and reconstructed/degraded context."
EX_EN_1782740830,short,MIXED,SL,True,False,SUPPORT,0.72,MIXED_OUTCOME,bearish_momentum_continuation_short,"[""SHORT_ALIGNS_WITH_EXPANSION_DOWN_REGIME"",""BELOW_VWAP_ACROSS_ALL_REPORTED_HORIZONS"",""BROAD_AND_LOCAL_PRICE_MOMENTUM_BEARISH"",""NEGATIVE_SIGNAL_DELTA_SUPPORTS_SELL_PRESSURE"",""NEARBY_OVERHEAD_RESISTANCE_SUPPORTS_SHORT_INVALIDATION"",""ACTUAL_FILL_PRICE_FAVORABLE_VS_CONVERTED_SIGNAL_PRICE"",""TP1_REWARD_RISK_ONLY_1_16R"",""DOWNSIDE_PATH_CROSSES_MULTIPLE_LIQUIDITY_ZONES""]","[""ENTRY_AFTER_SHARP_DECLINE_NEAR_LOCAL_RANGE_LOW"",""MULTIPLE_REACTED_OR_ACTIVE_SWING_LOW_ZONES_BELOW_ENTRY"",""SIGNIFICANT_ZONE_OVERLAPS_ENTRY_TO_TARGET_PATH"",""EXACT_ASSESSMENT_CUTOFF_UNAVAILABLE"",""RECONSTRUCTED_PARTIAL_SNAPSHOT"",""DEGRADED_7D_30D_AND_ZONE_DATA"",""MARKET_CUTOFF_PRECEDES_OBSERVED_FILL_TIME"",""POC_UNAVAILABLE_IN_MARKET_MONITOR""]","SUPPORT the executed short with moderate confidence. The fill aligns with medium-confidence expansion-down structure, strong 15m-7d bearish momentum, negative signal delta, and price below VWAP across every reported horizon. The actual fill was also about 104 USDC above the converted signal price, improving short geometry. Edge is tempered by entry near recent range lows after a sharp selloff, several downside liquidity/support zones, only 1.16R to TP1, and reconstructed/degraded evidence with no exact assessment cutoff.",REJECT,0.78,MIXED_OUTCOME,exhaustion,"[""short_aligned_with_expansion_down_structure"",""price_below_signal_and_canonical_vwaps"",""negative_delta_supports_selling_pressure"",""entry_late_near_60m_and_240m_lows"",""multiple_downside_liquidity_zones_oppose_continuation"",""tp1_requires_break_below_observed_30d_low"",""tp1_reward_risk_only_1.16R""]","[""late_chase_after_sharp_local_decline"",""entry_inside_significant_mixed_rebalance_zone"",""immediate_reacted_swing_low_support"",""high_confidence_double_bottom_liquidity_below_entry"",""partial_reconstructed_snapshot"",""recovered_degraded_long_horizon_data"",""canonical_poc_unavailable""]","The short agrees with bearish structure, negative flow, and price trading below VWAP, but the executed entry is a late chase near the 60m/240m lows. Several reacted swing-low and double-bottom liquidity zones obstruct the downside, while TP1 lies beyond the observed 30d low for only 1.16R. The continuation edge is not strong enough at this fill.",SUPPORT,0.72,MIXED_OUTCOME,bearish_momentum_continuation_short,"[""BEARISH_MULTI_HORIZON_ALIGNMENT"",""EXPANSION_DOWN_REGIME"",""PRICE_BELOW_VWAP_ACROSS_KEY_HORIZONS"",""NEGATIVE_SIGNAL_DELTA"",""FAVORABLE_SHORT_ENTRY_SLIPPAGE"",""TP2_REWARD_RISK_ABOVE_2R"",""OVERHEAD_RESISTANCE_SUPPORTS_SHORT_THESIS""]","[""TP1_REWARD_RISK_ONLY_1.16R"",""ENTRY_AFTER_SHARP_DOWNSIDE_EXTENSION"",""MULTIPLE_DOWNSIDE_LIQUIDITY_ZONES_IN_TARGET_PATH"",""TP1_BELOW_RECENT_1D_LOW"",""TP2_BEYOND_30D_LOW"",""STOP_INSIDE_BROAD_RESISTANCE_ZONE"",""PARTIAL_RECONSTRUCTED_SNAPSHOT"",""EXACT_ASSESSMENT_CUTOFF_UNKNOWN"",""DEGRADED_LONG_HORIZON_DATA"",""POC_UNAVAILABLE_FOR_MARKET_HORIZONS""]","SUPPORT: The short aligned with an EXPANSION_DOWN market and structure state, broad negative price action, and price trading below VWAP on the principal intraday through multi-day horizons. The actual fill was higher than the quote-adjusted signal price, improving short-side geometry, while TP2 offered about 2.24R. Quality is not exceptional: the entry followed a sharp decline near local range lows, several swing-low and liquidity zones obstructed the target path, TP1 offered only 1.16R, and both targets required substantial downside extension. The stop also sat within broad overhead resistance rather than clearly beyond it. Reconstruction and degraded longer-horizon data reduce confidence, but the contemporaneous directional evidence still supports the executed setup."
EX_EN_1784376441,long,STRONG_FAVORABLE,SL,True,True,SUPPORT,0.72,ALIGNED,LONG_MOMENTUM_CONTINUATION,"[""LONG_ALIGNED_WITH_EXPANSION_UP_STRUCTURE"",""POSITIVE_5M_TO_240M_PRICE_MOMENTUM"",""PRICE_ABOVE_SHORT_AND_DAILY_VWAP"",""ACTUAL_ENTRY_IMPROVED_VERSUS_CONVERTED_SIGNAL_PRICE"",""TP1_BEFORE_NEAREST_HIGH_CONFIDENCE_RESISTANCE"",""ACCEPTABLE_INITIAL_REWARD_RISK""]","[""ENTRY_NEAR_UPPER_END_OF_INTRADAY_AND_DAILY_RANGES"",""TP2_INTERSECTS_HIGH_CONFIDENCE_RESISTANCE"",""STOP_LIES_WITHIN_CLUSTERED_SUPPORT_AND_LIQUIDITY_AREA"",""THREE_DAY_CONTEXT_REMAINS_NEGATIVE"",""RECONSTRUCTED_PARTIAL_SNAPSHOT"",""DEGRADED_LONG_HORIZON_DATA"",""EXACT_ASSESSMENT_CUTOFF_UNAVAILABLE"",""POC_UNAVAILABLE_FOR_MARKET_HORIZONS""]","SUPPORT for the executed long: the fill improved on the quote-converted signal price, short-to-daily momentum and the medium-confidence structure favor upside, and TP1 offers 1.31R before the nearest high-confidence resistance. Conviction is moderated by an extended range position, TP2 entering resistance, a stop embedded in clustered downside liquidity/support, mixed three-day context, and reconstructed degraded evidence.",UNCLEAR,0.78,UNCLEAR,noisy_peak,"[""local_flow_supports_long"",""expansion_up_structure"",""entry_improved_vs_signal"",""entry_near_60m_240m_and_1d_highs"",""high_confidence_double_top_liquidity_before_tp1"",""broad_flow_conflicts_with_local_momentum"",""tp2_intersects_significant_resistance""]","[""late_chase_risk"",""immediate_overhead_liquidity"",""1d_price_rise_with_negative_delta_and_falling_open_interest"",""3d_negative_price_delta_and_open_interest"",""entry_extended_above_signal_and_1d_vwap"",""reconstructed_partial_snapshot"",""degraded_7d_and_30d_data"",""poc_unavailable_for_market_horizons""]","The long has fresh local buying pressure, positive short-horizon delta, and expansion-up structure, with an improved fill. However, the entry is already near the 60m, 240m, and 1d highs, while a high-confidence double-top liquidity zone sits only about 0.27% above entry and before TP1. Negative 1d/3d delta and falling open interest suggest the rise may be partly short-covering, and significant resistance obstructs TP2. Mixed broad context plus reconstructed/degraded evidence prevents a reliable directional edge.",SUPPORT,0.7,ALIGNED,LONG_MOMENTUM_CONTINUATION_WITH_OVERHEAD_LIQUIDITY,"[""POSITIVE_PEAK_ORDER_FLOW"",""PRICE_ABOVE_SIGNAL_VWAP_AND_POC"",""SHORT_HORIZON_UPWARD_MOMENTUM"",""EXPANSION_UP_STRUCTURE_ALIGNMENT"",""ENTRY_IMPROVED_VERSUS_SIGNAL"",""STOP_POSITIONED_BELOW_NEARBY_SUPPORT_LIQUIDITY"",""POSITIVE_INITIAL_REWARD_TO_RISK""]","[""ENTRY_NEAR_SHORT_AND_DAILY_RANGE_HIGHS"",""OVERHEAD_LIQUIDITY_BEFORE_TP1"",""SIGNIFICANT_RESISTANCE_INTERSECTS_TP2_PATH"",""TP1_REWARD_ONLY_1_31R"",""ONE_DAY_PRICE_UP_WITH_NEGATIVE_DELTA_AND_OPEN_INTEREST"",""PARTIAL_RECONSTRUCTED_SNAPSHOT"",""EXACT_ASSESSMENT_CUTOFF_UNAVAILABLE"",""DEGRADED_LONG_HORIZON_DATA""]","SUPPORT: The long had positive PEAK flow evidence, price above signal VWAP and POC, aligned short-horizon momentum, and a materially improved actual entry. Initial geometry was acceptable at 1.31R to TP1 and 2.47R to TP2, with the stop just below nearby support/liquidity structure. Quality is tempered by an extended entry near local highs, overhead liquidity before TP1, significant resistance obstructing TP2, one-day price/order-flow divergence, and the partial reconstructed snapshot."
EX_EN_1785025567,long,MIXED,SL,True,False,SUPPORT,0.67,MIXED_OUTCOME,LONG_LOCAL_MOMENTUM_FROM_COMPRESSION,"[""LONG_SIGNAL_CONFIRMED_BY_POSITIVE_DELTA_AND_IMBALANCE"",""LOCAL_5M_TO_240M_PRICE_MOMENTUM_POSITIVE"",""PRICE_ABOVE_LOCAL_VWAP"",""COMPRESSION_ABOVE_SUPPORT_WITH_UP_BIAS"",""ACTUAL_ENTRY_IMPROVED_VERSUS_QUOTE_ADJUSTED_SIGNAL_PRICE"",""TP2_REWARD_RISK_ABOVE_2R"",""QUALIFIED_RESISTANCE_LIES_BEYOND_BOTH_TARGETS""]","[""TP1_REWARD_RISK_ONLY_1.14R"",""ENTRY_NEAR_SHORT_TERM_AND_1D_RANGE_HIGHS"",""LOCAL_PRICE_ADVANCE_ACCOMPANIED_BY_DECLINING_OPEN_INTEREST"",""3D_DISTRIBUTION_PRESSURE_AND_7D_MIXED_CONTEXT"",""HIGH_CONFIDENCE_SUPPORT_IS_FAR_BELOW_INITIAL_STOP"",""TARGET_PATH_OVERLAPS_RECOVERED_DEGRADED_SIGNIFICANT_ZONES"",""PARTIAL_RECONSTRUCTED_SNAPSHOT"",""EXACT_ASSESSMENT_CUTOFF_UNAVAILABLE"",""MARKET_DATA_PRECEDES_OBSERVED_FILL_BY_APPROXIMATELY_15_SECONDS"",""POC_UNAVAILABLE_FOR_MARKET_HORIZONS""]","SUPPORT the executed long with moderate confidence. Positive short-horizon price action and buy delta, price above local VWAP, an upward compression bias, a slightly improved fill, and no qualified resistance before TP2 provide directional edge. The edge is constrained by entry near local highs, falling short-term open interest, conflicting 3d/7d context, weak TP1 geometry, distant high-confidence support, and reconstructed/degraded evidence.",UNCLEAR,0.78,MIXED_OUTCOME,noisy_peak,"[""LONG_ALIGNS_WITH_POSITIVE_5M_TO_240M_DELTA"",""ENTRY_AND_MARKET_ABOVE_LOCAL_VWAPS"",""SIGNAL_IMBALANCE_FAVORS_BUYERS"",""ENTRY_IMPROVED_VERSUS_SIGNAL_PRICE"",""BROAD_3D_7D_TREND_AND_VWAP_CONFLICT_WITH_LONG"",""LOCAL_OPEN_INTEREST_DECLINES_DURING_PRICE_ADVANCE"",""ENTRY_NEAR_60M_240M_AND_1D_RANGE_HIGHS"",""ZONE_GEOMETRY_MIXED_AND_PARTLY_DEGRADED""]","[""LATE_CHASE_RISK_NEAR_LOCAL_EXTREMA"",""BROAD_DISTRIBUTION_CONTEXT"",""SHORT_COVERING_RISK_FROM_FALLING_LOCAL_OI"",""TP1_REWARD_RISK_ONLY_1.14R"",""TARGET_PATH_INTERSECTS_SIGNIFICANT_MIXED_ZONES"",""POC_UNAVAILABLE_IN_CANONICAL_MARKET_HORIZONS"",""RECONSTRUCTED_PARTIAL_SNAPSHOT"",""EXACT_ASSESSMENT_CUTOFF_UNAVAILABLE""]","The long has fresh local buy flow, favorable signal imbalance, and an actual fill below the signal price, but it was entered near the 60m, 240m, and 1d highs. Falling local open interest weakens continuation quality, while the 3d/7d price and VWAP context remains adverse. Mixed degraded zones and reconstructed timing prevent a reliable directional edge.",SUPPORT,0.74,MIXED_OUTCOME,LOCAL_MOMENTUM_LONG_WITH_BROAD_CONTEXT_CONFLICT,"[""PEAK_BUY_FLOW_SIGNAL"",""POSITIVE_LOCAL_DELTA_AND_IMBALANCE"",""SHORT_HORIZON_PRICE_ABOVE_VWAP"",""SHORT_HORIZON_UPWARD_MOMENTUM"",""ENTRY_IMPROVED_VERSUS_CONVERTED_SIGNAL_PRICE"",""TP2_REWARD_RISK_ABOVE_2R"",""TARGETS_BELOW_NEAREST_QUALIFIED_RESISTANCE"",""STOP_ALIGNED_NEAR_240M_STRUCTURAL_LOW""]","[""TP1_REWARD_RISK_ONLY_1_14R"",""ENTRY_NEAR_SHORT_HORIZON_RANGE_HIGHS"",""SHORT_HORIZON_OPEN_INTEREST_DECLINING"",""NEGATIVE_1D_DELTA_DIVERGENCE"",""3D_7D_CONTEXT_CONFLICTS_WITH_LONG"",""STOP_CLOSE_TO_DOWNSIDE_LIQUIDITY"",""OVERLAPPING_DEGRADED_SIGNIFICANT_ZONES"",""PARTIAL_RECONSTRUCTED_SNAPSHOT"",""EXACT_ASSESSMENT_CUTOFF_UNAVAILABLE""]","SUPPORT: The long had coherent PEAK buy-flow evidence, positive 5m-60m momentum and delta, prices above local VWAPs, and a slightly improved actual entry. Initial geometry was acceptable: TP2 offered 2.21R and both targets remained below qualified resistance, while the stop sat near the 240m low. Quality is reduced by a marginal 1.14R TP1, entry near local range highs, falling short-term open interest, negative 1d delta, weaker 3d/7d context, nearby downside liquidity, and reconstructed/degraded evidence."
EX_EN_1785961338,long,NEGATIVE,SL,False,False,REJECT,0.78,ALIGNED,MOMENTUM_LONG_INTO_MAJOR_RESISTANCE,"[""LONG_MOMENTUM_ALIGNED"",""POSITIVE_DELTA_AND_IMBALANCE"",""PRICE_ABOVE_MULTI_HORIZON_VWAP"",""ENTRY_NEAR_RANGE_HIGHS"",""MAJOR_RESISTANCE_ONLY_0_14R_ABOVE_ENTRY"",""BOTH_TARGETS_INSIDE_MAJOR_RESISTANCE"",""PRICE_RISE_WITH_DECLINING_SHORT_TERM_OPEN_INTEREST"",""EXECUTION_CLOSE_TO_CONVERTED_SIGNAL_PRICE"",""INITIAL_RR_APPROX_1R_TO_TP1_2R_TO_TP2""]","[""LATE_ENTRY_IN_UP_EXPANSION"",""RESISTANCE_BLOCKS_REWARD_PATH"",""POSSIBLE_SHORT_COVERING_RATHER_THAN_FRESH_LONG_BUILDUP"",""EXACT_ASSESSMENT_CUTOFF_UNAVAILABLE"",""RECONSTRUCTED_PARTIAL_SNAPSHOT"",""RECOVERED_DEGRADED_30D_DATA"",""POC_UNAVAILABLE_FOR_MARKET_HORIZONS""]","The long aligns with broad upward expansion, positive DeltaScout flow, and prices above VWAP, while execution was effectively at the converted signal price. However, the actual entry was already near the top of the 1d and 3d ranges, with high-confidence major resistance beginning only about $64.87 above entry (0.14R). Both targets lie inside that resistance, and short-term open interest fell as price rose, weakening evidence of fresh long participation. The acceptable 1R/2R geometry does not offset the obstructed reward path, so the executed entry is rejected.",REJECT,0.91,ALIGNED,exhaustion,"[""long_entry_immediately_below_major_resistance"",""both_targets_intersect_high_confidence_resistance"",""entry_stretched_near_1d_and_3d_range_highs"",""price_extended_above_broad_horizon_vwaps"",""declining_open_interest_weakens_continuation_quality"",""local_buy_flow_supportive_but_insufficient""]","[""late_chase"",""major_resistance_0.14R_above_entry"",""3d_range_position_0.975"",""1d_range_position_0.942"",""price_rise_with_falling_open_interest"",""partial_reconstructed_snapshot"",""poc_unavailable_for_market_horizons""]","Reject the long entry. Positive delta, imbalance, and local VWAP alignment favor the side, but the fill occurred only about 0.14R below high-confidence significant resistance, with both targets requiring continuation through that zone. The market was already near the 1d and 3d highs and materially above broad VWAPs, while open interest declined, making this a late, short-covering-like chase with poor continuation geometry.",REJECT,0.78,ALIGNED,late momentum long into major resistance,"[""LONG_ALIGNED_WITH_UP_EXPANSION"",""POSITIVE_DELTA_AND_PRICE_ABOVE_VWAP"",""ENTRY_NEAR_MULTI_HORIZON_HIGHS"",""HIGH_CONFIDENCE_RESISTANCE_BEGINS_AT_0_14R"",""BOTH_TARGET_PATHS_INTERSECT_MAJOR_RESISTANCE"",""PRICE_RISE_WITH_DECLINING_SHORT_HORIZON_OI"",""TP1_REWARD_ONLY_APPROXIMATELY_1R""]","[""LATE_MOMENTUM_ENTRY"",""SHORT_COVERING_RISK"",""LIMITED_CLEAR_AIR_TO_TARGETS"",""STOP_WITHIN_BROAD_SUPPORT_REGION"",""PARTIAL_RECONSTRUCTED_SNAPSHOT"",""EXACT_ASSESSMENT_CUTOFF_UNAVAILABLE"",""DEGRADED_LONG_HORIZON_DATA"",""POC_UNAVAILABLE_FOR_MARKET_HORIZONS""]","REJECT the initial setup quality. The long was directionally aligned with strong upward structure, positive delta, and prices above VWAP, and the executed entry closely matched the converted signal price. However, entry occurred near the top of the 1d and 3d ranges, with high-confidence raw resistance beginning only about 0.14R above entry and covering the paths to both targets. Falling open interest during the short-horizon advance also suggests short-covering rather than clearly durable participation. With TP1 offering only about 1R before accounting for the obstructed path, the continuation evidence does not adequately compensate for the location and geometry risks. Confidence is moderated by the reconstructed, partial snapshot and degraded long-horizon data."
EX_EN_1786107369,long,NEGATIVE,SL,False,False,SUPPORT,0.74,MISS,LONG_EXPANSION_CONTINUATION,"[""LONG_ALIGNS_WITH_EXPANSION_UP_REGIME"",""POSITIVE_SIGNAL_DELTA_AND_IMBALANCE"",""MULTI_HORIZON_PRICE_MOMENTUM_UP"",""ENTRY_ABOVE_SHORT_AND_MEDIUM_HORIZON_VWAP"",""ACTUAL_ENTRY_IMPROVED_VERSUS_CONVERTED_SIGNAL_PRICE"",""INITIAL_GEOMETRY_POSITIVE_WITH_TP1_1_20R_AND_TP2_2_30R"",""STOP_POSITIONED_BELOW_NEAREST_QUALIFIED_SUPPORT_EDGE""]","[""ENTRY_NEAR_3D_AND_7D_RANGE_HIGHS"",""PRICE_EXTENDED_ABOVE_BROAD_HORIZON_VWAP"",""TARGET_PATH_CROSSES_BROAD_SIGNIFICANT_ZONES"",""SHORT_HORIZON_OPEN_INTEREST_DECLINE_MAY_INDICATE_SHORT_COVERING"",""EXACT_ASSESSMENT_CUTOFF_UNAVAILABLE"",""RECONSTRUCTED_PARTIAL_SNAPSHOT_WITH_DEGRADED_DATA"",""POC_UNAVAILABLE_FOR_MARKET_HORIZONS""]","The executed long has a directional edge: the market and structure classifiers are EXPANSION_UP, momentum and delta are positive across relevant horizons, and the fill improved on the converted signal price. Initial reward/risk is acceptable at 1.20R to TP1 and 2.30R to TP2, with the stop below the nearest support boundary. Confidence is moderated because entry occurred near multi-day highs, well above broad VWAPs, with targets inside broad significant zones and reconstructed/degraded evidence.",REJECT,0.78,ALIGNED,exhaustion,"[""long_entry_extremely_stretched_near_3d_7d_highs"",""entry_far_above_signal_vwap_and_poc"",""limited_tp1_reward_relative_to_stop_risk"",""fresh_positive_delta_and_expansion_up_support_direction"",""fill_improved_versus_signal_but_not_enough_to_remove_chase_risk""]","[""late_chase_at_multi_horizon_extrema"",""entry_and_targets_inside_broad_significant_zone"",""stop_near_support_and_active_swing_low_liquidity"",""broad_open_interest_confirmation_mixed"",""reconstructed_partial_snapshot"",""poc_unavailable_on_canonical_horizons""]","Reject the executed long despite positive delta and an expansion-up regime. The fill remained very close to the 3d and 7d highs and materially above the signal VWAP/POC, making it a late continuation chase. TP1 offers only about 1.20R, while broad overlapping zone geometry and stop-adjacent liquidity further weaken entry quality.",SUPPORT,0.74,MISS,LONG_MOMENTUM_CONTINUATION_WITH_ELEVATED_CHASE_RISK,"[""LONG_ALIGNED_WITH_EXPANSION_UP_REGIME"",""POSITIVE_DELTA_AND_BUY_IMBALANCE_SUPPORT_SIGNAL"",""ENTRY_IMPROVED_VERSUS_SIGNAL_PRICE"",""INITIAL_GEOMETRY_OFFERS_1_20R_TP1_AND_2_30R_TP2"",""STOP_PLACED_BELOW_NEAREST_SIGNIFICANT_SUPPORT_BOUNDARY"",""PRICE_ABOVE_VWAP_ACROSS_MULTIPLE_HORIZONS""]","[""ENTRY_NEAR_MULTI_HORIZON_RANGE_HIGHS"",""PRICE_EXTENDED_ABOVE_SIGNAL_VWAP_AND_POC"",""MIXED_OPEN_INTEREST_WEAKENS_CONTINUATION_CONFIRMATION"",""STOP_ADJACENT_TO_ACTIVE_M15_SWING_LOW_LIQUIDITY"",""BROAD_SIGNIFICANT_ZONE_OVERLAPS_ENTRY_AND_TARGET_PATH"",""RECONSTRUCTED_PARTIAL_SNAPSHOT_WITH_DEGRADED_LONG_HORIZON_DATA"",""EXACT_ASSESSMENT_CUTOFF_UNAVAILABLE""]","Supportable long continuation setup: the fill improved on the signal price, positive order-flow evidence and broad expansion-up structure aligned with the trade, and the initial stop/target geometry was coherent at approximately 1.20R to TP1 and 2.30R to TP2. Quality is moderated by entry near recent range highs, substantial extension above VWAP/POC, mixed open-interest behavior, nearby stop-side liquidity, overlapping broad zones, and partial reconstructed data."
EX_EN_1786131443,long,NEGATIVE,SL,False,False,REJECT,0.76,ALIGNED,LONG_MOMENTUM_ENTRY_INTO_RESISTANCE,"[""ENTRY_AT_HIGH_CONFIDENCE_RESISTANCE"",""BOTH_TARGET_PATHS_INTERSECT_RESISTANCE"",""OVERHEAD_DOUBLE_TOP_LIQUIDITY_BEFORE_TP1"",""STOP_NOT_BEYOND_QUALIFIED_SUPPORT"",""DECLINING_SHORT_TERM_OPEN_INTEREST"",""POSITIVE_MOMENTUM_AND_BUY_IMBALANCE_CONFLICT""]","[""EXACT_ASSESSMENT_CUTOFF_UNAVAILABLE"",""HISTORICAL_RECONSTRUCTION_PARTIAL"",""RECOVERED_DEGRADED_DATA_PRESENT"",""MARKET_CUTOFF_PRECEDES_OBSERVED_FILL_TIME"",""USDT_TO_USDC_CONVERSION_APPROXIMATE"",""POC_UNAVAILABLE_IN_MARKET_HORIZONS""]","REJECT the executed long entry. Positive DeltaScout imbalance, broad positive delta, above-VWAP trading, and an accumulation/compression-up regime support the direction, but the actual fill sits at the lower boundary of high-confidence resistance. Both targets traverse that resistance, with active swing-high and high-confidence double-top liquidity around 0.63R before TP1. The 1R stop is above the nearest qualified support and close to lower liquidity, while short-term open interest is falling as price rises. These execution-geometry headwinds outweigh the momentum evidence; confidence is moderated by the reconstructed, partially degraded snapshot and missing exact assessment cutoff.",REJECT,0.86,ALIGNED,exhaustion,"[""late_long_near_60m_high"",""entry_inside_high_confidence_resistance"",""tp_path_blocked_by_double_top_liquidity"",""tp1_beyond_observed_1d_3d_high"",""rising_price_with_falling_short_term_open_interest"",""bullish_delta_and_imbalance_insufficient_to_offset_geometry"",""price_above_signal_and_canonical_vwaps""]","[""60m_range_position_0.946"",""240m_range_position_0.877"",""7d_range_position_0.880"",""significant_resistance_spans_entry_through_targets"",""signal_poc_65230_overhead"",""high_confidence_liquidity_at_65284_65349"",""strong_support_below_initial_stop"",""partial_reconstructed_snapshot"",""exact_assessment_cutoff_unavailable"",""canonical_poc_unavailable""]","Reject the long entry. Bullish delta, imbalance, and above-VWAP pricing support local momentum, but the fill is a late chase near short- and medium-horizon highs while already inside significant resistance. Overhead POC and double-top liquidity obstruct TP1, which also requires clearing the observed 1d/3d high. Falling short-term open interest weakens continuation quality, and the stop sits above stronger support, producing unfavorable geometry.",SUPPORT,0.64,MISS,BULLISH_BREAKOUT_CONTINUATION_AT_RESISTANCE,"[""BULLISH_PEAK_ORDER_FLOW"",""MULTI_HORIZON_PRICE_ABOVE_VWAP"",""SHORT_TERM_UPWARD_MOMENTUM"",""BROAD_MARKET_BIAS_ALIGNED_LONG"",""CLEAN_1R_2R_INITIAL_GEOMETRY"",""ENTRY_EFFECTIVELY_AT_SIGNAL_PRICE"",""BREAKOUT_REQUIRED_FOR_TP1""]","[""ENTRY_INSIDE_HIGH_CONFIDENCE_RESISTANCE"",""TP1_BEYOND_RECENT_65358_HIGH"",""DOUBLE_TOP_LIQUIDITY_NEAR_0_63R"",""PRICE_NEAR_UPPER_RANGE_EXTREMES"",""PRICE_RISE_WITH_FALLING_OPEN_INTEREST"",""STOP_ABOVE_NEAREST_QUALIFIED_SUPPORT"",""PARTIAL_RECONSTRUCTED_SNAPSHOT"",""EXACT_ASSESSMENT_CUTOFF_UNAVAILABLE"",""DEGRADED_30D_DATA"",""POC_DISTRIBUTION_UNAVAILABLE""]","SUPPORT with moderate confidence. The long aligned with positive PEAK flow, strong short-term momentum, price above VWAP across observed horizons, and an UP/accumulation-compression backdrop. Execution was essentially at the converted signal price, with coherent 1R TP1 and 2R TP2 geometry. Quality is limited because entry occurred at the lower edge of significant resistance, with double-top liquidity around 0.63R and TP1 above the recent 65,358 high, so success required a genuine breakout. Falling open interest during rising price and a stop positioned above qualified support add fragility, while reconstruction and degraded-data limitations reduce certainty."
EX_EN_1787063409,long,STRONG_FAVORABLE,SL,True,True,SUPPORT,0.68,ALIGNED,LONG_MOMENTUM_CONTINUATION_AT_RANGE_EXTREME,"[""LONG_ALIGNS_WITH_HIGH_CONFIDENCE_EXPANSION_UP"",""POSITIVE_DELTA_AND_PRICE_ADVANCE_ACROSS_MULTIPLE_HORIZONS"",""ENTRY_IMPROVED_VERSUS_QUOTE_ADJUSTED_SIGNAL_PRICE"",""PRICE_ABOVE_VWAP_ACROSS_ALL_REPORTED_HORIZONS"",""ENTRY_NEAR_MULTI_HORIZON_RANGE_HIGHS"",""DECLINING_OPEN_INTEREST_ON_MOST_RELEVANT_HORIZONS"",""TP1_REWARD_RISK_ONLY_MARGINAL_AT_1.06R"",""TARGET_PATH_INTERSECTS_SIGNIFICANT_ZONES""]","[""LATE_EXTENSION_ENTRY"",""SHORT_COVERING_RISK_FROM_PRICE_UP_OI_DOWN"",""STOP_NEAR_OR_INSIDE_LOWER_LIQUIDITY_CLUSTER"",""TP1_NEAR_ONE_TO_ONE_RISK_REWARD"",""EXACT_ASSESSMENT_CUTOFF_UNAVAILABLE"",""MARKET_EVIDENCE_ENDS_BEFORE_OBSERVED_FILL_TIME"",""POC_UNAVAILABLE_IN_MARKET_HORIZONS""]","SUPPORT with moderate confidence. The long follows a high-confidence expansion-up regime, strong positive delta, broad price appreciation, and closes above VWAP; the actual fill was also about $27.62 better than the quote-adjusted signal price. Entry quality is constrained by buying near the top of the 15m through 7d ranges, falling open interest across most relevant horizons, significant zones across the target path, and only 1.06R to TP1. The stop is near a concentrated liquidity area around 63930-64050, increasing sweep risk. Reconstruction and the missing exact assessment cutoff further limit confidence.",REJECT,0.78,MISS,exhaustion,"[""LONG_ENTRY_NEAR_60M_240M_AND_MULTI_DAY_HIGHS"",""ENTRY_STRETCHED_ABOVE_SIGNAL_VWAP_AND_POC"",""PRICE_EXTENDED_ABOVE_CANONICAL_VWAPS"",""PEAK_IMBALANCE_ONLY_MODEST"",""DECLINING_OPEN_INTEREST_DURING_PRICE_EXPANSION"",""TP1_REWARD_RISK_ONLY_MARGINAL"",""TARGET_PATH_OVERLAPS_HIGH_CONFIDENCE_SIGNIFICANT_ZONES""]","[""LATE_CHASE_RISK"",""POTENTIAL_SHORT_COVERING_RALLY"",""OVERHEAD_ZONE_FRICTION"",""PARTIAL_RECONSTRUCTED_SNAPSHOT"",""EXACT_ASSESSMENT_CUTOFF_UNAVAILABLE"",""CANONICAL_POC_UNAVAILABLE""]","Reject the executed long despite strong positive delta and an expansion-up regime. Entry occurred after a sharp advance at roughly the 96th-98th percentile of the 60m through 7d ranges, materially above signal and canonical VWAPs and above the signal POC. Falling open interest weakens the continuation quality, while only modest PEAK imbalance, significant-zone overlap through both targets, and a 1.06R TP1 make the actual entry a late chase with insufficient fresh edge.",SUPPORT,0.7,ALIGNED,LONG_MOMENTUM_BREAKOUT_CONTINUATION,"[""LONG_ALIGNED_WITH_EXPANSION_UP_REGIME"",""POSITIVE_DELTA_ACROSS_OBSERVED_HORIZONS"",""PRICE_ABOVE_VWAP_ACROSS_ALL_HORIZONS"",""EXECUTION_PRICE_IMPROVED_VS_CONVERTED_SIGNAL_PRICE"",""TP2_OFFERS_ACCEPTABLE_2P09R_UPSIDE"",""ENTRY_NEAR_LOCAL_AND_MULTI_DAY_RANGE_HIGHS"",""OPEN_INTEREST_DECLINED_DESPITE_PRICE_ADVANCE"",""TP1_REWARD_ONLY_1P06R""]","[""MOMENTUM_ENTRY_AFTER_SHARP_SHORT_TERM_ADVANCE"",""POSSIBLE_SHORT_COVERING_COMPONENT_FROM_FALLING_OPEN_INTEREST"",""STOP_LOCATED_AMONG_NEARBY_LIQUIDITY_LEVELS_AND_ABOVE_QUALIFIED_SUPPORT"",""TARGET_PATH_OVERLAPS_SIGNIFICANT_ZONES"",""EXACT_ASSESSMENT_CUTOFF_UNAVAILABLE"",""POC_UNAVAILABLE_FOR_MARKET_HORIZONS""]","The executed long is supported by broad upward expansion, strong positive delta, and price holding above VWAP across every supplied horizon. The fill was modestly better than the converted signal price, and TP2 provides about 2.09R. Quality is reduced by an extended entry near local, 3-day, and 7-day highs, falling open interest during the advance, a marginal 1.06R TP1, and a stop exposed within nearby liquidity structure rather than beyond the qualified support area. On balance, the directional and flow alignment outweigh the execution risks, but only moderately."
EX_EN_1788166698,long,NEGATIVE,SL,False,False,UNCLEAR,0.78,UNCLEAR,CONFLICTED_LONG_MOMENTUM_ENTRY_INTO_OVERHEAD_RESISTANCE,"[""LONG_SHORT_TERM_FLOW_ALIGNED"",""ENTRY_NEAR_INTRADAY_RANGE_EXTREMES"",""HIGH_CONFIDENCE_RESISTANCE_BEFORE_TP1"",""BROAD_FLOW_CONTEXT_CONFLICTS"",""EXECUTION_PRICE_CLOSE_TO_SIGNAL"",""TP1_REWARD_RISK_APPROX_1_TO_1""]","[""CHASED_LOCAL_EXTENSION"",""RESISTANCE_INTERSECTS_TARGET_PATH"",""STOP_INSIDE_QUALIFIED_SUPPORT_ZONE"",""CANDIDATE_BIAS_NONE"",""LOW_CONFIDENCE_REGIME_CLASSIFICATION"",""PARTIAL_RECONSTRUCTED_SNAPSHOT"",""DEGRADED_LONG_HORIZON_DATA"",""EXACT_ASSESSMENT_CUTOFF_UNAVAILABLE""]","The long had supportive 5m-4h price and buy-flow momentum, and the actual fill closely matched the converted signal price. However, entry occurred near the extreme highs of the 15m-4h ranges, with high-confidence resistance beginning about 0.78R above entry and intersecting both target paths. Negative 1d/3d/7d flow, 7d price below VWAP, no directional candidate bias, and a stop located inside the qualified support zone further weaken the geometry. The evidence is too conflicted and partially reconstructed to establish a clear directional edge.",REJECT,0.82,ALIGNED,exhaustion,"[""LONG_ALIGNS_WITH_LOCAL_BUY_FLOW"",""ENTRY_ABOVE_SIGNAL_VWAP_AND_POC"",""ENTRY_NEAR_60M_AND_240M_RANGE_HIGHS"",""SIGNIFICANT_RESISTANCE_BEGINS_BEFORE_TP1"",""MULTIPLE_OVERHEAD_LIQUIDITY_ZONES_OBSTRUCT_TARGETS"",""BROAD_3D_7D_CONTEXT_CONFLICTS_WITH_LOCAL_FLOW"",""PEAK_EVIDENCE_INSUFFICIENT_TO_JUSTIFY_STRETCHED_ENTRY""]","[""LATE_CONTINUATION_CHASE"",""60M_RANGE_POSITION_0.991"",""240M_RANGE_POSITION_0.995"",""TP1_INSIDE_HIGH_CONFIDENCE_RESISTANCE"",""OVERHEAD_LIQUIDITY_FROM_0.42R"",""3D_BEARISH_DELTA"",""7D_PRICE_BELOW_VWAP"",""RECONSTRUCTED_PARTIAL_SNAPSHOT"",""EXACT_ASSESSMENT_CUTOFF_UNAVAILABLE"",""POC_UNAVAILABLE_FOR_MARKET_HORIZONS""]","Reject the executed long despite strong fresh local buy flow and alignment above the signal VWAP/POC. The entry is effectively at the 60m and 240m highs after a sharp advance, while active liquidity starts near 0.42R and high-confidence resistance begins around 0.78R, before the 1R TP1. Broader 3d/7d flow is conflicting, so the available PEAK evidence does not provide enough edge for this stretched target geometry.",REJECT,0.74,ALIGNED,LOCAL_MOMENTUM_LONG_INTO_NEARBY_RESISTANCE,"[""STRONG_LOCAL_BUY_MOMENTUM"",""ENTRY_CLOSE_TO_SIGNAL_PRICE"",""SHORT_HORIZONS_ABOVE_VWAP"",""TP1_NOMINAL_ONE_R_AND_TP2_NOMINAL_TWO_R"",""SIGNIFICANT_RESISTANCE_BEGINS_BEFORE_TP1"",""MULTIPLE_OVERHEAD_LIQUIDITY_ZONES_IN_REWARD_PATH"",""ENTRY_EXTENDED_NEAR_SHORT_HORIZON_RANGE_HIGHS"",""BROAD_FLOW_CONTEXT_NOT_CONFIRMING""]","[""TP1_BEYOND_RESISTANCE_START"",""SHORT_TERM_CHASE_RISK"",""LOCAL_BROAD_CONTEXT_CONFLICT"",""STOP_WITHIN_BROAD_SUPPORT_ZONE"",""PARTIAL_RECONSTRUCTED_ASSESSMENT"",""DEGRADED_LONG_HORIZON_DATA"",""EXACT_ASSESSMENT_CUTOFF_UNAVAILABLE"",""POC_UNAVAILABLE_FOR_MARKET_HORIZONS""]","REJECT. The fill closely matched the signal and local 5m-240m price, delta, and VWAP evidence strongly supported upward momentum. However, the entry was already near the extreme highs of those ranges, while active overhead liquidity appeared from roughly 0.42R and high-confidence significant resistance began near 0.78R, before the nominal 1R TP1 and across both targets. With only 1R to TP1, conflicting 3d/7d flow context, and no clear structural breakout confirmation, the initial geometry offered insufficient compensation for the obstructed reward path. Confidence is moderated by the reconstructed partial snapshot and degraded long-horizon evidence."
EX_EN_1789351940,long,STRONG_FAVORABLE,SL,True,True,UNCLEAR,0.78,UNCLEAR,LOCAL_MOMENTUM_LONG_INTO_OVERHEAD_LIQUIDITY,"[""LOCAL_MOMENTUM_SUPPORTS_LONG"",""POSITIVE_5M_TO_60M_DELTA"",""PRICE_ABOVE_SHORT_HORIZON_VWAPS"",""SHORT_HORIZON_OPEN_INTEREST_RISING"",""ENTRY_CHASED_ABOVE_SIGNAL"",""ENTRY_IMMEDIATELY_BELOW_ACTIVE_DOUBLE_TOP_LIQUIDITY"",""BROAD_3D_7D_FLOW_CONFLICTS_WITH_LONG"",""TP1_REWARD_BELOW_1R"",""TP2_INTERSECTS_HIGH_CONFIDENCE_RESISTANCE""]","[""MIXED_TIMEFRAME_CONTEXT"",""NO_QUALIFIED_SUPPORT_BEFORE_INITIAL_STOP"",""OVERHEAD_LIQUIDITY_NEAR_ENTRY"",""UNFAVORABLE_TP1_R_MULTIPLE"",""RECONSTRUCTED_PARTIAL_SNAPSHOT"",""EXACT_ASSESSMENT_CUTOFF_UNAVAILABLE"",""RECOVERED_DEGRADED_MARKET_DATA"",""POC_UNAVAILABLE_FOR_MARKET_HORIZONS""]","The long has credible short-term support from positive 5m-60m flow, rising price and open interest, and trading above local VWAPs. However, the actual fill was about 0.117% above the converted signal price and sits directly below active swing-high/double-top liquidity. Broader 3d/7d flow is distributive, TP1 offers only 0.80R, TP2 enters high-confidence resistance, and qualified support lies below the stop. These conflicts prevent a reliable clear directional edge from this partial reconstructed snapshot.",REJECT,0.84,MISS,exhaustion,"[""LONG_ENTRY_CHASES_EXTENDED_LOCAL_RALLY"",""ENTRY_IMMEDIATELY_BELOW_ACTIVE_DOUBLE_TOP_LIQUIDITY"",""NEAR_60M_AND_240M_RANGE_HIGHS"",""BROAD_3D_7D_FLOW_CONFLICTS_WITH_LONG"",""TP1_REWARD_RISK_BELOW_ONE"",""LOCAL_BUY_FLOW_AND_IMBALANCE_SUPPORT_DIRECTION_BUT_DO_NOT_OUTWEIGH_GEOMETRY""]","[""active_high_confidence_double_top_zone_starts_0.054R_above_entry"",""240m_range_position_0.909"",""60m_range_position_0.878"",""price_below_3d_and_7d_vwap"",""negative_3d_and_7d_delta"",""tp1_R_0.799"",""significant_overlapping_zones_are_mixed_and_degraded"",""reconstructed_partial_snapshot"",""canonical_poc_unavailable""]","Reject the long entry. Positive 5m-60m flow, signal imbalance, and pricing above the signal VWAP support local momentum, but the fill follows a sharp hourly rise near the 60m/240m highs and sits only about $48 below an active high-confidence double-top liquidity zone. Broader 3d/7d flow is distributive, price remains below those VWAPs, and TP1 offers only 0.80R. The entry is therefore a poor continuation chase despite the fresh local buying.",SUPPORT,0.64,ALIGNED,LONG_MOMENTUM_CONTINUATION_WITH_OVERHEAD_LIQUIDITY,"[""BULLISH_SHORT_HORIZON_PRICE_AND_DELTA"",""PRICE_ABOVE_SHORT_HORIZON_VWAP"",""RISING_SHORT_HORIZON_OPEN_INTEREST"",""STOP_BELOW_NEARBY_SWING_LOW_LIQUIDITY"",""TP1_BEFORE_NEAREST_QUALIFIED_RESISTANCE"",""TP2_PROVIDES_POSITIVE_REWARD_TO_RISK""]","[""TP1_REWARD_BELOW_1R"",""ENTRY_NEAR_LOCAL_RANGE_HIGHS"",""ACTIVE_DOUBLE_TOP_LIQUIDITY_JUST_ABOVE_ENTRY"",""TP2_INTERSECTS_HIGH_CONFIDENCE_RESISTANCE"",""BROAD_3D_7D_FLOW_CONFLICTS_WITH_LOCAL_BUY_FLOW"",""EXECUTION_PRICE_WORSE_THAN_SIGNAL_PRICE"",""RECONSTRUCTED_PARTIAL_SNAPSHOT"",""DEGRADED_ZONE_EVIDENCE"",""EXACT_ASSESSMENT_CUTOFF_UNAVAILABLE""]","SUPPORT with moderate confidence. The long aligned with strong 5m-60m price appreciation, positive local delta, price above local VWAP, and rising short-horizon open interest. The initial stop was positioned below nearby swing-low liquidity, while TP1 sat before the nearest qualified resistance and TP2 offered about 1.70R. Quality is reduced by the 0.80R TP1, a slightly adverse fill, entry near local highs with double-top liquidity immediately overhead, TP2 entering significant resistance, and bearish/distributive 3d-7d flow. Reconstruction and degraded zone inputs further limit confidence."
