target_ts,session_date,ts,minutes_from_target,is_target_case,event_type,kind,reject_reason,interesting_reject_bucket,rule_id,price,price_vs_vwap_side,cum_delta_60m,cum_delta_180m,ret_15m,ret_60m,same_side_as_target,later_same_side_event_in_window,later_same_side_accepted_in_window,later_same_side_stronger_reject_in_window
2026-03-20 00:40:00,2026-03-20,2026-03-20 00:40:00,0,yes,PEAK_EMIT,short,,,,69822.435231,below,526.4170000000013,-243.92799999999534,240.60000000000582,509.6000000000058,yes,yes,no,no
2026-03-20 00:40:00,2026-03-20,2026-03-20 00:45:00,5,no,CANDIDATE_COMPARISON_REJECT,long,direction_mismatch,unclear_but_constructive,IR_F1,69832.326701,below,680.3180000000048,-202.07399999999507,113.59999999999127,369.3999999999942,no,yes,no,no
2026-03-20 00:40:00,2026-03-20,2026-03-20 01:11:00,31,no,CANDIDATE_COMPARISON_REJECT,long,vwap_side,possible_reversal_confirmation,IR_B1,70059.747653,below,838.6540000000023,56.87300000000323,207.10000000000582,274.0,no,yes,no,no
2026-03-20 00:40:00,2026-03-20,2026-03-20 01:36:00,56,no,CANDIDATE_COMPARISON_REJECT,long,3of3_fail,possible_reversal_confirmation,IR_B1,70126.443466,above,686.601999999999,597.9470000000001,38.80000000000291,266.8000000000029,no,yes,no,no
2026-03-20 00:40:00,2026-03-20,2026-03-20 02:00:00,80,no,CANDIDATE_COMPARISON_REJECT,short,direction_mismatch,unclear_but_constructive,IR_F1,70202.663967,above,354.5979999999972,1069.9969999999994,-169.5,211.0,yes,yes,no,no
2026-03-29 19:23:00,2026-03-29,2026-03-29 19:22:00,-1,no,CANDIDATE_COMPARISON_REJECT,short,direction_mismatch,unclear_but_constructive,IR_F1,66317.647892,below,71.80700000000004,-777.1119999999995,-13.5,-18.19999999999709,yes,no,no,no
2026-03-29 19:23:00,2026-03-29,2026-03-29 19:23:00,0,yes,PEAK_EMIT,short,,,,66232.738615,below,68.98500000000004,-802.8819999999996,8.599999999991269,52.80000000000291,yes,no,no,no
2026-03-31 01:46:00,2026-03-31,2026-03-31 01:09:00,-37,no,CANDIDATE_COMPARISON_REJECT,short,direction_mismatch,unclear_but_constructive,IR_F1,66470.18393,below,970.3460000000005,1306.7429999999977,-53.09999999999127,373.40000000000873,yes,no,no,no
2026-03-31 01:46:00,2026-03-31,2026-03-31 01:46:00,0,yes,CANDIDATE_COMPARISON_REJECT,short,3of3_fail,unclear_but_constructive,IR_F1,66753.855597,below,2578.4969999999994,3236.194999999996,199.8000000000029,841.1999999999971,yes,no,no,no
2026-03-31 01:46:00,2026-03-31,2026-03-31 02:05:00,19,no,CANDIDATE_COMPARISON_REJECT,long,direction_mismatch,possible_reversal_onset,IR_A1,66777.849779,below,1770.6500000000005,3167.972999999999,-22.59999999999127,751.1000000000058,no,no,no,no
2026-03-17 05:45:00,2026-03-17,2026-03-17 04:23:00,-82,no,CANDIDATE_COMPARISON_REJECT,short,vwap_side,possible_continuation_pressure,IR_C1,74815.105123,above,-756.078000000005,-1759.0630000000056,-263.8000000000029,-480.8000000000029,yes,no,no,no
2026-03-17 05:45:00,2026-03-17,2026-03-17 05:05:00,-40,no,CANDIDATE_COMPARISON_REJECT,short,vwap_side,unclear_but_constructive,IR_F1,74491.608737,above,409.3650000000089,-664.4859999999971,20.90000000000873,-268.6999999999971,yes,no,no,no
2026-03-17 05:45:00,2026-03-17,2026-03-17 05:33:00,-12,no,CANDIDATE_COMPARISON_REJECT,short,vwap_side,unclear_but_constructive,IR_F1,74232.08397,above,122.85099999999875,-480.2629999999954,82.40000000000873,310.20000000001164,yes,no,no,no
2026-03-17 05:45:00,2026-03-17,2026-03-17 05:45:00,0,yes,CANDIDATE_COMPARISON_REJECT,short,3of3_fail,possible_reversal_confirmation,IR_B1,74098.393117,below,-812.4550000000017,-1726.8069999999934,-470.8000000000029,-125.39999999999418,yes,no,no,no
2026-03-17 05:45:00,2026-03-17,2026-03-17 06:05:00,20,no,CANDIDATE_COMPARISON_REJECT,long,direction_mismatch,unclear_but_constructive,IR_F1,74215.847425,above,-1643.5870000000068,-2492.878999999997,76.19999999999709,-277.6000000000058,no,no,no,no
2026-03-26 04:45:00,2026-03-26,2026-03-26 04:45:00,0,yes,CANDIDATE_COMPARISON_REJECT,short,3of3_fail,possible_reversal_confirmation,IR_B1,70860.747461,below,-226.81700000000092,-633.0500000000006,-28.69999999999709,-18.09999999999127,yes,yes,no,no
2026-03-26 04:45:00,2026-03-26,2026-03-26 06:10:00,85,no,CANDIDATE_GATE_REJECT,short,imb_band,,,,at_or_unknown,-1751.0229999999995,-2429.1050000000014,-15.0,-457.29999999998836,yes,yes,no,no
2026-03-29 12:12:00,2026-03-29,2026-03-29 12:12:00,0,yes,CANDIDATE_COMPARISON_REJECT,short,3of3_fail,possible_reversal_confirmation,IR_B1,66512.471784,below,-69.06499999999983,-204.48800000000006,-31.19999999999709,11.19999999999709,yes,yes,no,yes
2026-03-29 12:12:00,2026-03-29,2026-03-29 12:30:00,18,no,CANDIDATE_COMPARISON_REJECT,short,3of3_fail,possible_continuation_pressure,IR_C2,66480.235253,below,-402.6399999999999,-581.9660000000003,13.30000000000291,-52.5,yes,yes,no,yes
2026-03-18 12:30:00,2026-03-18,2026-03-18 12:30:00,0,yes,CANDIDATE_COMPARISON_REJECT,short,3of3_fail,possible_continuation_pressure,IR_C2,73627.795297,below,-1412.7330000000006,-1969.3230000000035,63.10000000000582,-774.5,yes,yes,no,no
2026-03-18 12:30:00,2026-03-18,2026-03-18 12:31:00,1,no,CANDIDATE_GATE_REJECT,short,imb_band,,,,at_or_unknown,-1951.4040000000005,-2839.649000000004,-213.89999999999418,-659.7999999999884,yes,yes,no,no
2026-03-18 12:30:00,2026-03-18,2026-03-18 12:33:00,3,no,CANDIDATE_COMPARISON_REJECT,long,direction_mismatch,unclear_but_constructive,IR_F1,73179.16878,below,-1678.1630000000005,-3440.090000000004,-399.8000000000029,-823.1999999999971,no,yes,no,no
2026-03-18 12:30:00,2026-03-18,2026-03-18 13:11:00,41,no,CANDIDATE_COMPARISON_REJECT,short,direction_mismatch,unclear_but_constructive,IR_F1,72687.590588,below,-797.8020000000001,-2980.757000000003,-93.5,-356.0,yes,yes,no,no
2026-03-22 18:45:00,2026-03-22,2026-03-22 18:38:00,-7,no,CANDIDATE_COMPARISON_REJECT,short,direction_mismatch,unclear_but_constructive,IR_F1,68727.026117,below,-487.77099999999973,-708.4830000000047,-217.40000000000873,-233.90000000000873,yes,yes,no,no
2026-03-22 18:45:00,2026-03-22,2026-03-22 18:45:00,0,yes,CANDIDATE_COMPARISON_REJECT,short,3of3_fail,possible_continuation_pressure,IR_C2,68676.897882,below,-354.2450000000008,-548.2100000000055,-229.60000000000582,-208.70000000001164,yes,yes,no,no
2026-03-22 18:45:00,2026-03-22,2026-03-22 20:15:00,90,no,CANDIDATE_GATE_REJECT,short,imb_band,,,,at_or_unknown,142.5580000000009,-417.3989999999976,129.09999999999127,1.8000000000029104,yes,yes,no,no
2026-03-23 03:36:00,2026-03-23,2026-03-23 03:36:00,0,yes,CANDIDATE_COMPARISON_REJECT,short,3of3_fail,possible_continuation_pressure,IR_C2,68242.56697,below,-123.6939999999995,302.64400000000023,-60.39999999999418,-67.29999999998836,yes,yes,no,yes
2026-03-23 03:36:00,2026-03-23,2026-03-23 04:31:00,55,no,CANDIDATE_COMPARISON_REJECT,short,3of3_fail,unclear_but_constructive,IR_F1,68165.64639,below,-241.64099999999894,4.782000000001062,81.40000000000873,62.60000000000582,yes,yes,no,yes
2026-03-24 14:09:00,2026-03-24,2026-03-24 13:49:00,-20,no,CANDIDATE_COMPARISON_REJECT,short,vwap_side,possible_reversal_confirmation,IR_B1,70894.667935,above,-1614.1939999999977,-1477.5549999999967,-464.70000000001164,-620.2000000000116,yes,yes,no,no
2026-03-24 14:09:00,2026-03-24,2026-03-24 14:09:00,0,yes,CANDIDATE_COMPARISON_REJECT,short,3of3_fail,possible_continuation_pressure,IR_C2,70816.640317,below,-2169.3259999999955,-1821.612999999992,222.1999999999971,-462.8999999999942,yes,yes,no,no
2026-03-24 14:09:00,2026-03-24,2026-03-24 14:45:00,36,no,CANDIDATE_COMPARISON_REJECT,short,3of3_fail,possible_continuation_pressure,IR_C2,70305.690792,below,-1334.0639999999985,-2580.497999999994,-152.09999999999127,-466.8999999999942,yes,yes,no,no
2026-03-24 14:09:00,2026-03-24,2026-03-24 15:35:00,86,no,CANDIDATE_COMPARISON_REJECT,long,direction_mismatch,unclear_but_constructive,IR_F1,70109.758917,below,271.35899999999856,-1953.7299999999968,-46.39999999999418,-213.89999999999418,no,yes,no,no
2026-03-24 14:45:00,2026-03-24,2026-03-24 13:49:00,-56,no,CANDIDATE_COMPARISON_REJECT,short,vwap_side,possible_reversal_confirmation,IR_B1,70894.667935,above,-1614.1939999999977,-1477.5549999999967,-464.70000000001164,-620.2000000000116,yes,no,no,no
2026-03-24 14:45:00,2026-03-24,2026-03-24 14:09:00,-36,no,CANDIDATE_COMPARISON_REJECT,short,3of3_fail,possible_continuation_pressure,IR_C2,70816.640317,below,-2169.3259999999955,-1821.612999999992,222.1999999999971,-462.8999999999942,yes,no,no,no
2026-03-24 14:45:00,2026-03-24,2026-03-24 14:45:00,0,yes,CANDIDATE_COMPARISON_REJECT,short,3of3_fail,possible_continuation_pressure,IR_C2,70305.690792,below,-1334.0639999999985,-2580.497999999994,-152.09999999999127,-466.8999999999942,yes,no,no,no
2026-03-24 14:45:00,2026-03-24,2026-03-24 15:35:00,50,no,CANDIDATE_COMPARISON_REJECT,long,direction_mismatch,unclear_but_constructive,IR_F1,70109.758917,below,271.35899999999856,-1953.7299999999968,-46.39999999999418,-213.89999999999418,no,no,no,no
2026-03-24 14:45:00,2026-03-24,2026-03-24 16:02:00,77,no,CANDIDATE_COMPARISON_REJECT,long,vwap_side,possible_trap_or_false_break,IR_E1,69984.95155,below,407.4969999999994,-1837.922999999998,-205.60000000000582,-200.8000000000029,no,no,no,no
2026-03-27 03:35:00,2026-03-27,2026-03-27 02:10:00,-85,no,CANDIDATE_COMPARISON_REJECT,long,vwap_side,possible_trap_or_false_break,IR_E1,68764.731743,below,390.17999999999665,-89.77700000000459,154.60000000000582,315.90000000000873,no,no,no,no
2026-03-27 03:35:00,2026-03-27,2026-03-27 03:25:00,-10,no,CANDIDATE_COMPARISON_REJECT,short,direction_mismatch,unclear_but_constructive,IR_F1,69010.084016,below,-93.98299999999836,219.81399999999303,28.0,-251.60000000000582,yes,no,no,no
2026-03-27 03:35:00,2026-03-27,2026-03-27 03:35:00,0,yes,CANDIDATE_COMPARISON_REJECT,short,3of3_fail,possible_continuation_pressure,IR_C2,69021.242714,below,-124.84099999999944,279.1719999999923,38.70000000001164,-170.09999999999127,yes,no,no,no
