trade_id,leg_id,leg_type,qty,entry_price,exit_price,exit_ts,gross_pnl_usdc,turnover_usdc
TR_11778da0e485752efae5,TR_11778da0e485752efae5_L1,TP1,0.0151,66215.45,65305.82,2026-03-29T22:46:00+00:00,13.73541299999996,1985.971177
TR_11778da0e485752efae5,TR_11778da0e485752efae5_L2,BREAKEVEN_STOP,0.030199999999999998,66215.45,66215.45,2026-03-29T23:02:00+00:00,0.0,3999.4131799999996
TR_9a5e9a365cd0c217f562,TR_9a5e9a365cd0c217f562_L1,TP1,0.01497,66794.24,67221.56,2026-04-04T11:02:00+00:00,6.396980399999887,2006.216526
TR_9a5e9a365cd0c217f562,TR_9a5e9a365cd0c217f562_L2,BREAKEVEN_STOP,0.029939999999999998,66794.24,66794.24,2026-04-05T06:08:00+00:00,0.0,3999.6390912
TR_8118474ac4ddd1649551,TR_8118474ac4ddd1649551_L1,TP1,0.01478,67615.93,68410.05,2026-04-05T23:01:00+00:00,11.737093600000145,2010.4639843999996
TR_8118474ac4ddd1649551,TR_8118474ac4ddd1649551_L2,TP2,0.01478,67615.93,69182.26,2026-04-06T00:01:00+00:00,23.150357400000026,2021.8772482
TR_8118474ac4ddd1649551,TR_8118474ac4ddd1649551_L3,TRAILING_STOP,0.014799999999999995,67615.93,68996.72,2026-04-06T04:11:00+00:00,20.435692000000113,2021.8672199999992
TR_02b955adde1b4c044a07,TR_02b955adde1b4c044a07_L1,TP1,0.01387,72076.64,73159.69,2026-04-10T14:32:00+00:00,15.021903500000041,2014.4278971000003
TR_02b955adde1b4c044a07,TR_02b955adde1b4c044a07_L2,BREAKEVEN_STOP,0.027749999999999997,72076.64,72076.64,2026-04-12T01:40:00+00:00,0.0,4000.2535199999993
TR_78b57ccea59fc60695ee,TR_78b57ccea59fc60695ee_L1,INITIAL_STOP,0.04131,72620.65,73581.44,2026-04-11T18:37:00+00:00,-39.690234900000334,6039.6083379
TR_cd38d2c604b865b2498b,TR_cd38d2c604b865b2498b_L1,TP1,0.01321,75643.72,76543.93,2026-04-17T13:03:00+00:00,11.891774099999893,2010.3988564999997
TR_cd38d2c604b865b2498b,TR_cd38d2c604b865b2498b_L2,TP2,0.01321,75643.72,77444.16,2026-04-17T14:00:00+00:00,23.78381240000003,2022.2908948
TR_cd38d2c604b865b2498b,TR_cd38d2c604b865b2498b_L3,TRAILING_STOP,0.013229999999999999,75643.72,77575.47,2026-04-17T15:43:00+00:00,25.557052499999998,2027.0898836999997
TR_5d00af7ff85e38d91d82,TR_5d00af7ff85e38d91d82_L1,TP1,0.01327,75308.42,74408.8,2026-04-19T21:56:00+00:00,11.937957399999938,1986.7475094000001
TR_5d00af7ff85e38d91d82,TR_5d00af7ff85e38d91d82_L2,BREAKEVEN_STOP,0.026559999999999997,75308.42,75308.42,2026-04-20T07:22:00+00:00,0.0,4000.383270399999
TR_ef04899fa51b5e21ded3,TR_ef04899fa51b5e21ded3_L1,INITIAL_STOP,0.03905,76815.63,76099.19,2026-04-21T12:41:00+00:00,-27.976982000000092,5971.323721000001
TR_153a89c8369cd29cb15f,TR_153a89c8369cd29cb15f_L1,TP1,0.013,76892.8,77895.04,2026-04-22T05:17:00+00:00,13.029119999999878,2012.24192
TR_153a89c8369cd29cb15f,TR_153a89c8369cd29cb15f_L2,TP2,0.013,76892.8,79021.96,2026-04-22T14:12:00+00:00,27.679080000000045,2026.8918800000001
TR_153a89c8369cd29cb15f,TR_153a89c8369cd29cb15f_L3,TRAILING_STOP,0.013010000000000006,76892.8,78834.62,2026-04-22T16:43:00+00:00,25.263078199999914,2026.0137342000007
TR_a275c9dee3dcb28be8a9,TR_a275c9dee3dcb28be8a9_L1,INITIAL_STOP,0.03844,78026.92,78006.78,2026-04-26T06:00:00+00:00,-0.7741815999999777,5997.935428000001
TR_8404027cf9be2d7382b7,TR_8404027cf9be2d7382b7_L1,INITIAL_STOP,0.03921,76492.33,76575.82,2026-04-28T07:22:00+00:00,-3.2736429000002056,6001.802161500002
TR_1994c2a4abf80aec86d1,TR_1994c2a4abf80aec86d1_L1,INITIAL_STOP,0.03945,76032.3,76585.37,2026-04-29T01:49:00+00:00,-21.8186114999997,6020.767081499999
TR_9dd56e4285ef24c4f95f,TR_9dd56e4285ef24c4f95f_L1,INITIAL_STOP,0.03793,79081.8,78891.86,2026-05-03T20:49:00+00:00,-7.204424200000088,5991.9409238
TR_94777ff5e47c1ec9a453,TR_94777ff5e47c1ec9a453_L1,INITIAL_STOP,0.0376,79767.2,80421.39,2026-05-08T12:31:00+00:00,-24.597544000000088,6023.090984
TR_cd1b1675df4a2ef4d53d,TR_cd1b1675df4a2ef4d53d_L1,INITIAL_STOP,0.03729,80449.65,80922.75,2026-05-10T21:03:00+00:00,-17.641899000000215,6017.576795999999
TR_52fcedf8ae2cd4bad001,TR_52fcedf8ae2cd4bad001_L1,INITIAL_STOP,0.03676,81604.58,80591.9,2026-05-11T03:16:00+00:00,-37.22611680000028,5962.342604799999
TR_5ea3614e2b543ad23e3f,TR_5ea3614e2b543ad23e3f_L1,TP1,0.01294,77238.8,76386.31,2026-05-22T18:46:00+00:00,11.031220600000069,1987.9089233999998
TR_5ea3614e2b543ad23e3f,TR_5ea3614e2b543ad23e3f_L2,TP2,0.01294,77238.8,75533.81,2026-05-22T22:45:00+00:00,22.06257060000007,1976.8775733999998
TR_5ea3614e2b543ad23e3f,TR_5ea3614e2b543ad23e3f_L3,TRAILING_STOP,0.01296,77238.8,75498.11,2026-05-23T02:54:00+00:00,22.55934240000003,1979.4703536
TR_db3ceb9d818a3c82e6b8,TR_db3ceb9d818a3c82e6b8_L1,INITIAL_STOP,0.0387,77505.81,76606.72,2026-05-26T00:53:00+00:00,-34.79478299999986,5964.154911
TR_068623b7824ad3fc727b,TR_068623b7824ad3fc727b_L1,INITIAL_STOP,0.04086,73412.84,72329.26,2026-06-01T11:59:00+00:00,-44.275078800000074,5955.022205999999
TR_4061e073d11a34567c39,TR_4061e073d11a34567c39_L1,TP1,0.01359,73569.1,74038.86,2026-05-29T15:36:00+00:00,6.384038399999929,2005.9921764000003
TR_4061e073d11a34567c39,TR_4061e073d11a34567c39_L2,BREAKEVEN_STOP,0.027180000000000003,73569.1,73569.1,2026-05-29T16:25:00+00:00,0.0,3999.2162760000006
TR_0ebffba7fe0491e76899,TR_0ebffba7fe0491e76899_L1,TP1,0.01377,72582.32,71694.79,2026-06-01T13:14:00+00:00,12.221288100000184,1986.6958046999996
TR_0ebffba7fe0491e76899,TR_0ebffba7fe0491e76899_L2,TP2,0.01377,72582.32,70753.24,2026-06-01T16:11:00+00:00,25.186431600000024,1973.7306611999998
TR_0ebffba7fe0491e76899,TR_0ebffba7fe0491e76899_L3,TRAILING_STOP,0.013790000000000002,72582.32,71648.09,2026-06-01T17:30:00+00:00,12.883031700000146,1988.9373539000003
TR_95d9ceb3be74a676557d,TR_95d9ceb3be74a676557d_L1,TP1,0.01373,72799.71,72455.42,2026-06-01T11:59:00+00:00,4.727101700000111,1994.3529349
TR_95d9ceb3be74a676557d,TR_95d9ceb3be74a676557d_L2,TP2,0.01373,72799.71,72137.41,2026-06-01T12:04:00+00:00,9.09337900000004,1989.9866575999997
TR_95d9ceb3be74a676557d,TR_95d9ceb3be74a676557d_L3,TRAILING_STOP,0.013740000000000002,72799.71,71637.22,2026-06-01T17:30:00+00:00,15.972612600000074,1984.5634182000001
TR_024418d32a253b044fcc,TR_024418d32a253b044fcc_L1,TP1,0.01579,63322.5,64221.68,2026-06-12T15:12:00+00:00,14.198052200000003,2013.9226021999998
TR_024418d32a253b044fcc,TR_024418d32a253b044fcc_L2,TP2,0.01579,63322.5,65120.85,2026-06-14T21:41:00+00:00,28.395946499999976,2028.1204965
TR_024418d32a253b044fcc,TR_024418d32a253b044fcc_L3,TRAILING_STOP,0.015790000000000005,63322.5,65612.12,2026-06-15T07:59:00+00:00,36.153099799999936,2035.8776498000007
TR_320ee65e0e4baee704f9,TR_320ee65e0e4baee704f9_L1,TP1,0.01613,61986.28,61150.68,2026-06-24T14:03:00+00:00,13.478227999999975,1986.1991647999996
TR_320ee65e0e4baee704f9,TR_320ee65e0e4baee704f9_L2,TP2,0.01613,61986.28,60315.1,2026-06-24T15:48:00+00:00,26.956133400000002,1972.7212593999998
TR_320ee65e0e4baee704f9,TR_320ee65e0e4baee704f9_L3,TRAILING_STOP,0.016130000000000005,61986.28,60660.06,2026-06-24T20:07:00+00:00,21.391928600000025,1978.2854642000007
TR_b088f66146338e09b6f9,TR_b088f66146338e09b6f9_L1,TP1,0.01622,61637.64,60907.38,2026-06-24T14:20:00+00:00,11.844817200000032,1987.6802243999996
TR_b088f66146338e09b6f9,TR_b088f66146338e09b6f9_L2,TP2,0.01622,61637.64,59949.32,2026-06-24T16:48:00+00:00,27.38455039999999,1972.1404911999996
TR_b088f66146338e09b6f9,TR_b088f66146338e09b6f9_L3,TRAILING_STOP,0.01623,61637.64,60672.52,2026-06-24T20:07:00+00:00,15.663897600000045,1985.0938968000003
TR_9f24470251280c84c515,TR_9f24470251280c84c515_L1,INITIAL_STOP,0.04723,63513.1,62341.35,2026-07-06T12:01:00+00:00,-55.3417525,5944.1056735
TR_b49eb248587b9e4d8fbb,TR_b49eb248587b9e4d8fbb_L1,INITIAL_STOP,0.04673,64194.23,63712.72,2026-07-10T18:55:00+00:00,-22.500962300000097,5977.0917735
TR_a3636a6f2a239a42ff54,TR_a3636a6f2a239a42ff54_L1,TP1,0.01578,63332.36,64315.5,2026-07-14T15:05:00+00:00,15.51394919999999,2014.2832308
TR_a3636a6f2a239a42ff54,TR_a3636a6f2a239a42ff54_L2,TP2,0.01578,63332.36,65367.22,2026-07-15T13:08:00+00:00,32.11009080000001,2030.8793724
TR_a3636a6f2a239a42ff54,TR_a3636a6f2a239a42ff54_L3,TRAILING_STOP,0.015799999999999998,63332.36,65158.69,2026-07-15T16:07:00+00:00,28.856014000000023,2030.1585899999998
TR_a6cabf8d299653181569,TR_a6cabf8d299653181569_L1,TP1,0.01559,64133.1,65156.29,2026-07-20T15:44:00+00:00,15.951532100000035,2015.6215901
TR_a6cabf8d299653181569,TR_a6cabf8d299653181569_L2,TP2,0.01559,64133.1,66127.68,2026-07-21T07:47:00+00:00,31.095502199999913,2030.7655602
TR_a6cabf8d299653181569,TR_a6cabf8d299653181569_L3,TRAILING_STOP,0.01559,64133.1,66171.24,2026-07-21T10:51:00+00:00,31.774602600000105,2031.4446606
TR_f8e21c305cd79ebbaaaa,TR_f8e21c305cd79ebbaaaa_L1,TP1,0.01552,64406.55,65208.97,2026-07-26T22:29:00+00:00,12.453558399999974,2011.6328704000002
TR_f8e21c305cd79ebbaaaa,TR_f8e21c305cd79ebbaaaa_L2,BREAKEVEN_STOP,0.03105,64406.55,64406.55,2026-07-27T14:45:00+00:00,0.0,3999.646755
TR_fe4b15b7a4bbef4d2cbd,TR_fe4b15b7a4bbef4d2cbd_L1,TP1,0.01539,64972.95,65666.79,2026-07-27T06:07:00+00:00,10.678197599999946,2010.5455985999997
TR_fe4b15b7a4bbef4d2cbd,TR_fe4b15b7a4bbef4d2cbd_L2,BREAKEVEN_STOP,0.030780000000000002,64972.95,64972.95,2026-07-27T12:22:00+00:00,0.0,3999.734802
TR_bd60f840ace8a0a32e90,TR_bd60f840ace8a0a32e90_L1,TP1,0.01563,63938.75,64697.08,2026-08-05T15:11:00+00:00,11.85269790000003,2010.5780229000002
TR_bd60f840ace8a0a32e90,TR_bd60f840ace8a0a32e90_L2,TP2,0.01563,63938.75,65408.85,2026-08-09T22:15:00+00:00,22.97766299999998,2021.7029880000002
TR_bd60f840ace8a0a32e90,TR_bd60f840ace8a0a32e90_L3,TRAILING_STOP,0.01565,63938.75,64976.23,2026-08-09T22:39:00+00:00,16.236562000000053,2017.5194370000002
TR_e5150c56749566caec8e,TR_e5150c56749566caec8e_L1,INITIAL_STOP,0.0462,64927.32,63773.25,2026-08-10T18:37:00+00:00,-53.31803399999998,5945.966334
TR_ac0182a2235fe89d4640,TR_ac0182a2235fe89d4640_L1,INITIAL_STOP,0.04594,65293.63,64606.87,2026-08-07T17:24:00+00:00,-31.54975439999976,5967.628970000001
TR_c3c37f3b5c5788fb18b8,TR_c3c37f3b5c5788fb18b8_L1,INITIAL_STOP,0.04601,65201.01,64754.98,2026-08-10T13:35:00+00:00,-20.521840299999948,5979.275099900001
TR_0cdbaaa0665beb61ff31,TR_0cdbaaa0665beb61ff31_L1,INITIAL_STOP,0.04774,62828.0,63399.66,2026-08-17T02:53:00+00:00,-27.291048400000165,6026.1084884
TR_bacf232a60b33a5787ad,TR_bacf232a60b33a5787ad_L1,TP1,0.01539,64941.15,66049.97,2026-08-19T15:06:00+00:00,17.064739799999995,2015.9533367999998
TR_bacf232a60b33a5787ad,TR_bacf232a60b33a5787ad_L2,TP2,0.01539,64941.15,67110.21,2026-08-19T15:25:00+00:00,33.381833400000076,2032.2704304000001
TR_bacf232a60b33a5787ad,TR_bacf232a60b33a5787ad_L3,TRAILING_STOP,0.015410000000000002,64941.15,71661.75,2026-08-20T12:07:00+00:00,103.56444599999999,2105.050689
TR_1fcb39d54f42248488a3,TR_1fcb39d54f42248488a3_L1,TP1,0.01535,65128.94,65931.44,2026-08-19T15:01:00+00:00,12.318375000000001,2011.7768330000001
TR_1fcb39d54f42248488a3,TR_1fcb39d54f42248488a3_L2,TP2,0.01535,65128.94,66733.92,2026-08-19T15:15:00+00:00,24.63644299999994,2024.094901
TR_1fcb39d54f42248488a3,TR_1fcb39d54f42248488a3_L3,TRAILING_STOP,0.015359999999999993,65128.94,71661.75,2026-08-20T12:07:00+00:00,100.34396159999991,2101.104998399999
TR_ca10cae47b40d4608447,TR_ca10cae47b40d4608447_L1,INITIAL_STOP,0.03822,78478.67,78154.73,2026-08-31T12:26:00+00:00,-12.380986800000088,5986.528547999999
TR_8883fd017ccb9c22d44a,TR_8883fd017ccb9c22d44a_L1,INITIAL_STOP,0.03736,80290.0,79118.73,2026-09-07T07:41:00+00:00,-43.75864720000015,5955.510152799999
TR_4be3c890d56214cd984d,TR_4be3c890d56214cd984d_L1,TP1,0.01293,77287.26,78205.37,2026-09-14T09:53:00+00:00,11.871162300000009,2010.5197059000002
TR_4be3c890d56214cd984d,TR_4be3c890d56214cd984d_L2,TP2,0.01293,77287.26,79156.32,2026-09-14T18:23:00+00:00,24.16694580000016,2022.8154894000004
TR_4be3c890d56214cd984d,TR_4be3c890d56214cd984d_L3,TRAILING_STOP,0.012949999999999996,77287.26,78961.79,2026-09-14T19:39:00+00:00,21.68516349999998,2023.4251974999993
TR_2e196fc5be9d89de58e2,TR_2e196fc5be9d89de58e2_L1,TP1,0.01291,77459.23,78702.92,2026-09-14T16:19:00+00:00,16.056037900000028,2016.0533564999998
TR_2e196fc5be9d89de58e2,TR_2e196fc5be9d89de58e2_L2,BREAKEVEN_STOP,0.025820000000000003,77459.23,77459.23,2026-09-15T05:11:00+00:00,0.0,3999.9946372000004
TR_d538975d5c4cf5b11a9a,TR_d538975d5c4cf5b11a9a_L1,TP1,0.01278,78216.83,79205.34,2026-09-14T18:23:00+00:00,12.633157799999934,2011.8553325999997
TR_d538975d5c4cf5b11a9a,TR_d538975d5c4cf5b11a9a_L2,BREAKEVEN_STOP,0.025570000000000002,78216.83,78216.83,2026-09-14T23:52:00+00:00,0.0,4000.0086862000003
TR_6334d1f8c2c3780751b8,TR_6334d1f8c2c3780751b8_L1,TP1,0.0151,66215.45,65305.82,2026-03-29T22:46:00+00:00,13.73541299999996,1985.971177
TR_6334d1f8c2c3780751b8,TR_6334d1f8c2c3780751b8_L2,BREAKEVEN_STOP,0.030199999999999998,66215.45,66215.45,2026-03-29T23:02:00+00:00,0.0,3999.4131799999996
TR_ad8b85488d37617ab250,TR_ad8b85488d37617ab250_L1,TP1,0.01497,66794.24,67221.56,2026-04-04T11:02:00+00:00,6.396980399999887,2006.216526
TR_ad8b85488d37617ab250,TR_ad8b85488d37617ab250_L2,BREAKEVEN_STOP,0.029939999999999998,66794.24,66794.24,2026-04-05T06:08:00+00:00,0.0,3999.6390912
TR_44e6d119053f3865690d,TR_44e6d119053f3865690d_L1,TP1,0.01478,67615.93,68410.05,2026-04-05T23:01:00+00:00,11.737093600000145,2010.4639843999996
TR_44e6d119053f3865690d,TR_44e6d119053f3865690d_L2,TP2,0.01478,67615.93,69182.26,2026-04-06T00:01:00+00:00,23.150357400000026,2021.8772482
TR_44e6d119053f3865690d,TR_44e6d119053f3865690d_L3,TRAILING_STOP,0.014799999999999995,67615.93,68996.72,2026-04-06T04:11:00+00:00,20.435692000000113,2021.8672199999992
TR_388c34cc7f49bf8d61da,TR_388c34cc7f49bf8d61da_L1,TP1,0.01387,72076.64,73159.69,2026-04-10T14:32:00+00:00,15.021903500000041,2014.4278971000003
TR_388c34cc7f49bf8d61da,TR_388c34cc7f49bf8d61da_L2,BREAKEVEN_STOP,0.027749999999999997,72076.64,72076.64,2026-04-12T01:40:00+00:00,0.0,4000.2535199999993
TR_5ee8c403ed4129cbe800,TR_5ee8c403ed4129cbe800_L1,TP1,0.01321,75643.72,76543.93,2026-04-17T13:03:00+00:00,11.891774099999893,2010.3988564999997
TR_5ee8c403ed4129cbe800,TR_5ee8c403ed4129cbe800_L2,TP2,0.01321,75643.72,77444.16,2026-04-17T14:00:00+00:00,23.78381240000003,2022.2908948
TR_5ee8c403ed4129cbe800,TR_5ee8c403ed4129cbe800_L3,TRAILING_STOP,0.013229999999999999,75643.72,77575.47,2026-04-17T15:43:00+00:00,25.557052499999998,2027.0898836999997
TR_ab0ba88d058922cbdf46,TR_ab0ba88d058922cbdf46_L1,TP1,0.01327,75308.42,74408.8,2026-04-19T21:56:00+00:00,11.937957399999938,1986.7475094000001
TR_ab0ba88d058922cbdf46,TR_ab0ba88d058922cbdf46_L2,BREAKEVEN_STOP,0.026559999999999997,75308.42,75308.42,2026-04-20T07:22:00+00:00,0.0,4000.383270399999
TR_87b84fe9f2f198a9a15a,TR_87b84fe9f2f198a9a15a_L1,INITIAL_STOP,0.03905,76815.63,76099.19,2026-04-21T12:41:00+00:00,-27.976982000000092,5971.323721000001
TR_b41865307444e3390408,TR_b41865307444e3390408_L1,TP1,0.013,76892.8,77895.04,2026-04-22T05:17:00+00:00,13.029119999999878,2012.24192
TR_b41865307444e3390408,TR_b41865307444e3390408_L2,TP2,0.013,76892.8,79021.96,2026-04-22T14:12:00+00:00,27.679080000000045,2026.8918800000001
TR_b41865307444e3390408,TR_b41865307444e3390408_L3,TRAILING_STOP,0.013010000000000006,76892.8,78834.62,2026-04-22T16:43:00+00:00,25.263078199999914,2026.0137342000007
TR_968977d69b7f511f9050,TR_968977d69b7f511f9050_L1,INITIAL_STOP,0.03844,78026.92,78006.78,2026-04-26T06:00:00+00:00,-0.7741815999999777,5997.935428000001
TR_84edc2b53ac37375f960,TR_84edc2b53ac37375f960_L1,INITIAL_STOP,0.03921,76492.33,76575.82,2026-04-28T07:22:00+00:00,-3.2736429000002056,6001.802161500002
TR_fb0cd0ff7152eb651d47,TR_fb0cd0ff7152eb651d47_L1,INITIAL_STOP,0.03945,76032.3,76585.37,2026-04-29T01:49:00+00:00,-21.8186114999997,6020.767081499999
TR_71dabbd287c8f474e6d3,TR_71dabbd287c8f474e6d3_L1,INITIAL_STOP,0.03793,79081.8,78891.86,2026-05-03T20:49:00+00:00,-7.204424200000088,5991.9409238
TR_103299d47011bf5ad20e,TR_103299d47011bf5ad20e_L1,INITIAL_STOP,0.0376,79767.2,80421.39,2026-05-08T12:31:00+00:00,-24.597544000000088,6023.090984
TR_4cd51db16e6f47ede1fa,TR_4cd51db16e6f47ede1fa_L1,INITIAL_STOP,0.03729,80449.65,80922.75,2026-05-10T21:03:00+00:00,-17.641899000000215,6017.576795999999
TR_ad39ed76958b9f23beee,TR_ad39ed76958b9f23beee_L1,INITIAL_STOP,0.03676,81604.58,80591.9,2026-05-11T03:16:00+00:00,-37.22611680000028,5962.342604799999
TR_605aa3cfc111c6316fb9,TR_605aa3cfc111c6316fb9_L1,TP1,0.01294,77238.8,76386.31,2026-05-22T18:46:00+00:00,11.031220600000069,1987.9089233999998
TR_605aa3cfc111c6316fb9,TR_605aa3cfc111c6316fb9_L2,TP2,0.01294,77238.8,75533.81,2026-05-22T22:45:00+00:00,22.06257060000007,1976.8775733999998
TR_605aa3cfc111c6316fb9,TR_605aa3cfc111c6316fb9_L3,TRAILING_STOP,0.01296,77238.8,75498.11,2026-05-23T02:54:00+00:00,22.55934240000003,1979.4703536
TR_2a99a863b385d66d9cfc,TR_2a99a863b385d66d9cfc_L1,INITIAL_STOP,0.0387,77505.81,76606.72,2026-05-26T00:53:00+00:00,-34.79478299999986,5964.154911
TR_33a2a6aa0448c9715178,TR_33a2a6aa0448c9715178_L1,INITIAL_STOP,0.04086,73412.84,72329.26,2026-06-01T11:59:00+00:00,-44.275078800000074,5955.022205999999
TR_6ee91822e255e0b49098,TR_6ee91822e255e0b49098_L1,TP1,0.01579,63322.5,64221.68,2026-06-12T15:12:00+00:00,14.198052200000003,2013.9226021999998
TR_6ee91822e255e0b49098,TR_6ee91822e255e0b49098_L2,TP2,0.01579,63322.5,65120.85,2026-06-14T21:41:00+00:00,28.395946499999976,2028.1204965
TR_6ee91822e255e0b49098,TR_6ee91822e255e0b49098_L3,TRAILING_STOP,0.015790000000000005,63322.5,65612.12,2026-06-15T07:59:00+00:00,36.153099799999936,2035.8776498000007
TR_94b5cc5d98d975472195,TR_94b5cc5d98d975472195_L1,TP1,0.01613,61986.28,61150.68,2026-06-24T14:03:00+00:00,13.478227999999975,1986.1991647999996
TR_94b5cc5d98d975472195,TR_94b5cc5d98d975472195_L2,TP2,0.01613,61986.28,60315.1,2026-06-24T15:48:00+00:00,26.956133400000002,1972.7212593999998
TR_94b5cc5d98d975472195,TR_94b5cc5d98d975472195_L3,TRAILING_STOP,0.016130000000000005,61986.28,60660.06,2026-06-24T20:07:00+00:00,21.391928600000025,1978.2854642000007
TR_2219e34b820f7c981ec4,TR_2219e34b820f7c981ec4_L1,INITIAL_STOP,0.04723,63513.1,62341.35,2026-07-06T12:01:00+00:00,-55.3417525,5944.1056735
TR_d715202cae9a95706053,TR_d715202cae9a95706053_L1,INITIAL_STOP,0.04673,64194.23,63712.72,2026-07-10T18:55:00+00:00,-22.500962300000097,5977.0917735
TR_23e77aa40789c99c564f,TR_23e77aa40789c99c564f_L1,TP1,0.01578,63332.36,64315.5,2026-07-14T15:05:00+00:00,15.51394919999999,2014.2832308
TR_23e77aa40789c99c564f,TR_23e77aa40789c99c564f_L2,TP2,0.01578,63332.36,65367.22,2026-07-15T13:08:00+00:00,32.11009080000001,2030.8793724
TR_23e77aa40789c99c564f,TR_23e77aa40789c99c564f_L3,TRAILING_STOP,0.015799999999999998,63332.36,65158.69,2026-07-15T16:07:00+00:00,28.856014000000023,2030.1585899999998
TR_4dfe76c4bf8c303b5e6e,TR_4dfe76c4bf8c303b5e6e_L1,TP1,0.01559,64133.1,65156.29,2026-07-20T15:44:00+00:00,15.951532100000035,2015.6215901
TR_4dfe76c4bf8c303b5e6e,TR_4dfe76c4bf8c303b5e6e_L2,TP2,0.01559,64133.1,66127.68,2026-07-21T07:47:00+00:00,31.095502199999913,2030.7655602
TR_4dfe76c4bf8c303b5e6e,TR_4dfe76c4bf8c303b5e6e_L3,TRAILING_STOP,0.01559,64133.1,66171.24,2026-07-21T10:51:00+00:00,31.774602600000105,2031.4446606
TR_0badd6a3b6db191d1565,TR_0badd6a3b6db191d1565_L1,TP1,0.01552,64406.55,65208.97,2026-07-26T22:29:00+00:00,12.453558399999974,2011.6328704000002
TR_0badd6a3b6db191d1565,TR_0badd6a3b6db191d1565_L2,BREAKEVEN_STOP,0.03105,64406.55,64406.55,2026-07-27T14:45:00+00:00,0.0,3999.646755
TR_5bd33ca74d101a6d6708,TR_5bd33ca74d101a6d6708_L1,TP1,0.01563,63938.75,64697.08,2026-08-05T15:11:00+00:00,11.85269790000003,2010.5780229000002
TR_5bd33ca74d101a6d6708,TR_5bd33ca74d101a6d6708_L2,TP2,0.01563,63938.75,65408.85,2026-08-09T22:15:00+00:00,22.97766299999998,2021.7029880000002
TR_5bd33ca74d101a6d6708,TR_5bd33ca74d101a6d6708_L3,TRAILING_STOP,0.01565,63938.75,64976.23,2026-08-09T22:39:00+00:00,16.236562000000053,2017.5194370000002
TR_5e5689d7a9a905199e01,TR_5e5689d7a9a905199e01_L1,INITIAL_STOP,0.04601,65201.01,64754.98,2026-08-10T13:35:00+00:00,-20.521840299999948,5979.275099900001
TR_d2449bff56953d7a4c20,TR_d2449bff56953d7a4c20_L1,INITIAL_STOP,0.04774,62828.0,63399.66,2026-08-17T02:53:00+00:00,-27.291048400000165,6026.1084884
TR_cf639dbf6b1e6b0a0b7c,TR_cf639dbf6b1e6b0a0b7c_L1,TP1,0.01539,64941.15,66049.97,2026-08-19T15:06:00+00:00,17.064739799999995,2015.9533367999998
TR_cf639dbf6b1e6b0a0b7c,TR_cf639dbf6b1e6b0a0b7c_L2,TP2,0.01539,64941.15,67110.21,2026-08-19T15:25:00+00:00,33.381833400000076,2032.2704304000001
TR_cf639dbf6b1e6b0a0b7c,TR_cf639dbf6b1e6b0a0b7c_L3,TRAILING_STOP,0.015410000000000002,64941.15,71661.75,2026-08-20T12:07:00+00:00,103.56444599999999,2105.050689
TR_bb47f189f98058ab6d79,TR_bb47f189f98058ab6d79_L1,INITIAL_STOP,0.03822,78478.67,78154.73,2026-08-31T12:26:00+00:00,-12.380986800000088,5986.528547999999
TR_5845d408af551c148e37,TR_5845d408af551c148e37_L1,INITIAL_STOP,0.03736,80290.0,79118.73,2026-09-07T07:41:00+00:00,-43.75864720000015,5955.510152799999
TR_b7d75d9f0eb743bc9728,TR_b7d75d9f0eb743bc9728_L1,TP1,0.01293,77287.26,78205.37,2026-09-14T09:53:00+00:00,11.871162300000009,2010.5197059000002
TR_b7d75d9f0eb743bc9728,TR_b7d75d9f0eb743bc9728_L2,TP2,0.01293,77287.26,79156.32,2026-09-14T18:23:00+00:00,24.16694580000016,2022.8154894000004
TR_b7d75d9f0eb743bc9728,TR_b7d75d9f0eb743bc9728_L3,TRAILING_STOP,0.012949999999999996,77287.26,78961.79,2026-09-14T19:39:00+00:00,21.68516349999998,2023.4251974999993
