candidate_id,signal_ts_utc,side,candidate_group,comparison_setup_variant,loss_filter_policy,component_a,component_b,union_a_or_b
SCOUT_51b12e624d01e0e2e985,2026-03-19T23:40:00+00:00,SHORT,PEAK_EMIT_BASELINE,,UNION_A_OR_B,True,True,True
SCOUT_8b8efa990f67629d96aa,2026-04-04T21:56:00+00:00,LONG,PEAK_EMIT_BASELINE,,UNION_A_OR_B,True,False,True
SCOUT_b9807d4f0a39673d8aeb,2026-04-05T12:34:00+00:00,SHORT,PEAK_EMIT_BASELINE,,UNION_A_OR_B,True,False,True
SCOUT_e3c5bd05934ccd5ca33d,2026-04-15T05:38:00+00:00,SHORT,GATE_REJECT,,UNION_A_OR_B,True,False,True
SCOUT_2eb9fce285ba04239e3b,2026-04-23T08:45:00+00:00,SHORT,PEAK_EMIT_BASELINE,,UNION_A_OR_B,False,True,True
SCOUT_2220bb578141714c70b2,2026-05-08T17:31:00+00:00,LONG,PEAK_EMIT_BASELINE,,UNION_A_OR_B,False,True,True
SCOUT_0ed3ed5288ca8811f019,2026-05-10T15:03:00+00:00,LONG,GATE_REJECT,,UNION_A_OR_B,False,True,True
SCOUT_6933311c9ce77697d24c,2026-05-14T10:42:00+00:00,SHORT,GATE_REJECT,,UNION_A_OR_B,True,True,True
SCOUT_5a02c02bc2459f13566a,2026-05-15T02:52:00+00:00,LONG,PEAK_EMIT_BASELINE,,UNION_A_OR_B,False,True,True
SCOUT_f2ecb2c95ec58efb8479,2026-05-26T14:25:00+00:00,LONG,PEAK_EMIT_BASELINE,,UNION_A_OR_B,False,True,True
SCOUT_24cbc45ad30a6d1dfff0,2026-05-29T18:53:00+00:00,SHORT,PEAK_EMIT_BASELINE,,UNION_A_OR_B,False,True,True
SCOUT_30ed35bfb003764f7e4a,2026-06-10T02:18:00+00:00,SHORT,PEAK_EMIT_BASELINE,,UNION_A_OR_B,True,False,True
SCOUT_f3b43969d34fe0125a71,2026-06-11T23:41:00+00:00,LONG,PEAK_EMIT_BASELINE,,UNION_A_OR_B,False,True,True
SCOUT_1ba50cd6fd66b30aa12c,2026-06-18T03:16:00+00:00,SHORT,GATE_REJECT,,UNION_A_OR_B,True,False,True
SCOUT_d2a8042a353d0a95e9b1,2026-06-21T21:10:00+00:00,SHORT,PEAK_EMIT_BASELINE,,UNION_A_OR_B,False,True,True
SCOUT_08e93878648179f319cf,2026-06-24T11:49:00+00:00,LONG,PEAK_EMIT_BASELINE,,UNION_A_OR_B,True,True,True
SCOUT_4746e9fd7b516879c91f,2026-06-26T12:44:00+00:00,SHORT,PEAK_EMIT_BASELINE,,UNION_A_OR_B,False,True,True
SCOUT_72b9d7348593d2e23817,2026-06-29T13:47:00+00:00,SHORT,PEAK_EMIT_BASELINE,,UNION_A_OR_B,False,True,True
SCOUT_3238f71cda7e97814be5,2026-07-18T10:36:00+00:00,LONG,GATE_REJECT,,UNION_A_OR_B,False,True,True
SCOUT_1ae5cc73ea0fa2b34ab2,2026-08-02T00:35:00+00:00,SHORT,GATE_REJECT,,UNION_A_OR_B,False,True,True
SCOUT_f034eeb8dd79acc6d467,2026-08-07T19:37:00+00:00,LONG,PEAK_EMIT_BASELINE,,UNION_A_OR_B,True,True,True
SCOUT_a6896bff294e160d27ad,2026-08-08T01:12:00+00:00,LONG,PEAK_EMIT_BASELINE,,UNION_A_OR_B,False,True,True
SCOUT_70863dcf548d7f1e3d1b,2026-08-13T16:42:00+00:00,SHORT,GATE_REJECT,,UNION_A_OR_B,False,True,True
SCOUT_bf8fcdb7273d7e7333bf,2026-08-19T12:35:00+00:00,LONG,PEAK_EMIT_BASELINE,,UNION_A_OR_B,False,True,True
SCOUT_bb2d62b91783ae15dad5,2026-08-19T12:38:00+00:00,LONG,PEAK_EMIT_BASELINE,,UNION_A_OR_B,False,True,True
SCOUT_ae04c7dcdb352c9ce1d4,2026-09-04T08:39:00+00:00,LONG,PEAK_EMIT_BASELINE,,UNION_A_OR_B,True,False,True
SCOUT_d3cd00a69e65e55f08c2,2026-09-14T02:09:00+00:00,LONG,PEAK_EMIT_BASELINE,,UNION_A_OR_B,True,False,True
SCOUT_40ab9eaacac0a9999b56,2026-09-16T17:38:00+00:00,SHORT,PEAK_EMIT_BASELINE,,UNION_A_OR_B,True,True,True
SCOUT_eb887657605ea5e53ffe,2026-09-25T11:08:00+00:00,LONG,PEAK_EMIT_BASELINE,,UNION_A_OR_B,False,True,True
