target_ts,Timestamp,minutes_from_target,Close,VWAP,BuyQty,SellQty,OpenInterest,FundingRate,LiqBuyQty,LiqSellQty,IsSynthetic,delta_1m,vol_1m,price_minus_vwap
2026-04-05 00:20:00,2026-04-05 00:00:00,-20,,,1.515450,4.890100,,,,,,-3.374650,,
2026-04-05 00:20:00,2026-04-05 00:01:00,-19,,,0.851580,3.204370,,,,,,-2.352790,,
2026-04-05 00:20:00,2026-04-05 00:02:00,-18,,,0.510610,0.690080,,,,,,-0.179470,,
2026-04-05 00:20:00,2026-04-05 00:03:00,-17,,,1.786930,1.987890,,,,,,-0.200960,,
2026-04-05 00:20:00,2026-04-05 00:04:00,-16,,,3.595490,1.182390,,,,,,2.413100,,
2026-04-05 00:20:00,2026-04-05 00:05:00,-15,,,2.648300,3.120450,,,,,,-0.472150,,
2026-04-05 00:20:00,2026-04-05 00:06:00,-14,,,0.472890,1.231660,,,,,,-0.758770,,
2026-04-05 00:20:00,2026-04-05 00:07:00,-13,,,1.227210,1.392740,,,,,,-0.165530,,
2026-04-05 00:20:00,2026-04-05 00:08:00,-12,,,0.511060,0.194510,,,,,,0.316550,,
2026-04-05 00:20:00,2026-04-05 00:09:00,-11,,,0.293360,0.193580,,,,,,0.099780,,
2026-04-05 00:20:00,2026-04-05 00:10:00,-10,,,0.427490,0.118360,,,,,,0.309130,,
2026-04-05 00:20:00,2026-04-05 00:11:00,-9,,,1.961790,5.659060,,,,,,-3.697270,,
2026-04-05 00:20:00,2026-04-05 00:12:00,-8,,,0.860970,0.217160,,,,,,0.643810,,
2026-04-05 00:20:00,2026-04-05 00:13:00,-7,,,3.048840,0.348320,,,,,,2.700520,,
2026-04-05 00:20:00,2026-04-05 00:14:00,-6,,,0.196920,0.348830,,,,,,-0.151910,,
2026-04-05 00:20:00,2026-04-05 00:15:00,-5,,,4.467090,0.420660,,,,,,4.046430,,
2026-04-05 00:20:00,2026-04-05 00:16:00,-4,,,1.196460,0.145180,,,,,,1.051280,,
2026-04-05 00:20:00,2026-04-05 00:17:00,-3,,,1.820480,0.137370,,,,,,1.683110,,
2026-04-05 00:20:00,2026-04-05 00:18:00,-2,,,6.227020,1.880620,,,,,,4.346400,,
2026-04-05 00:20:00,2026-04-05 00:19:00,-1,,,0.826680,0.719670,,,,,,0.107010,,
2026-04-05 00:20:00,2026-04-05 00:20:00,0,,,27.907070,1.136860,,,,,,26.770210,,
2026-04-05 00:20:00,2026-04-05 00:21:00,1,,,4.867370,1.784110,,,,,,3.083260,,
2026-04-05 00:20:00,2026-04-05 00:22:00,2,,,0.418160,1.232590,,,,,,-0.814430,,
2026-04-05 00:20:00,2026-04-05 00:23:00,3,,,1.450180,0.813850,,,,,,0.636330,,
2026-04-05 00:20:00,2026-04-05 00:24:00,4,,,2.378510,0.509510,,,,,,1.869000,,
2026-04-05 00:20:00,2026-04-05 00:25:00,5,,,28.437030,2.875080,,,,,,25.561950,,
2026-04-05 00:20:00,2026-04-05 00:26:00,6,,,4.626140,3.942510,,,,,,0.683630,,
2026-04-05 00:20:00,2026-04-05 00:27:00,7,,,1.307010,0.660630,,,,,,0.646380,,
2026-04-05 00:20:00,2026-04-05 00:28:00,8,,,6.219170,0.768700,,,,,,5.450470,,
2026-04-05 00:20:00,2026-04-05 00:29:00,9,,,0.336410,0.137550,,,,,,0.198860,,
2026-04-05 00:20:00,2026-04-05 00:30:00,10,,,0.304770,2.321650,,,,,,-2.016880,,
2026-04-05 00:20:00,2026-04-05 00:31:00,11,,,1.049720,0.280130,,,,,,0.769590,,
2026-04-05 00:20:00,2026-04-05 00:32:00,12,,,0.282440,0.470640,,,,,,-0.188200,,
2026-04-05 00:20:00,2026-04-05 00:33:00,13,,,2.069100,2.070660,,,,,,-0.001560,,
2026-04-05 00:20:00,2026-04-05 00:34:00,14,,,1.009390,0.139440,,,,,,0.869950,,
2026-04-05 00:20:00,2026-04-05 00:35:00,15,,,1.052960,1.529670,,,,,,-0.476710,,
2026-04-05 00:20:00,2026-04-05 00:36:00,16,,,0.609720,0.570240,,,,,,0.039480,,
2026-04-05 00:20:00,2026-04-05 00:37:00,17,,,0.442330,0.553540,,,,,,-0.111210,,
2026-04-05 00:20:00,2026-04-05 00:38:00,18,,,0.200070,0.335560,,,,,,-0.135490,,
2026-04-05 00:20:00,2026-04-05 00:39:00,19,,,0.221300,1.635200,,,,,,-1.413900,,
2026-04-05 00:20:00,2026-04-05 00:40:00,20,,,0.196210,5.249700,,,,,,-5.053490,,
2026-04-05 00:20:00,2026-04-05 00:41:00,21,,,4.100800,0.570830,,,,,,3.529970,,
2026-04-05 00:20:00,2026-04-05 00:42:00,22,,,0.180190,0.646420,,,,,,-0.466230,,
2026-04-05 00:20:00,2026-04-05 00:43:00,23,,,0.773210,0.384840,,,,,,0.388370,,
2026-04-05 00:20:00,2026-04-05 00:44:00,24,,,0.217270,0.438750,,,,,,-0.221480,,
2026-04-05 00:20:00,2026-04-05 00:45:00,25,,,58.183350,1.322700,,,,,,56.860650,,
2026-04-05 00:20:00,2026-04-05 00:46:00,26,,,1.113240,50.808430,,,,,,-49.695190,,
2026-04-05 00:20:00,2026-04-05 00:47:00,27,,,0.419090,0.534690,,,,,,-0.115600,,
2026-04-05 00:20:00,2026-04-05 00:48:00,28,,,1.544610,1.331160,,,,,,0.213450,,
2026-04-05 00:20:00,2026-04-05 00:49:00,29,,,0.213110,0.196610,,,,,,0.016500,,
2026-04-05 00:20:00,2026-04-05 00:50:00,30,,,1.206220,3.437370,,,,,,-2.231150,,
2026-04-05 00:45:00,2026-04-05 00:15:00,-30,,,4.467090,0.420660,,,,,,4.046430,,
2026-04-05 00:45:00,2026-04-05 00:16:00,-29,,,1.196460,0.145180,,,,,,1.051280,,
2026-04-05 00:45:00,2026-04-05 00:17:00,-28,,,1.820480,0.137370,,,,,,1.683110,,
2026-04-05 00:45:00,2026-04-05 00:18:00,-27,,,6.227020,1.880620,,,,,,4.346400,,
2026-04-05 00:45:00,2026-04-05 00:19:00,-26,,,0.826680,0.719670,,,,,,0.107010,,
2026-04-05 00:45:00,2026-04-05 00:20:00,-25,,,27.907070,1.136860,,,,,,26.770210,,
2026-04-05 00:45:00,2026-04-05 00:21:00,-24,,,4.867370,1.784110,,,,,,3.083260,,
2026-04-05 00:45:00,2026-04-05 00:22:00,-23,,,0.418160,1.232590,,,,,,-0.814430,,
2026-04-05 00:45:00,2026-04-05 00:23:00,-22,,,1.450180,0.813850,,,,,,0.636330,,
2026-04-05 00:45:00,2026-04-05 00:24:00,-21,,,2.378510,0.509510,,,,,,1.869000,,
2026-04-05 00:45:00,2026-04-05 00:25:00,-20,,,28.437030,2.875080,,,,,,25.561950,,
2026-04-05 00:45:00,2026-04-05 00:26:00,-19,,,4.626140,3.942510,,,,,,0.683630,,
2026-04-05 00:45:00,2026-04-05 00:27:00,-18,,,1.307010,0.660630,,,,,,0.646380,,
2026-04-05 00:45:00,2026-04-05 00:28:00,-17,,,6.219170,0.768700,,,,,,5.450470,,
2026-04-05 00:45:00,2026-04-05 00:29:00,-16,,,0.336410,0.137550,,,,,,0.198860,,
2026-04-05 00:45:00,2026-04-05 00:30:00,-15,,,0.304770,2.321650,,,,,,-2.016880,,
2026-04-05 00:45:00,2026-04-05 00:31:00,-14,,,1.049720,0.280130,,,,,,0.769590,,
2026-04-05 00:45:00,2026-04-05 00:32:00,-13,,,0.282440,0.470640,,,,,,-0.188200,,
2026-04-05 00:45:00,2026-04-05 00:33:00,-12,,,2.069100,2.070660,,,,,,-0.001560,,
2026-04-05 00:45:00,2026-04-05 00:34:00,-11,,,1.009390,0.139440,,,,,,0.869950,,
2026-04-05 00:45:00,2026-04-05 00:35:00,-10,,,1.052960,1.529670,,,,,,-0.476710,,
2026-04-05 00:45:00,2026-04-05 00:36:00,-9,,,0.609720,0.570240,,,,,,0.039480,,
2026-04-05 00:45:00,2026-04-05 00:37:00,-8,,,0.442330,0.553540,,,,,,-0.111210,,
2026-04-05 00:45:00,2026-04-05 00:38:00,-7,,,0.200070,0.335560,,,,,,-0.135490,,
2026-04-05 00:45:00,2026-04-05 00:39:00,-6,,,0.221300,1.635200,,,,,,-1.413900,,
2026-04-05 00:45:00,2026-04-05 00:40:00,-5,,,0.196210,5.249700,,,,,,-5.053490,,
2026-04-05 00:45:00,2026-04-05 00:41:00,-4,,,4.100800,0.570830,,,,,,3.529970,,
2026-04-05 00:45:00,2026-04-05 00:42:00,-3,,,0.180190,0.646420,,,,,,-0.466230,,
2026-04-05 00:45:00,2026-04-05 00:43:00,-2,,,0.773210,0.384840,,,,,,0.388370,,
2026-04-05 00:45:00,2026-04-05 00:44:00,-1,,,0.217270,0.438750,,,,,,-0.221480,,
2026-04-05 00:45:00,2026-04-05 00:45:00,0,,,58.183350,1.322700,,,,,,56.860650,,
2026-04-05 00:45:00,2026-04-05 00:46:00,1,,,1.113240,50.808430,,,,,,-49.695190,,
2026-04-05 00:45:00,2026-04-05 00:47:00,2,,,0.419090,0.534690,,,,,,-0.115600,,
2026-04-05 00:45:00,2026-04-05 00:48:00,3,,,1.544610,1.331160,,,,,,0.213450,,
2026-04-05 00:45:00,2026-04-05 00:49:00,4,,,0.213110,0.196610,,,,,,0.016500,,
2026-04-05 00:45:00,2026-04-05 00:50:00,5,,,1.206220,3.437370,,,,,,-2.231150,,
2026-04-05 00:45:00,2026-04-05 00:51:00,6,,,0.243580,0.341530,,,,,,-0.097950,,
2026-04-05 00:45:00,2026-04-05 00:52:00,7,,,0.380590,0.503880,,,,,,-0.123290,,
2026-04-05 00:45:00,2026-04-05 00:53:00,8,,,1.135840,0.491080,,,,,,0.644760,,
2026-04-05 00:45:00,2026-04-05 00:54:00,9,,,0.267980,0.107970,,,,,,0.160010,,
2026-04-05 00:45:00,2026-04-05 00:55:00,10,,,0.509820,0.267260,,,,,,0.242560,,
2026-04-05 00:45:00,2026-04-05 00:56:00,11,,,0.261660,0.891440,,,,,,-0.629780,,
2026-04-05 00:45:00,2026-04-05 00:57:00,12,,,0.232140,0.273330,,,,,,-0.041190,,
2026-04-05 00:45:00,2026-04-05 00:58:00,13,,,0.503300,0.352630,,,,,,0.150670,,
2026-04-05 00:45:00,2026-04-05 00:59:00,14,,,0.626890,0.295170,,,,,,0.331720,,
2026-04-05 00:45:00,2026-04-05 01:00:00,15,,,0.345560,0.153150,,,,,,0.192410,,
2026-04-05 00:45:00,2026-04-05 01:01:00,16,,,0.241710,0.247220,,,,,,-0.005510,,
2026-04-05 00:45:00,2026-04-05 01:02:00,17,,,0.251780,0.629710,,,,,,-0.377930,,
2026-04-05 00:45:00,2026-04-05 01:03:00,18,,,0.344650,0.922130,,,,,,-0.577480,,
2026-04-05 00:45:00,2026-04-05 01:04:00,19,,,3.669140,1.621820,,,,,,2.047320,,
2026-04-05 00:45:00,2026-04-05 01:05:00,20,,,12.995690,0.972250,,,,,,12.023440,,
2026-04-05 00:45:00,2026-04-05 01:06:00,21,,,0.370380,1.319630,,,,,,-0.949250,,
2026-04-05 00:45:00,2026-04-05 01:07:00,22,,,0.403110,0.751900,,,,,,-0.348790,,
2026-04-05 00:45:00,2026-04-05 01:08:00,23,,,0.307230,0.446300,,,,,,-0.139070,,
2026-04-05 00:45:00,2026-04-05 01:09:00,24,,,0.239250,0.733270,,,,,,-0.494020,,
2026-04-05 00:45:00,2026-04-05 01:10:00,25,,,63.683250,2.308950,,,,,,61.374300,,
2026-04-05 00:45:00,2026-04-05 01:11:00,26,,,2.612900,59.862350,,,,,,-57.249450,,
2026-04-05 00:45:00,2026-04-05 01:12:00,27,,,0.431120,0.442720,,,,,,-0.011600,,
2026-04-05 00:45:00,2026-04-05 01:13:00,28,,,0.380480,0.379490,,,,,,0.000990,,
2026-04-05 00:45:00,2026-04-05 01:14:00,29,,,0.516980,0.377360,,,,,,0.139620,,
2026-04-05 00:45:00,2026-04-05 01:15:00,30,,,0.310070,0.269460,,,,,,0.040610,,
2026-04-05 00:46:00,2026-04-05 00:16:00,-30,,,1.196460,0.145180,,,,,,1.051280,,
2026-04-05 00:46:00,2026-04-05 00:17:00,-29,,,1.820480,0.137370,,,,,,1.683110,,
2026-04-05 00:46:00,2026-04-05 00:18:00,-28,,,6.227020,1.880620,,,,,,4.346400,,
2026-04-05 00:46:00,2026-04-05 00:19:00,-27,,,0.826680,0.719670,,,,,,0.107010,,
2026-04-05 00:46:00,2026-04-05 00:20:00,-26,,,27.907070,1.136860,,,,,,26.770210,,
2026-04-05 00:46:00,2026-04-05 00:21:00,-25,,,4.867370,1.784110,,,,,,3.083260,,
2026-04-05 00:46:00,2026-04-05 00:22:00,-24,,,0.418160,1.232590,,,,,,-0.814430,,
2026-04-05 00:46:00,2026-04-05 00:23:00,-23,,,1.450180,0.813850,,,,,,0.636330,,
2026-04-05 00:46:00,2026-04-05 00:24:00,-22,,,2.378510,0.509510,,,,,,1.869000,,
2026-04-05 00:46:00,2026-04-05 00:25:00,-21,,,28.437030,2.875080,,,,,,25.561950,,
2026-04-05 00:46:00,2026-04-05 00:26:00,-20,,,4.626140,3.942510,,,,,,0.683630,,
2026-04-05 00:46:00,2026-04-05 00:27:00,-19,,,1.307010,0.660630,,,,,,0.646380,,
2026-04-05 00:46:00,2026-04-05 00:28:00,-18,,,6.219170,0.768700,,,,,,5.450470,,
2026-04-05 00:46:00,2026-04-05 00:29:00,-17,,,0.336410,0.137550,,,,,,0.198860,,
2026-04-05 00:46:00,2026-04-05 00:30:00,-16,,,0.304770,2.321650,,,,,,-2.016880,,
2026-04-05 00:46:00,2026-04-05 00:31:00,-15,,,1.049720,0.280130,,,,,,0.769590,,
2026-04-05 00:46:00,2026-04-05 00:32:00,-14,,,0.282440,0.470640,,,,,,-0.188200,,
2026-04-05 00:46:00,2026-04-05 00:33:00,-13,,,2.069100,2.070660,,,,,,-0.001560,,
2026-04-05 00:46:00,2026-04-05 00:34:00,-12,,,1.009390,0.139440,,,,,,0.869950,,
2026-04-05 00:46:00,2026-04-05 00:35:00,-11,,,1.052960,1.529670,,,,,,-0.476710,,
2026-04-05 00:46:00,2026-04-05 00:36:00,-10,,,0.609720,0.570240,,,,,,0.039480,,
2026-04-05 00:46:00,2026-04-05 00:37:00,-9,,,0.442330,0.553540,,,,,,-0.111210,,
2026-04-05 00:46:00,2026-04-05 00:38:00,-8,,,0.200070,0.335560,,,,,,-0.135490,,
2026-04-05 00:46:00,2026-04-05 00:39:00,-7,,,0.221300,1.635200,,,,,,-1.413900,,
2026-04-05 00:46:00,2026-04-05 00:40:00,-6,,,0.196210,5.249700,,,,,,-5.053490,,
2026-04-05 00:46:00,2026-04-05 00:41:00,-5,,,4.100800,0.570830,,,,,,3.529970,,
2026-04-05 00:46:00,2026-04-05 00:42:00,-4,,,0.180190,0.646420,,,,,,-0.466230,,
2026-04-05 00:46:00,2026-04-05 00:43:00,-3,,,0.773210,0.384840,,,,,,0.388370,,
2026-04-05 00:46:00,2026-04-05 00:44:00,-2,,,0.217270,0.438750,,,,,,-0.221480,,
2026-04-05 00:46:00,2026-04-05 00:45:00,-1,,,58.183350,1.322700,,,,,,56.860650,,
2026-04-05 00:46:00,2026-04-05 00:46:00,0,,,1.113240,50.808430,,,,,,-49.695190,,
2026-04-05 00:46:00,2026-04-05 00:47:00,1,,,0.419090,0.534690,,,,,,-0.115600,,
2026-04-05 00:46:00,2026-04-05 00:48:00,2,,,1.544610,1.331160,,,,,,0.213450,,
2026-04-05 00:46:00,2026-04-05 00:49:00,3,,,0.213110,0.196610,,,,,,0.016500,,
2026-04-05 00:46:00,2026-04-05 00:50:00,4,,,1.206220,3.437370,,,,,,-2.231150,,
2026-04-05 00:46:00,2026-04-05 00:51:00,5,,,0.243580,0.341530,,,,,,-0.097950,,
2026-04-05 00:46:00,2026-04-05 00:52:00,6,,,0.380590,0.503880,,,,,,-0.123290,,
2026-04-05 00:46:00,2026-04-05 00:53:00,7,,,1.135840,0.491080,,,,,,0.644760,,
2026-04-05 00:46:00,2026-04-05 00:54:00,8,,,0.267980,0.107970,,,,,,0.160010,,
2026-04-05 00:46:00,2026-04-05 00:55:00,9,,,0.509820,0.267260,,,,,,0.242560,,
2026-04-05 00:46:00,2026-04-05 00:56:00,10,,,0.261660,0.891440,,,,,,-0.629780,,
2026-04-05 00:46:00,2026-04-05 00:57:00,11,,,0.232140,0.273330,,,,,,-0.041190,,
2026-04-05 00:46:00,2026-04-05 00:58:00,12,,,0.503300,0.352630,,,,,,0.150670,,
2026-04-05 00:46:00,2026-04-05 00:59:00,13,,,0.626890,0.295170,,,,,,0.331720,,
2026-04-05 00:46:00,2026-04-05 01:00:00,14,,,0.345560,0.153150,,,,,,0.192410,,
2026-04-05 00:46:00,2026-04-05 01:01:00,15,,,0.241710,0.247220,,,,,,-0.005510,,
2026-04-05 00:46:00,2026-04-05 01:02:00,16,,,0.251780,0.629710,,,,,,-0.377930,,
2026-04-05 00:46:00,2026-04-05 01:03:00,17,,,0.344650,0.922130,,,,,,-0.577480,,
2026-04-05 00:46:00,2026-04-05 01:04:00,18,,,3.669140,1.621820,,,,,,2.047320,,
2026-04-05 00:46:00,2026-04-05 01:05:00,19,,,12.995690,0.972250,,,,,,12.023440,,
2026-04-05 00:46:00,2026-04-05 01:06:00,20,,,0.370380,1.319630,,,,,,-0.949250,,
2026-04-05 00:46:00,2026-04-05 01:07:00,21,,,0.403110,0.751900,,,,,,-0.348790,,
2026-04-05 00:46:00,2026-04-05 01:08:00,22,,,0.307230,0.446300,,,,,,-0.139070,,
2026-04-05 00:46:00,2026-04-05 01:09:00,23,,,0.239250,0.733270,,,,,,-0.494020,,
2026-04-05 00:46:00,2026-04-05 01:10:00,24,,,63.683250,2.308950,,,,,,61.374300,,
2026-04-05 00:46:00,2026-04-05 01:11:00,25,,,2.612900,59.862350,,,,,,-57.249450,,
2026-04-05 00:46:00,2026-04-05 01:12:00,26,,,0.431120,0.442720,,,,,,-0.011600,,
2026-04-05 00:46:00,2026-04-05 01:13:00,27,,,0.380480,0.379490,,,,,,0.000990,,
2026-04-05 00:46:00,2026-04-05 01:14:00,28,,,0.516980,0.377360,,,,,,0.139620,,
2026-04-05 00:46:00,2026-04-05 01:15:00,29,,,0.310070,0.269460,,,,,,0.040610,,
2026-04-05 00:46:00,2026-04-05 01:16:00,30,,,0.643430,0.665450,,,,,,-0.022020,,
2026-04-05 01:46:00,2026-04-05 01:16:00,-30,,,0.643430,0.665450,,,,,,-0.022020,,
2026-04-05 01:46:00,2026-04-05 01:17:00,-29,,,0.259720,0.214530,,,,,,0.045190,,
2026-04-05 01:46:00,2026-04-05 01:18:00,-28,,,0.199510,1.816410,,,,,,-1.616900,,
2026-04-05 01:46:00,2026-04-05 01:19:00,-27,,,0.694380,0.175530,,,,,,0.518850,,
2026-04-05 01:46:00,2026-04-05 01:20:00,-26,,,0.349780,4.921190,,,,,,-4.571410,,
2026-04-05 01:46:00,2026-04-05 01:21:00,-25,,,1.942040,0.300120,,,,,,1.641920,,
2026-04-05 01:46:00,2026-04-05 01:22:00,-24,,,4.886610,5.398670,,,,,,-0.512060,,
2026-04-05 01:46:00,2026-04-05 01:23:00,-23,,,0.241510,3.125870,,,,,,-2.884360,,
2026-04-05 01:46:00,2026-04-05 01:24:00,-22,,,0.354920,0.546060,,,,,,-0.191140,,
2026-04-05 01:46:00,2026-04-05 01:25:00,-21,,,0.638750,0.302880,,,,,,0.335870,,
2026-04-05 01:46:00,2026-04-05 01:26:00,-20,,,0.947890,2.078680,,,,,,-1.130790,,
2026-04-05 01:46:00,2026-04-05 01:27:00,-19,,,0.280720,0.736510,,,,,,-0.455790,,
2026-04-05 01:46:00,2026-04-05 01:28:00,-18,,,0.208320,0.379600,,,,,,-0.171280,,
2026-04-05 01:46:00,2026-04-05 01:29:00,-17,,,0.410980,0.223240,,,,,,0.187740,,
2026-04-05 01:46:00,2026-04-05 01:30:00,-16,,,0.558840,0.984550,,,,,,-0.425710,,
2026-04-05 01:46:00,2026-04-05 01:31:00,-15,,,5.863320,0.245350,,,,,,5.617970,,
2026-04-05 01:46:00,2026-04-05 01:32:00,-14,,,0.362740,1.062790,,,,,,-0.700050,,
2026-04-05 01:46:00,2026-04-05 01:33:00,-13,,,0.206290,0.484560,,,,,,-0.278270,,
2026-04-05 01:46:00,2026-04-05 01:34:00,-12,,,0.434500,0.486850,,,,,,-0.052350,,
2026-04-05 01:46:00,2026-04-05 01:35:00,-11,,,0.398990,0.113310,,,,,,0.285680,,
2026-04-05 01:46:00,2026-04-05 01:36:00,-10,,,0.290070,0.413690,,,,,,-0.123620,,
2026-04-05 01:46:00,2026-04-05 01:37:00,-9,,,0.145740,0.259230,,,,,,-0.113490,,
2026-04-05 01:46:00,2026-04-05 01:38:00,-8,,,0.375210,2.584650,,,,,,-2.209440,,
2026-04-05 01:46:00,2026-04-05 01:39:00,-7,,,0.238320,0.197470,,,,,,0.040850,,
2026-04-05 01:46:00,2026-04-05 01:40:00,-6,,,0.246220,0.987170,,,,,,-0.740950,,
2026-04-05 01:46:00,2026-04-05 01:41:00,-5,,,0.301020,1.951380,,,,,,-1.650360,,
2026-04-05 01:46:00,2026-04-05 01:42:00,-4,,,0.260510,0.256870,,,,,,0.003640,,
2026-04-05 01:46:00,2026-04-05 01:43:00,-3,,,0.303260,1.057990,,,,,,-0.754730,,
2026-04-05 01:46:00,2026-04-05 01:44:00,-2,,,1.663790,0.475510,,,,,,1.188280,,
2026-04-05 01:46:00,2026-04-05 01:45:00,-1,,,66.701840,17.116220,,,,,,49.585620,,
2026-04-05 01:46:00,2026-04-05 01:46:00,0,,,0.940020,76.986390,,,,,,-76.046370,,
2026-04-05 01:46:00,2026-04-05 01:47:00,1,,,0.362830,0.812380,,,,,,-0.449550,,
2026-04-05 01:46:00,2026-04-05 01:48:00,2,,,0.358510,0.133250,,,,,,0.225260,,
2026-04-05 01:46:00,2026-04-05 01:49:00,3,,,2.839060,0.969870,,,,,,1.869190,,
2026-04-05 01:46:00,2026-04-05 01:50:00,4,,,0.991040,0.185290,,,,,,0.805750,,
2026-04-05 01:46:00,2026-04-05 01:51:00,5,,,0.571150,2.821640,,,,,,-2.250490,,
2026-04-05 01:46:00,2026-04-05 01:52:00,6,,,0.913960,0.110990,,,,,,0.802970,,
2026-04-05 01:46:00,2026-04-05 01:53:00,7,,,0.992770,0.225640,,,,,,0.767130,,
2026-04-05 01:46:00,2026-04-05 01:54:00,8,,,1.569590,1.191260,,,,,,0.378330,,
2026-04-05 01:46:00,2026-04-05 01:55:00,9,,,0.349050,0.122340,,,,,,0.226710,,
2026-04-05 01:46:00,2026-04-05 01:56:00,10,,,0.189740,0.408970,,,,,,-0.219230,,
2026-04-05 01:46:00,2026-04-05 01:57:00,11,,,0.272240,0.331600,,,,,,-0.059360,,
2026-04-05 01:46:00,2026-04-05 01:58:00,12,,,0.593770,1.244070,,,,,,-0.650300,,
2026-04-05 01:46:00,2026-04-05 01:59:00,13,,,0.308800,0.766170,,,,,,-0.457370,,
2026-04-05 01:46:00,2026-04-05 02:00:00,14,,,0.428230,1.258150,,,,,,-0.829920,,
2026-04-05 01:46:00,2026-04-05 02:01:00,15,,,1.875030,0.635220,,,,,,1.239810,,
2026-04-05 01:46:00,2026-04-05 02:02:00,16,,,1.832480,0.579470,,,,,,1.253010,,
2026-04-05 01:46:00,2026-04-05 02:03:00,17,,,0.561640,0.364200,,,,,,0.197440,,
2026-04-05 01:46:00,2026-04-05 02:04:00,18,,,0.697940,0.561250,,,,,,0.136690,,
2026-04-05 01:46:00,2026-04-05 02:05:00,19,,,0.295360,0.543880,,,,,,-0.248520,,
2026-04-05 01:46:00,2026-04-05 02:06:00,20,,,0.277410,1.426220,,,,,,-1.148810,,
2026-04-05 01:46:00,2026-04-05 02:07:00,21,,,0.433330,0.911170,,,,,,-0.477840,,
2026-04-05 01:46:00,2026-04-05 02:08:00,22,,,0.240710,0.661040,,,,,,-0.420330,,
2026-04-05 01:46:00,2026-04-05 02:09:00,23,,,0.278540,0.429690,,,,,,-0.151150,,
2026-04-05 01:46:00,2026-04-05 02:10:00,24,,,0.875990,0.521160,,,,,,0.354830,,
2026-04-05 01:46:00,2026-04-05 02:11:00,25,,,0.415740,2.133500,,,,,,-1.717760,,
2026-04-05 01:46:00,2026-04-05 02:12:00,26,,,0.196780,0.432530,,,,,,-0.235750,,
2026-04-05 01:46:00,2026-04-05 02:13:00,27,,,0.781630,1.999190,,,,,,-1.217560,,
2026-04-05 01:46:00,2026-04-05 02:14:00,28,,,0.325560,0.902750,,,,,,-0.577190,,
2026-04-05 01:46:00,2026-04-05 02:15:00,29,,,0.915520,0.354730,,,,,,0.560790,,
2026-04-05 01:46:00,2026-04-05 02:16:00,30,,,0.276540,0.559710,,,,,,-0.283170,,
2026-04-05 07:20:00,2026-04-05 06:50:00,-30,,,0.199300,0.171540,,,,,,0.027760,,
2026-04-05 07:20:00,2026-04-05 06:51:00,-29,,,1.101590,0.045220,,,,,,1.056370,,
2026-04-05 07:20:00,2026-04-05 06:52:00,-28,,,3.035930,1.669350,,,,,,1.366580,,
2026-04-05 07:20:00,2026-04-05 06:53:00,-27,,,0.288730,0.064770,,,,,,0.223960,,
2026-04-05 07:20:00,2026-04-05 06:54:00,-26,,,0.281100,1.208060,,,,,,-0.926960,,
2026-04-05 07:20:00,2026-04-05 06:55:00,-25,,,0.409680,0.129140,,,,,,0.280540,,
2026-04-05 07:20:00,2026-04-05 06:56:00,-24,,,0.227860,0.568290,,,,,,-0.340430,,
2026-04-05 07:20:00,2026-04-05 06:57:00,-23,,,9.533550,1.727480,,,,,,7.806070,,
2026-04-05 07:20:00,2026-04-05 06:58:00,-22,,,2.049520,2.536990,,,,,,-0.487470,,
2026-04-05 07:20:00,2026-04-05 06:59:00,-21,,,0.222220,0.393530,,,,,,-0.171310,,
2026-04-05 07:20:00,2026-04-05 07:00:00,-20,,,0.610110,9.057230,,,,,,-8.447120,,
2026-04-05 07:20:00,2026-04-05 07:01:00,-19,,,0.694670,0.547830,,,,,,0.146840,,
2026-04-05 07:20:00,2026-04-05 07:02:00,-18,,,0.651870,0.128010,,,,,,0.523860,,
2026-04-05 07:20:00,2026-04-05 07:03:00,-17,,,0.399390,0.090500,,,,,,0.308890,,
2026-04-05 07:20:00,2026-04-05 07:04:00,-16,,,0.424450,0.293010,,,,,,0.131440,,
2026-04-05 07:20:00,2026-04-05 07:05:00,-15,,,0.134210,0.189440,,,,,,-0.055230,,
2026-04-05 07:20:00,2026-04-05 07:06:00,-14,,,0.227420,0.034880,,,,,,0.192540,,
2026-04-05 07:20:00,2026-04-05 07:07:00,-13,,,0.279150,0.150550,,,,,,0.128600,,
2026-04-05 07:20:00,2026-04-05 07:08:00,-12,,,0.146120,0.487970,,,,,,-0.341850,,
2026-04-05 07:20:00,2026-04-05 07:09:00,-11,,,0.633960,0.111170,,,,,,0.522790,,
2026-04-05 07:20:00,2026-04-05 07:10:00,-10,,,0.433250,0.389540,,,,,,0.043710,,
2026-04-05 07:20:00,2026-04-05 07:11:00,-9,,,0.564920,0.859520,,,,,,-0.294600,,
2026-04-05 07:20:00,2026-04-05 07:12:00,-8,,,1.797270,0.373900,,,,,,1.423370,,
2026-04-05 07:20:00,2026-04-05 07:13:00,-7,,,0.249350,3.396840,,,,,,-3.147490,,
2026-04-05 07:20:00,2026-04-05 07:14:00,-6,,,0.359980,0.549290,,,,,,-0.189310,,
2026-04-05 07:20:00,2026-04-05 07:15:00,-5,,,0.325270,1.890260,,,,,,-1.564990,,
2026-04-05 07:20:00,2026-04-05 07:16:00,-4,,,0.265730,0.076650,,,,,,0.189080,,
2026-04-05 07:20:00,2026-04-05 07:17:00,-3,,,0.336500,3.645240,,,,,,-3.308740,,
2026-04-05 07:20:00,2026-04-05 07:18:00,-2,,,0.254510,0.252260,,,,,,0.002250,,
2026-04-05 07:20:00,2026-04-05 07:19:00,-1,,,7.659440,17.905930,,,,,,-10.246490,,
2026-04-05 07:20:00,2026-04-05 07:20:00,0,,,8.195040,40.162870,,,,,,-31.967830,,
2026-04-05 07:20:00,2026-04-05 07:21:00,1,,,0.875560,1.700770,,,,,,-0.825210,,
2026-04-05 07:20:00,2026-04-05 07:22:00,2,,,4.367090,24.205420,,,,,,-19.838330,,
2026-04-05 07:20:00,2026-04-05 07:23:00,3,,,2.585170,0.147940,,,,,,2.437230,,
2026-04-05 07:20:00,2026-04-05 07:24:00,4,,,2.878900,1.847860,,,,,,1.031040,,
2026-04-05 07:20:00,2026-04-05 07:25:00,5,,,8.432320,0.252230,,,,,,8.180090,,
2026-04-05 07:20:00,2026-04-05 07:26:00,6,,,0.162280,0.152930,,,,,,0.009350,,
2026-04-05 07:20:00,2026-04-05 07:27:00,7,,,1.800430,15.987820,,,,,,-14.187390,,
2026-04-05 07:20:00,2026-04-05 07:28:00,8,,,2.443270,0.376350,,,,,,2.066920,,
2026-04-05 07:20:00,2026-04-05 07:29:00,9,,,0.771490,0.568280,,,,,,0.203210,,
2026-04-05 07:20:00,2026-04-05 07:30:00,10,,,3.763370,0.915790,,,,,,2.847580,,
2026-04-05 07:20:00,2026-04-05 07:31:00,11,,,0.155870,0.682280,,,,,,-0.526410,,
2026-04-05 07:20:00,2026-04-05 07:32:00,12,,,1.238180,0.766770,,,,,,0.471410,,
2026-04-05 07:20:00,2026-04-05 07:33:00,13,,,1.165050,0.110190,,,,,,1.054860,,
2026-04-05 07:20:00,2026-04-05 07:33:59,13,,,3.772190,1.320920,,,,,,2.451270,,
2026-04-05 07:20:00,2026-04-05 07:35:00,15,,,0.215020,2.213450,,,,,,-1.998430,,
2026-04-05 07:20:00,2026-04-05 07:36:00,16,,,10.066150,4.834830,,,,,,5.231320,,
2026-04-05 07:20:00,2026-04-05 07:37:00,17,,,36.178960,49.511140,,,,,,-13.332180,,
2026-04-05 07:20:00,2026-04-05 07:38:00,18,,,21.678690,7.918850,,,,,,13.759840,,
2026-04-05 07:20:00,2026-04-05 07:39:00,19,,,18.538970,0.339920,,,,,,18.199050,,
2026-04-05 07:20:00,2026-04-05 07:40:00,20,,,0.691580,0.783950,,,,,,-0.092370,,
2026-04-05 07:20:00,2026-04-05 07:41:00,21,,,0.237100,0.201060,,,,,,0.036040,,
2026-04-05 07:20:00,2026-04-05 07:42:00,22,,,0.250020,0.375750,,,,,,-0.125730,,
2026-04-05 07:20:00,2026-04-05 07:43:00,23,,,0.557050,0.270210,,,,,,0.286840,,
2026-04-05 07:20:00,2026-04-05 07:43:59,23,,,0.396860,0.058110,,,,,,0.338750,,
2026-04-05 07:20:00,2026-04-05 07:45:00,25,,,0.141980,0.111550,,,,,,0.030430,,
2026-04-05 07:20:00,2026-04-05 07:46:00,26,,,0.216610,0.111500,,,,,,0.105110,,
2026-04-05 07:20:00,2026-04-05 07:47:00,27,,,0.274030,0.543180,,,,,,-0.269150,,
2026-04-05 07:20:00,2026-04-05 07:48:00,28,,,0.572290,0.052110,,,,,,0.520180,,
2026-04-05 07:20:00,2026-04-05 07:49:00,29,,,0.247260,0.182440,,,,,,0.064820,,
2026-04-05 07:20:00,2026-04-05 07:50:00,30,,,0.302890,5.550130,,,,,,-5.247240,,
2026-04-05 09:53:00,2026-04-05 09:23:00,-30,,,0.421610,2.879190,,,,,,-2.457580,,
2026-04-05 09:53:00,2026-04-05 09:24:00,-29,,,0.283420,0.661680,,,,,,-0.378260,,
2026-04-05 09:53:00,2026-04-05 09:25:00,-28,,,0.947310,2.183350,,,,,,-1.236040,,
2026-04-05 09:53:00,2026-04-05 09:26:00,-27,,,0.410970,2.756870,,,,,,-2.345900,,
2026-04-05 09:53:00,2026-04-05 09:27:00,-26,,,0.421860,0.457010,,,,,,-0.035150,,
2026-04-05 09:53:00,2026-04-05 09:28:00,-25,,,1.634040,0.060410,,,,,,1.573630,,
2026-04-05 09:53:00,2026-04-05 09:29:00,-24,,,0.345880,1.006760,,,,,,-0.660880,,
2026-04-05 09:53:00,2026-04-05 09:30:00,-23,,,1.513540,1.319520,,,,,,0.194020,,
2026-04-05 09:53:00,2026-04-05 09:31:00,-22,,,0.270210,7.861820,,,,,,-7.591610,,
2026-04-05 09:53:00,2026-04-05 09:32:00,-21,,,1.518260,8.114170,,,,,,-6.595910,,
2026-04-05 09:53:00,2026-04-05 09:33:00,-20,,,1.479660,5.399490,,,,,,-3.919830,,
2026-04-05 09:53:00,2026-04-05 09:34:00,-19,,,2.913740,10.883020,,,,,,-7.969280,,
2026-04-05 09:53:00,2026-04-05 09:35:00,-18,,,1.575730,1.356790,,,,,,0.218940,,
2026-04-05 09:53:00,2026-04-05 09:36:00,-17,,,4.987220,4.644590,,,,,,0.342630,,
2026-04-05 09:53:00,2026-04-05 09:37:00,-16,,,1.650640,2.773010,,,,,,-1.122370,,
2026-04-05 09:53:00,2026-04-05 09:38:00,-15,,,1.432790,0.359380,,,,,,1.073410,,
2026-04-05 09:53:00,2026-04-05 09:39:00,-14,,,0.528540,1.649470,,,,,,-1.120930,,
2026-04-05 09:53:00,2026-04-05 09:40:00,-13,,,1.413840,1.360330,,,,,,0.053510,,
2026-04-05 09:53:00,2026-04-05 09:41:00,-12,,,0.607010,0.531510,,,,,,0.075500,,
2026-04-05 09:53:00,2026-04-05 09:42:00,-11,,,1.134830,0.546620,,,,,,0.588210,,
2026-04-05 09:53:00,2026-04-05 09:43:00,-10,,,3.947180,2.962870,,,,,,0.984310,,
2026-04-05 09:53:00,2026-04-05 09:44:00,-9,,,0.792390,0.791810,,,,,,0.000580,,
2026-04-05 09:53:00,2026-04-05 09:45:00,-8,,,0.709150,0.689710,,,,,,0.019440,,
2026-04-05 09:53:00,2026-04-05 09:46:00,-7,,,2.382200,0.892120,,,,,,1.490080,,
2026-04-05 09:53:00,2026-04-05 09:47:00,-6,,,0.886100,5.499480,,,,,,-4.613380,,
2026-04-05 09:53:00,2026-04-05 09:48:00,-5,,,7.571740,3.023240,,,,,,4.548500,,
2026-04-05 09:53:00,2026-04-05 09:49:00,-4,,,14.025980,0.694890,,,,,,13.331090,,
2026-04-05 09:53:00,2026-04-05 09:50:00,-3,,,29.085760,83.075310,,,,,,-53.989550,,
2026-04-05 09:53:00,2026-04-05 09:51:00,-2,,,7.608230,0.730680,,,,,,6.877550,,
2026-04-05 09:53:00,2026-04-05 09:52:00,-1,,,4.026170,0.534270,,,,,,3.491900,,
2026-04-05 09:53:00,2026-04-05 09:53:00,0,,,109.142590,8.864800,,,,,,100.277790,,
2026-04-05 09:53:00,2026-04-05 09:54:00,1,,,0.813200,8.037270,,,,,,-7.224070,,
2026-04-05 09:53:00,2026-04-05 09:55:00,2,,,6.230480,0.912100,,,,,,5.318380,,
2026-04-05 09:53:00,2026-04-05 09:56:00,3,,,0.357330,0.138440,,,,,,0.218890,,
2026-04-05 09:53:00,2026-04-05 09:57:00,4,,,1.463630,0.089720,,,,,,1.373910,,
2026-04-05 09:53:00,2026-04-05 09:58:00,5,,,0.804580,5.146460,,,,,,-4.341880,,
2026-04-05 09:53:00,2026-04-05 09:59:00,6,,,3.081570,2.118660,,,,,,0.962910,,
2026-04-05 09:53:00,2026-04-05 10:00:00,7,,,1.517960,0.283810,,,,,,1.234150,,
2026-04-05 09:53:00,2026-04-05 10:01:00,8,,,1.594360,3.617170,,,,,,-2.022810,,
2026-04-05 09:53:00,2026-04-05 10:02:00,9,,,2.613970,0.644520,,,,,,1.969450,,
2026-04-05 09:53:00,2026-04-05 10:03:00,10,,,10.950100,1.028910,,,,,,9.921190,,
2026-04-05 09:53:00,2026-04-05 10:04:00,11,,,0.751580,1.167610,,,,,,-0.416030,,
2026-04-05 09:53:00,2026-04-05 10:05:00,12,,,0.475940,1.617290,,,,,,-1.141350,,
2026-04-05 09:53:00,2026-04-05 10:06:00,13,,,0.713750,0.833270,,,,,,-0.119520,,
2026-04-05 09:53:00,2026-04-05 10:07:00,14,,,0.298640,0.112720,,,,,,0.185920,,
2026-04-05 09:53:00,2026-04-05 10:08:00,15,,,1.308030,0.543560,,,,,,0.764470,,
2026-04-05 09:53:00,2026-04-05 10:09:00,16,,,1.733260,0.503460,,,,,,1.229800,,
2026-04-05 09:53:00,2026-04-05 10:10:00,17,,,0.606670,1.618220,,,,,,-1.011550,,
2026-04-05 09:53:00,2026-04-05 10:11:00,18,,,0.938390,0.155840,,,,,,0.782550,,
2026-04-05 09:53:00,2026-04-05 10:12:00,19,,,5.138270,1.018770,,,,,,4.119500,,
2026-04-05 09:53:00,2026-04-05 10:13:00,20,,,0.390700,1.744090,,,,,,-1.353390,,
2026-04-05 09:53:00,2026-04-05 10:14:00,21,,,0.288240,1.984320,,,,,,-1.696080,,
2026-04-05 09:53:00,2026-04-05 10:15:00,22,,,1.574420,1.143140,,,,,,0.431280,,
2026-04-05 09:53:00,2026-04-05 10:16:00,23,,,0.957160,0.090220,,,,,,0.866940,,
2026-04-05 09:53:00,2026-04-05 10:17:00,24,,,0.710450,1.490580,,,,,,-0.780130,,
2026-04-05 09:53:00,2026-04-05 10:18:00,25,,,8.787120,1.317550,,,,,,7.469570,,
2026-04-05 09:53:00,2026-04-05 10:19:00,26,,,3.589650,2.360330,,,,,,1.229320,,
2026-04-05 09:53:00,2026-04-05 10:20:00,27,,,0.340340,0.160720,,,,,,0.179620,,
2026-04-05 09:53:00,2026-04-05 10:21:00,28,,,0.982500,1.021080,,,,,,-0.038580,,
2026-04-05 09:53:00,2026-04-05 10:22:00,29,,,1.573710,0.577890,,,,,,0.995820,,
2026-04-05 09:53:00,2026-04-05 10:23:00,30,,,0.386920,1.342260,,,,,,-0.955340,,
2026-04-05 14:31:00,2026-04-05 14:01:00,-30,,,0.259640,2.657600,,,,,,-2.397960,,
2026-04-05 14:31:00,2026-04-05 14:02:00,-29,,,1.672510,1.686050,,,,,,-0.013540,,
2026-04-05 14:31:00,2026-04-05 14:03:00,-28,,,0.312980,2.034040,,,,,,-1.721060,,
2026-04-05 14:31:00,2026-04-05 14:04:00,-27,,,0.727560,10.192660,,,,,,-9.465100,,
2026-04-05 14:31:00,2026-04-05 14:05:00,-26,,,1.664250,3.093850,,,,,,-1.429600,,
2026-04-05 14:31:00,2026-04-05 14:06:00,-25,,,1.747530,2.742270,,,,,,-0.994740,,
2026-04-05 14:31:00,2026-04-05 14:07:00,-24,,,1.487100,2.165060,,,,,,-0.677960,,
2026-04-05 14:31:00,2026-04-05 14:08:00,-23,,,2.540210,1.841310,,,,,,0.698900,,
2026-04-05 14:31:00,2026-04-05 14:09:00,-22,,,0.946220,2.350880,,,,,,-1.404660,,
2026-04-05 14:31:00,2026-04-05 14:10:00,-21,,,1.311950,4.710970,,,,,,-3.399020,,
2026-04-05 14:31:00,2026-04-05 14:11:00,-20,,,0.540450,1.318220,,,,,,-0.777770,,
2026-04-05 14:31:00,2026-04-05 14:12:00,-19,,,0.460660,3.540220,,,,,,-3.079560,,
2026-04-05 14:31:00,2026-04-05 14:13:00,-18,,,0.407580,5.985050,,,,,,-5.577470,,
2026-04-05 14:31:00,2026-04-05 14:14:00,-17,,,0.477630,2.042580,,,,,,-1.564950,,
2026-04-05 14:31:00,2026-04-05 14:15:00,-16,,,0.610440,11.367600,,,,,,-10.757160,,
2026-04-05 14:31:00,2026-04-05 14:16:00,-15,,,2.562770,2.073830,,,,,,0.488940,,
2026-04-05 14:31:00,2026-04-05 14:17:00,-14,,,1.000240,2.987450,,,,,,-1.987210,,
2026-04-05 14:31:00,2026-04-05 14:18:00,-13,,,3.419720,2.638800,,,,,,0.780920,,
2026-04-05 14:31:00,2026-04-05 14:19:00,-12,,,6.039710,2.331110,,,,,,3.708600,,
2026-04-05 14:31:00,2026-04-05 14:20:00,-11,,,7.317170,2.588890,,,,,,4.728280,,
2026-04-05 14:31:00,2026-04-05 14:21:00,-10,,,6.095370,2.426520,,,,,,3.668850,,
2026-04-05 14:31:00,2026-04-05 14:22:00,-9,,,6.348080,2.311540,,,,,,4.036540,,
2026-04-05 14:31:00,2026-04-05 14:23:00,-8,,,0.317290,2.705340,,,,,,-2.388050,,
2026-04-05 14:31:00,2026-04-05 14:24:00,-7,,,0.469000,3.103600,,,,,,-2.634600,,
2026-04-05 14:31:00,2026-04-05 14:25:00,-6,,,0.334520,2.756360,,,,,,-2.421840,,
2026-04-05 14:31:00,2026-04-05 14:26:00,-5,,,0.529660,3.614290,,,,,,-3.084630,,
2026-04-05 14:31:00,2026-04-05 14:27:00,-4,,,0.746040,2.307420,,,,,,-1.561380,,
2026-04-05 14:31:00,2026-04-05 14:28:00,-3,,,0.402500,1.617700,,,,,,-1.215200,,
2026-04-05 14:31:00,2026-04-05 14:29:00,-2,,,0.703050,1.634600,,,,,,-0.931550,,
2026-04-05 14:31:00,2026-04-05 14:30:00,-1,,,0.296530,3.898540,,,,,,-3.602010,,
2026-04-05 14:31:00,2026-04-05 14:31:00,0,,,3.795210,20.659760,,,,,,-16.864550,,
2026-04-05 14:31:00,2026-04-05 14:32:00,1,,,6.986800,19.364480,,,,,,-12.377680,,
2026-04-05 14:31:00,2026-04-05 14:33:00,2,,,1.803550,18.878380,,,,,,-17.074830,,
2026-04-05 14:31:00,2026-04-05 14:34:00,3,,,6.385620,26.785230,,,,,,-20.399610,,
2026-04-05 14:31:00,2026-04-05 14:35:00,4,,,21.505420,11.065740,,,,,,10.439680,,
2026-04-05 14:31:00,2026-04-05 14:36:00,5,,,13.417450,25.072280,,,,,,-11.654830,,
2026-04-05 14:31:00,2026-04-05 14:37:00,6,,,3.810720,4.115290,,,,,,-0.304570,,
2026-04-05 14:31:00,2026-04-05 14:38:00,7,,,5.352090,3.610170,,,,,,1.741920,,
2026-04-05 14:31:00,2026-04-05 14:39:00,8,,,2.027300,3.721980,,,,,,-1.694680,,
2026-04-05 14:31:00,2026-04-05 14:40:00,9,,,1.828900,4.493810,,,,,,-2.664910,,
2026-04-05 14:31:00,2026-04-05 14:41:00,10,,,10.007040,11.295380,,,,,,-1.288340,,
2026-04-05 14:31:00,2026-04-05 14:42:00,11,,,6.947620,2.573340,,,,,,4.374280,,
2026-04-05 14:31:00,2026-04-05 14:43:00,12,,,21.217870,7.394250,,,,,,13.823620,,
2026-04-05 14:31:00,2026-04-05 14:44:00,13,,,8.309680,2.330220,,,,,,5.979460,,
2026-04-05 14:31:00,2026-04-05 14:45:00,14,,,4.960080,5.803830,,,,,,-0.843750,,
2026-04-05 14:31:00,2026-04-05 14:46:00,15,,,3.750570,13.535590,,,,,,-9.785020,,
2026-04-05 14:31:00,2026-04-05 14:47:00,16,,,4.770820,6.224240,,,,,,-1.453420,,
2026-04-05 14:31:00,2026-04-05 14:48:00,17,,,5.866620,3.567270,,,,,,2.299350,,
2026-04-05 14:31:00,2026-04-05 14:49:00,18,,,2.213920,3.182680,,,,,,-0.968760,,
2026-04-05 14:31:00,2026-04-05 14:50:00,19,,,7.348590,15.811460,,,,,,-8.462870,,
2026-04-05 14:31:00,2026-04-05 14:51:00,20,,,4.229910,2.608750,,,,,,1.621160,,
2026-04-05 14:31:00,2026-04-05 14:52:00,21,,,5.333790,4.683000,,,,,,0.650790,,
2026-04-05 14:31:00,2026-04-05 14:53:00,22,,,3.853600,4.663160,,,,,,-0.809560,,
2026-04-05 14:31:00,2026-04-05 14:54:00,23,,,12.322040,2.030340,,,,,,10.291700,,
2026-04-05 14:31:00,2026-04-05 14:55:00,24,,,3.124890,3.605440,,,,,,-0.480550,,
2026-04-05 14:31:00,2026-04-05 14:56:00,25,,,9.810910,2.691120,,,,,,7.119790,,
2026-04-05 14:31:00,2026-04-05 14:57:00,26,,,12.736750,3.902190,,,,,,8.834560,,
2026-04-05 14:31:00,2026-04-05 14:58:00,27,,,11.112370,2.212780,,,,,,8.899590,,
2026-04-05 14:31:00,2026-04-05 14:59:00,28,,,9.601320,4.296000,,,,,,5.305320,,
2026-04-05 14:31:00,2026-04-05 15:00:00,29,,,2.247370,2.633430,,,,,,-0.386060,,
2026-04-05 14:31:00,2026-04-05 15:01:00,30,,,11.423510,3.623210,,,,,,7.800300,,
2026-04-05 14:33:00,2026-04-05 14:03:00,-30,,,0.312980,2.034040,,,,,,-1.721060,,
2026-04-05 14:33:00,2026-04-05 14:04:00,-29,,,0.727560,10.192660,,,,,,-9.465100,,
2026-04-05 14:33:00,2026-04-05 14:05:00,-28,,,1.664250,3.093850,,,,,,-1.429600,,
2026-04-05 14:33:00,2026-04-05 14:06:00,-27,,,1.747530,2.742270,,,,,,-0.994740,,
2026-04-05 14:33:00,2026-04-05 14:07:00,-26,,,1.487100,2.165060,,,,,,-0.677960,,
2026-04-05 14:33:00,2026-04-05 14:08:00,-25,,,2.540210,1.841310,,,,,,0.698900,,
2026-04-05 14:33:00,2026-04-05 14:09:00,-24,,,0.946220,2.350880,,,,,,-1.404660,,
2026-04-05 14:33:00,2026-04-05 14:10:00,-23,,,1.311950,4.710970,,,,,,-3.399020,,
2026-04-05 14:33:00,2026-04-05 14:11:00,-22,,,0.540450,1.318220,,,,,,-0.777770,,
2026-04-05 14:33:00,2026-04-05 14:12:00,-21,,,0.460660,3.540220,,,,,,-3.079560,,
2026-04-05 14:33:00,2026-04-05 14:13:00,-20,,,0.407580,5.985050,,,,,,-5.577470,,
2026-04-05 14:33:00,2026-04-05 14:14:00,-19,,,0.477630,2.042580,,,,,,-1.564950,,
2026-04-05 14:33:00,2026-04-05 14:15:00,-18,,,0.610440,11.367600,,,,,,-10.757160,,
2026-04-05 14:33:00,2026-04-05 14:16:00,-17,,,2.562770,2.073830,,,,,,0.488940,,
2026-04-05 14:33:00,2026-04-05 14:17:00,-16,,,1.000240,2.987450,,,,,,-1.987210,,
2026-04-05 14:33:00,2026-04-05 14:18:00,-15,,,3.419720,2.638800,,,,,,0.780920,,
2026-04-05 14:33:00,2026-04-05 14:19:00,-14,,,6.039710,2.331110,,,,,,3.708600,,
2026-04-05 14:33:00,2026-04-05 14:20:00,-13,,,7.317170,2.588890,,,,,,4.728280,,
2026-04-05 14:33:00,2026-04-05 14:21:00,-12,,,6.095370,2.426520,,,,,,3.668850,,
2026-04-05 14:33:00,2026-04-05 14:22:00,-11,,,6.348080,2.311540,,,,,,4.036540,,
2026-04-05 14:33:00,2026-04-05 14:23:00,-10,,,0.317290,2.705340,,,,,,-2.388050,,
2026-04-05 14:33:00,2026-04-05 14:24:00,-9,,,0.469000,3.103600,,,,,,-2.634600,,
2026-04-05 14:33:00,2026-04-05 14:25:00,-8,,,0.334520,2.756360,,,,,,-2.421840,,
2026-04-05 14:33:00,2026-04-05 14:26:00,-7,,,0.529660,3.614290,,,,,,-3.084630,,
2026-04-05 14:33:00,2026-04-05 14:27:00,-6,,,0.746040,2.307420,,,,,,-1.561380,,
2026-04-05 14:33:00,2026-04-05 14:28:00,-5,,,0.402500,1.617700,,,,,,-1.215200,,
2026-04-05 14:33:00,2026-04-05 14:29:00,-4,,,0.703050,1.634600,,,,,,-0.931550,,
2026-04-05 14:33:00,2026-04-05 14:30:00,-3,,,0.296530,3.898540,,,,,,-3.602010,,
2026-04-05 14:33:00,2026-04-05 14:31:00,-2,,,3.795210,20.659760,,,,,,-16.864550,,
2026-04-05 14:33:00,2026-04-05 14:32:00,-1,,,6.986800,19.364480,,,,,,-12.377680,,
2026-04-05 14:33:00,2026-04-05 14:33:00,0,,,1.803550,18.878380,,,,,,-17.074830,,
2026-04-05 14:33:00,2026-04-05 14:34:00,1,,,6.385620,26.785230,,,,,,-20.399610,,
2026-04-05 14:33:00,2026-04-05 14:35:00,2,,,21.505420,11.065740,,,,,,10.439680,,
2026-04-05 14:33:00,2026-04-05 14:36:00,3,,,13.417450,25.072280,,,,,,-11.654830,,
2026-04-05 14:33:00,2026-04-05 14:37:00,4,,,3.810720,4.115290,,,,,,-0.304570,,
2026-04-05 14:33:00,2026-04-05 14:38:00,5,,,5.352090,3.610170,,,,,,1.741920,,
2026-04-05 14:33:00,2026-04-05 14:39:00,6,,,2.027300,3.721980,,,,,,-1.694680,,
2026-04-05 14:33:00,2026-04-05 14:40:00,7,,,1.828900,4.493810,,,,,,-2.664910,,
2026-04-05 14:33:00,2026-04-05 14:41:00,8,,,10.007040,11.295380,,,,,,-1.288340,,
2026-04-05 14:33:00,2026-04-05 14:42:00,9,,,6.947620,2.573340,,,,,,4.374280,,
2026-04-05 14:33:00,2026-04-05 14:43:00,10,,,21.217870,7.394250,,,,,,13.823620,,
2026-04-05 14:33:00,2026-04-05 14:44:00,11,,,8.309680,2.330220,,,,,,5.979460,,
2026-04-05 14:33:00,2026-04-05 14:45:00,12,,,4.960080,5.803830,,,,,,-0.843750,,
2026-04-05 14:33:00,2026-04-05 14:46:00,13,,,3.750570,13.535590,,,,,,-9.785020,,
2026-04-05 14:33:00,2026-04-05 14:47:00,14,,,4.770820,6.224240,,,,,,-1.453420,,
2026-04-05 14:33:00,2026-04-05 14:48:00,15,,,5.866620,3.567270,,,,,,2.299350,,
2026-04-05 14:33:00,2026-04-05 14:49:00,16,,,2.213920,3.182680,,,,,,-0.968760,,
2026-04-05 14:33:00,2026-04-05 14:50:00,17,,,7.348590,15.811460,,,,,,-8.462870,,
2026-04-05 14:33:00,2026-04-05 14:51:00,18,,,4.229910,2.608750,,,,,,1.621160,,
2026-04-05 14:33:00,2026-04-05 14:52:00,19,,,5.333790,4.683000,,,,,,0.650790,,
2026-04-05 14:33:00,2026-04-05 14:53:00,20,,,3.853600,4.663160,,,,,,-0.809560,,
2026-04-05 14:33:00,2026-04-05 14:54:00,21,,,12.322040,2.030340,,,,,,10.291700,,
2026-04-05 14:33:00,2026-04-05 14:55:00,22,,,3.124890,3.605440,,,,,,-0.480550,,
2026-04-05 14:33:00,2026-04-05 14:56:00,23,,,9.810910,2.691120,,,,,,7.119790,,
2026-04-05 14:33:00,2026-04-05 14:57:00,24,,,12.736750,3.902190,,,,,,8.834560,,
2026-04-05 14:33:00,2026-04-05 14:58:00,25,,,11.112370,2.212780,,,,,,8.899590,,
2026-04-05 14:33:00,2026-04-05 14:59:00,26,,,9.601320,4.296000,,,,,,5.305320,,
2026-04-05 14:33:00,2026-04-05 15:00:00,27,,,2.247370,2.633430,,,,,,-0.386060,,
2026-04-05 14:33:00,2026-04-05 15:01:00,28,,,11.423510,3.623210,,,,,,7.800300,,
2026-04-05 14:33:00,2026-04-05 15:02:00,29,,,9.710650,2.797130,,,,,,6.913520,,
2026-04-05 14:33:00,2026-04-05 15:03:00,30,,,3.820680,5.987590,,,,,,-2.166910,,
2026-04-05 14:34:00,2026-04-05 14:04:00,-30,,,0.727560,10.192660,,,,,,-9.465100,,
2026-04-05 14:34:00,2026-04-05 14:05:00,-29,,,1.664250,3.093850,,,,,,-1.429600,,
2026-04-05 14:34:00,2026-04-05 14:06:00,-28,,,1.747530,2.742270,,,,,,-0.994740,,
2026-04-05 14:34:00,2026-04-05 14:07:00,-27,,,1.487100,2.165060,,,,,,-0.677960,,
2026-04-05 14:34:00,2026-04-05 14:08:00,-26,,,2.540210,1.841310,,,,,,0.698900,,
2026-04-05 14:34:00,2026-04-05 14:09:00,-25,,,0.946220,2.350880,,,,,,-1.404660,,
2026-04-05 14:34:00,2026-04-05 14:10:00,-24,,,1.311950,4.710970,,,,,,-3.399020,,
2026-04-05 14:34:00,2026-04-05 14:11:00,-23,,,0.540450,1.318220,,,,,,-0.777770,,
2026-04-05 14:34:00,2026-04-05 14:12:00,-22,,,0.460660,3.540220,,,,,,-3.079560,,
2026-04-05 14:34:00,2026-04-05 14:13:00,-21,,,0.407580,5.985050,,,,,,-5.577470,,
2026-04-05 14:34:00,2026-04-05 14:14:00,-20,,,0.477630,2.042580,,,,,,-1.564950,,
2026-04-05 14:34:00,2026-04-05 14:15:00,-19,,,0.610440,11.367600,,,,,,-10.757160,,
2026-04-05 14:34:00,2026-04-05 14:16:00,-18,,,2.562770,2.073830,,,,,,0.488940,,
2026-04-05 14:34:00,2026-04-05 14:17:00,-17,,,1.000240,2.987450,,,,,,-1.987210,,
2026-04-05 14:34:00,2026-04-05 14:18:00,-16,,,3.419720,2.638800,,,,,,0.780920,,
2026-04-05 14:34:00,2026-04-05 14:19:00,-15,,,6.039710,2.331110,,,,,,3.708600,,
2026-04-05 14:34:00,2026-04-05 14:20:00,-14,,,7.317170,2.588890,,,,,,4.728280,,
2026-04-05 14:34:00,2026-04-05 14:21:00,-13,,,6.095370,2.426520,,,,,,3.668850,,
2026-04-05 14:34:00,2026-04-05 14:22:00,-12,,,6.348080,2.311540,,,,,,4.036540,,
2026-04-05 14:34:00,2026-04-05 14:23:00,-11,,,0.317290,2.705340,,,,,,-2.388050,,
2026-04-05 14:34:00,2026-04-05 14:24:00,-10,,,0.469000,3.103600,,,,,,-2.634600,,
2026-04-05 14:34:00,2026-04-05 14:25:00,-9,,,0.334520,2.756360,,,,,,-2.421840,,
2026-04-05 14:34:00,2026-04-05 14:26:00,-8,,,0.529660,3.614290,,,,,,-3.084630,,
2026-04-05 14:34:00,2026-04-05 14:27:00,-7,,,0.746040,2.307420,,,,,,-1.561380,,
2026-04-05 14:34:00,2026-04-05 14:28:00,-6,,,0.402500,1.617700,,,,,,-1.215200,,
2026-04-05 14:34:00,2026-04-05 14:29:00,-5,,,0.703050,1.634600,,,,,,-0.931550,,
2026-04-05 14:34:00,2026-04-05 14:30:00,-4,,,0.296530,3.898540,,,,,,-3.602010,,
2026-04-05 14:34:00,2026-04-05 14:31:00,-3,,,3.795210,20.659760,,,,,,-16.864550,,
2026-04-05 14:34:00,2026-04-05 14:32:00,-2,,,6.986800,19.364480,,,,,,-12.377680,,
2026-04-05 14:34:00,2026-04-05 14:33:00,-1,,,1.803550,18.878380,,,,,,-17.074830,,
2026-04-05 14:34:00,2026-04-05 14:34:00,0,,,6.385620,26.785230,,,,,,-20.399610,,
2026-04-05 14:34:00,2026-04-05 14:35:00,1,,,21.505420,11.065740,,,,,,10.439680,,
2026-04-05 14:34:00,2026-04-05 14:36:00,2,,,13.417450,25.072280,,,,,,-11.654830,,
2026-04-05 14:34:00,2026-04-05 14:37:00,3,,,3.810720,4.115290,,,,,,-0.304570,,
2026-04-05 14:34:00,2026-04-05 14:38:00,4,,,5.352090,3.610170,,,,,,1.741920,,
2026-04-05 14:34:00,2026-04-05 14:39:00,5,,,2.027300,3.721980,,,,,,-1.694680,,
2026-04-05 14:34:00,2026-04-05 14:40:00,6,,,1.828900,4.493810,,,,,,-2.664910,,
2026-04-05 14:34:00,2026-04-05 14:41:00,7,,,10.007040,11.295380,,,,,,-1.288340,,
2026-04-05 14:34:00,2026-04-05 14:42:00,8,,,6.947620,2.573340,,,,,,4.374280,,
2026-04-05 14:34:00,2026-04-05 14:43:00,9,,,21.217870,7.394250,,,,,,13.823620,,
2026-04-05 14:34:00,2026-04-05 14:44:00,10,,,8.309680,2.330220,,,,,,5.979460,,
2026-04-05 14:34:00,2026-04-05 14:45:00,11,,,4.960080,5.803830,,,,,,-0.843750,,
2026-04-05 14:34:00,2026-04-05 14:46:00,12,,,3.750570,13.535590,,,,,,-9.785020,,
2026-04-05 14:34:00,2026-04-05 14:47:00,13,,,4.770820,6.224240,,,,,,-1.453420,,
2026-04-05 14:34:00,2026-04-05 14:48:00,14,,,5.866620,3.567270,,,,,,2.299350,,
2026-04-05 14:34:00,2026-04-05 14:49:00,15,,,2.213920,3.182680,,,,,,-0.968760,,
2026-04-05 14:34:00,2026-04-05 14:50:00,16,,,7.348590,15.811460,,,,,,-8.462870,,
2026-04-05 14:34:00,2026-04-05 14:51:00,17,,,4.229910,2.608750,,,,,,1.621160,,
2026-04-05 14:34:00,2026-04-05 14:52:00,18,,,5.333790,4.683000,,,,,,0.650790,,
2026-04-05 14:34:00,2026-04-05 14:53:00,19,,,3.853600,4.663160,,,,,,-0.809560,,
2026-04-05 14:34:00,2026-04-05 14:54:00,20,,,12.322040,2.030340,,,,,,10.291700,,
2026-04-05 14:34:00,2026-04-05 14:55:00,21,,,3.124890,3.605440,,,,,,-0.480550,,
2026-04-05 14:34:00,2026-04-05 14:56:00,22,,,9.810910,2.691120,,,,,,7.119790,,
2026-04-05 14:34:00,2026-04-05 14:57:00,23,,,12.736750,3.902190,,,,,,8.834560,,
2026-04-05 14:34:00,2026-04-05 14:58:00,24,,,11.112370,2.212780,,,,,,8.899590,,
2026-04-05 14:34:00,2026-04-05 14:59:00,25,,,9.601320,4.296000,,,,,,5.305320,,
2026-04-05 14:34:00,2026-04-05 15:00:00,26,,,2.247370,2.633430,,,,,,-0.386060,,
2026-04-05 14:34:00,2026-04-05 15:01:00,27,,,11.423510,3.623210,,,,,,7.800300,,
2026-04-05 14:34:00,2026-04-05 15:02:00,28,,,9.710650,2.797130,,,,,,6.913520,,
2026-04-05 14:34:00,2026-04-05 15:03:00,29,,,3.820680,5.987590,,,,,,-2.166910,,
2026-04-05 14:34:00,2026-04-05 15:04:00,30,,,7.108600,3.324120,,,,,,3.784480,,
2026-04-05 17:15:00,2026-04-05 16:45:00,-30,,,7.488130,3.261430,,,,,,4.226700,,
2026-04-05 17:15:00,2026-04-05 16:46:00,-29,,,0.331660,2.887970,,,,,,-2.556310,,
2026-04-05 17:15:00,2026-04-05 16:47:00,-28,,,0.425440,2.137490,,,,,,-1.712050,,
2026-04-05 17:15:00,2026-04-05 16:48:00,-27,,,0.590780,2.051420,,,,,,-1.460640,,
2026-04-05 17:15:00,2026-04-05 16:49:00,-26,,,0.265510,1.307500,,,,,,-1.041990,,
2026-04-05 17:15:00,2026-04-05 16:50:00,-25,,,10.277640,1.405350,,,,,,8.872290,,
2026-04-05 17:15:00,2026-04-05 16:51:00,-24,,,0.337860,5.509210,,,,,,-5.171350,,
2026-04-05 17:15:00,2026-04-05 16:52:00,-23,,,5.136540,1.556710,,,,,,3.579830,,
2026-04-05 17:15:00,2026-04-05 16:53:00,-22,,,0.239430,1.853980,,,,,,-1.614550,,
2026-04-05 17:15:00,2026-04-05 16:54:00,-21,,,0.298450,1.935000,,,,,,-1.636550,,
2026-04-05 17:15:00,2026-04-05 16:55:00,-20,,,0.673920,12.939110,,,,,,-12.265190,,
2026-04-05 17:15:00,2026-04-05 16:56:00,-19,,,0.194300,1.153440,,,,,,-0.959140,,
2026-04-05 17:15:00,2026-04-05 16:57:00,-18,,,0.389230,1.814450,,,,,,-1.425220,,
2026-04-05 17:15:00,2026-04-05 16:58:00,-17,,,0.277890,1.857960,,,,,,-1.580070,,
2026-04-05 17:15:00,2026-04-05 16:59:00,-16,,,0.264150,7.061020,,,,,,-6.796870,,
2026-04-05 17:15:00,2026-04-05 17:00:00,-15,,,2.200710,3.966910,,,,,,-1.766200,,
2026-04-05 17:15:00,2026-04-05 17:01:00,-14,,,0.683340,4.245660,,,,,,-3.562320,,
2026-04-05 17:15:00,2026-04-05 17:02:00,-13,,,0.534300,1.873160,,,,,,-1.338860,,
2026-04-05 17:15:00,2026-04-05 17:03:00,-12,,,6.340250,4.151560,,,,,,2.188690,,
2026-04-05 17:15:00,2026-04-05 17:04:00,-11,,,0.986860,3.562900,,,,,,-2.576040,,
2026-04-05 17:15:00,2026-04-05 17:05:00,-10,,,0.598320,4.822570,,,,,,-4.224250,,
2026-04-05 17:15:00,2026-04-05 17:06:00,-9,,,0.724760,3.911050,,,,,,-3.186290,,
2026-04-05 17:15:00,2026-04-05 17:07:00,-8,,,0.478770,3.823780,,,,,,-3.345010,,
2026-04-05 17:15:00,2026-04-05 17:08:00,-7,,,6.059660,2.709370,,,,,,3.350290,,
2026-04-05 17:15:00,2026-04-05 17:09:00,-6,,,1.939470,3.632690,,,,,,-1.693220,,
2026-04-05 17:15:00,2026-04-05 17:10:00,-5,,,3.243860,3.196050,,,,,,0.047810,,
2026-04-05 17:15:00,2026-04-05 17:11:00,-4,,,1.759870,3.871830,,,,,,-2.111960,,
2026-04-05 17:15:00,2026-04-05 17:12:00,-3,,,1.609130,1.414470,,,,,,0.194660,,
2026-04-05 17:15:00,2026-04-05 17:13:00,-2,,,0.372410,4.210140,,,,,,-3.837730,,
2026-04-05 17:15:00,2026-04-05 17:14:00,-1,,,0.284540,3.053310,,,,,,-2.768770,,
2026-04-05 17:15:00,2026-04-05 17:15:00,0,,,1.486430,22.107390,,,,,,-20.620960,,
2026-04-05 17:15:00,2026-04-05 17:16:00,1,,,1.989040,2.658330,,,,,,-0.669290,,
2026-04-05 17:15:00,2026-04-05 17:17:00,2,,,1.793280,2.679240,,,,,,-0.885960,,
2026-04-05 17:15:00,2026-04-05 17:18:00,3,,,3.131900,7.219780,,,,,,-4.087880,,
2026-04-05 17:15:00,2026-04-05 17:19:00,4,,,0.409950,3.449330,,,,,,-3.039380,,
2026-04-05 17:15:00,2026-04-05 17:20:00,5,,,1.997520,2.534260,,,,,,-0.536740,,
2026-04-05 17:15:00,2026-04-05 17:21:00,6,,,1.098780,0.325550,,,,,,0.773230,,
2026-04-05 17:15:00,2026-04-05 17:22:00,7,,,0.319560,3.196940,,,,,,-2.877380,,
2026-04-05 17:15:00,2026-04-05 17:23:00,8,,,0.521120,2.622440,,,,,,-2.101320,,
2026-04-05 17:15:00,2026-04-05 17:24:00,9,,,0.161510,0.632330,,,,,,-0.470820,,
2026-04-05 17:15:00,2026-04-05 17:25:00,10,,,6.685270,0.282560,,,,,,6.402710,,
2026-04-05 17:15:00,2026-04-05 17:26:00,11,,,29.171000,7.056240,,,,,,22.114760,,
2026-04-05 17:15:00,2026-04-05 17:27:00,12,,,77.614500,46.712800,,,,,,30.901700,,
2026-04-05 17:15:00,2026-04-05 17:28:00,13,,,25.543700,27.849710,,,,,,-2.306010,,
2026-04-05 17:15:00,2026-04-05 17:29:00,14,,,96.815100,37.295210,,,,,,59.519890,,
2026-04-05 17:15:00,2026-04-05 17:30:00,15,,,45.000030,31.103190,,,,,,13.896840,,
2026-04-05 17:15:00,2026-04-05 17:31:00,16,,,127.215030,89.556520,,,,,,37.658510,,
2026-04-05 17:15:00,2026-04-05 17:32:00,17,,,105.394290,110.402740,,,,,,-5.008450,,
2026-04-05 17:15:00,2026-04-05 17:33:00,18,,,20.781860,27.967270,,,,,,-7.185410,,
2026-04-05 17:15:00,2026-04-05 17:34:00,19,,,35.747370,27.263480,,,,,,8.483890,,
2026-04-05 17:15:00,2026-04-05 17:35:00,20,,,6.289650,25.681070,,,,,,-19.391420,,
2026-04-05 17:15:00,2026-04-05 17:36:00,21,,,7.287340,8.946150,,,,,,-1.658810,,
2026-04-05 17:15:00,2026-04-05 17:37:00,22,,,8.672970,8.253990,,,,,,0.418980,,
2026-04-05 17:15:00,2026-04-05 17:38:00,23,,,12.217740,4.589000,,,,,,7.628740,,
2026-04-05 17:15:00,2026-04-05 17:39:00,24,,,7.954330,20.144050,,,,,,-12.189720,,
2026-04-05 17:15:00,2026-04-05 17:40:00,25,,,2.932950,8.187950,,,,,,-5.255000,,
2026-04-05 17:15:00,2026-04-05 17:41:00,26,,,12.176550,39.939640,,,,,,-27.763090,,
2026-04-05 17:15:00,2026-04-05 17:42:00,27,,,5.303330,17.219980,,,,,,-11.916650,,
2026-04-05 17:15:00,2026-04-05 17:43:00,28,,,11.900810,3.797630,,,,,,8.103180,,
2026-04-05 17:15:00,2026-04-05 17:44:00,29,,,3.573420,3.102490,,,,,,0.470930,,
2026-04-05 17:15:00,2026-04-05 17:45:00,30,,,7.526940,1.326550,,,,,,6.200390,,
2026-04-05 21:19:00,2026-04-05 20:49:00,-30,,,0.302180,1.631710,,,,,,-1.329530,,
2026-04-05 21:19:00,2026-04-05 20:50:00,-29,,,0.844240,5.736300,,,,,,-4.892060,,
2026-04-05 21:19:00,2026-04-05 20:51:00,-28,,,0.111100,0.954960,,,,,,-0.843860,,
2026-04-05 21:19:00,2026-04-05 20:52:00,-27,,,0.313190,0.120210,,,,,,0.192980,,
2026-04-05 21:19:00,2026-04-05 20:53:00,-26,,,0.511090,1.743910,,,,,,-1.232820,,
2026-04-05 21:19:00,2026-04-05 20:54:00,-25,,,0.131070,0.435780,,,,,,-0.304710,,
2026-04-05 21:19:00,2026-04-05 20:55:00,-24,,,1.092940,0.074450,,,,,,1.018490,,
2026-04-05 21:19:00,2026-04-05 20:56:00,-23,,,0.661040,0.459660,,,,,,0.201380,,
2026-04-05 21:19:00,2026-04-05 20:57:00,-22,,,0.497570,0.269970,,,,,,0.227600,,
2026-04-05 21:19:00,2026-04-05 20:58:00,-21,,,0.227960,1.371860,,,,,,-1.143900,,
2026-04-05 21:19:00,2026-04-05 20:59:00,-20,,,0.182320,0.726590,,,,,,-0.544270,,
2026-04-05 21:19:00,2026-04-05 21:00:00,-19,,,1.559780,0.261400,,,,,,1.298380,,
2026-04-05 21:19:00,2026-04-05 21:01:00,-18,,,0.216680,3.327750,,,,,,-3.111070,,
2026-04-05 21:19:00,2026-04-05 21:02:00,-17,,,0.145800,1.648510,,,,,,-1.502710,,
2026-04-05 21:19:00,2026-04-05 21:03:00,-16,,,0.151160,0.092720,,,,,,0.058440,,
2026-04-05 21:19:00,2026-04-05 21:04:00,-15,,,0.086750,2.603710,,,,,,-2.516960,,
2026-04-05 21:19:00,2026-04-05 21:05:00,-14,,,0.217410,0.197790,,,,,,0.019620,,
2026-04-05 21:19:00,2026-04-05 21:06:00,-13,,,1.250160,0.565600,,,,,,0.684560,,
2026-04-05 21:19:00,2026-04-05 21:07:00,-12,,,2.325540,0.310400,,,,,,2.015140,,
2026-04-05 21:19:00,2026-04-05 21:08:00,-11,,,0.367440,1.384820,,,,,,-1.017380,,
2026-04-05 21:19:00,2026-04-05 21:09:00,-10,,,0.136870,4.099840,,,,,,-3.962970,,
2026-04-05 21:19:00,2026-04-05 21:10:00,-9,,,0.948740,10.576410,,,,,,-9.627670,,
2026-04-05 21:19:00,2026-04-05 21:11:00,-8,,,0.223670,0.790050,,,,,,-0.566380,,
2026-04-05 21:19:00,2026-04-05 21:12:00,-7,,,0.153630,0.093410,,,,,,0.060220,,
2026-04-05 21:19:00,2026-04-05 21:13:00,-6,,,0.669200,0.107050,,,,,,0.562150,,
2026-04-05 21:19:00,2026-04-05 21:14:00,-5,,,9.709750,1.878330,,,,,,7.831420,,
2026-04-05 21:19:00,2026-04-05 21:15:00,-4,,,0.847940,0.779170,,,,,,0.068770,,
2026-04-05 21:19:00,2026-04-05 21:16:00,-3,,,1.696480,1.949310,,,,,,-0.252830,,
2026-04-05 21:19:00,2026-04-05 21:17:00,-2,,,1.869920,0.099950,,,,,,1.769970,,
2026-04-05 21:19:00,2026-04-05 21:18:00,-1,,,0.423320,0.223840,,,,,,0.199480,,
2026-04-05 21:19:00,2026-04-05 21:19:00,0,,,12.497750,1.628650,,,,,,10.869100,,
2026-04-05 21:19:00,2026-04-05 21:20:00,1,,,15.680670,1.179950,,,,,,14.500720,,
2026-04-05 21:19:00,2026-04-05 21:21:00,2,,,10.203850,8.748620,,,,,,1.455230,,
2026-04-05 21:19:00,2026-04-05 21:22:00,3,,,4.039800,3.069070,,,,,,0.970730,,
2026-04-05 21:19:00,2026-04-05 21:23:00,4,,,1.133650,0.257510,,,,,,0.876140,,
2026-04-05 21:19:00,2026-04-05 21:24:00,5,,,5.915660,1.484860,,,,,,4.430800,,
2026-04-05 21:19:00,2026-04-05 21:25:00,6,,,1.331750,2.524080,,,,,,-1.192330,,
2026-04-05 21:19:00,2026-04-05 21:26:00,7,,,1.260680,1.408120,,,,,,-0.147440,,
2026-04-05 21:19:00,2026-04-05 21:27:00,8,,,0.756080,0.894320,,,,,,-0.138240,,
2026-04-05 21:19:00,2026-04-05 21:28:00,9,,,0.266470,12.567850,,,,,,-12.301380,,
2026-04-05 21:19:00,2026-04-05 21:29:00,10,,,0.214970,2.197650,,,,,,-1.982680,,
2026-04-05 21:19:00,2026-04-05 21:30:00,11,,,0.183830,0.305510,,,,,,-0.121680,,
2026-04-05 21:19:00,2026-04-05 21:31:00,12,,,1.594880,1.377770,,,,,,0.217110,,
2026-04-05 21:19:00,2026-04-05 21:32:00,13,,,0.676440,1.706790,,,,,,-1.030350,,
2026-04-05 21:19:00,2026-04-05 21:33:00,14,,,0.162390,0.998020,,,,,,-0.835630,,
2026-04-05 21:19:00,2026-04-05 21:34:00,15,,,2.906720,0.544860,,,,,,2.361860,,
2026-04-05 21:19:00,2026-04-05 21:35:00,16,,,0.308860,0.078300,,,,,,0.230560,,
2026-04-05 21:19:00,2026-04-05 21:36:00,17,,,1.613540,2.484020,,,,,,-0.870480,,
2026-04-05 21:19:00,2026-04-05 21:37:00,18,,,0.196190,0.806850,,,,,,-0.610660,,
2026-04-05 21:19:00,2026-04-05 21:38:00,19,,,0.094730,0.218120,,,,,,-0.123390,,
2026-04-05 21:19:00,2026-04-05 21:39:00,20,,,0.749710,4.770550,,,,,,-4.020840,,
2026-04-05 21:19:00,2026-04-05 21:40:00,21,,,4.923230,1.711280,,,,,,3.211950,,
2026-04-05 21:19:00,2026-04-05 21:41:00,22,,,1.266010,1.870800,,,,,,-0.604790,,
2026-04-05 21:19:00,2026-04-05 21:42:00,23,,,0.245250,1.151500,,,,,,-0.906250,,
2026-04-05 21:19:00,2026-04-05 21:43:00,24,,,3.647510,10.392030,,,,,,-6.744520,,
2026-04-05 21:19:00,2026-04-05 21:44:00,25,,,0.210020,0.550150,,,,,,-0.340130,,
2026-04-05 21:19:00,2026-04-05 21:45:00,26,,,0.540870,0.049910,,,,,,0.490960,,
2026-04-05 21:19:00,2026-04-05 21:46:00,27,,,0.923150,0.073690,,,,,,0.849460,,
2026-04-05 21:19:00,2026-04-05 21:47:00,28,,,0.120160,0.268680,,,,,,-0.148520,,
2026-04-05 21:19:00,2026-04-05 21:48:00,29,,,1.942750,1.599160,,,,,,0.343590,,
2026-04-05 21:19:00,2026-04-05 21:49:00,30,,,4.413090,0.576510,,,,,,3.836580,,
2026-04-05 21:20:00,2026-04-05 20:50:00,-30,,,0.844240,5.736300,,,,,,-4.892060,,
2026-04-05 21:20:00,2026-04-05 20:51:00,-29,,,0.111100,0.954960,,,,,,-0.843860,,
2026-04-05 21:20:00,2026-04-05 20:52:00,-28,,,0.313190,0.120210,,,,,,0.192980,,
2026-04-05 21:20:00,2026-04-05 20:53:00,-27,,,0.511090,1.743910,,,,,,-1.232820,,
2026-04-05 21:20:00,2026-04-05 20:54:00,-26,,,0.131070,0.435780,,,,,,-0.304710,,
2026-04-05 21:20:00,2026-04-05 20:55:00,-25,,,1.092940,0.074450,,,,,,1.018490,,
2026-04-05 21:20:00,2026-04-05 20:56:00,-24,,,0.661040,0.459660,,,,,,0.201380,,
2026-04-05 21:20:00,2026-04-05 20:57:00,-23,,,0.497570,0.269970,,,,,,0.227600,,
2026-04-05 21:20:00,2026-04-05 20:58:00,-22,,,0.227960,1.371860,,,,,,-1.143900,,
2026-04-05 21:20:00,2026-04-05 20:59:00,-21,,,0.182320,0.726590,,,,,,-0.544270,,
2026-04-05 21:20:00,2026-04-05 21:00:00,-20,,,1.559780,0.261400,,,,,,1.298380,,
2026-04-05 21:20:00,2026-04-05 21:01:00,-19,,,0.216680,3.327750,,,,,,-3.111070,,
2026-04-05 21:20:00,2026-04-05 21:02:00,-18,,,0.145800,1.648510,,,,,,-1.502710,,
2026-04-05 21:20:00,2026-04-05 21:03:00,-17,,,0.151160,0.092720,,,,,,0.058440,,
2026-04-05 21:20:00,2026-04-05 21:04:00,-16,,,0.086750,2.603710,,,,,,-2.516960,,
2026-04-05 21:20:00,2026-04-05 21:05:00,-15,,,0.217410,0.197790,,,,,,0.019620,,
2026-04-05 21:20:00,2026-04-05 21:06:00,-14,,,1.250160,0.565600,,,,,,0.684560,,
2026-04-05 21:20:00,2026-04-05 21:07:00,-13,,,2.325540,0.310400,,,,,,2.015140,,
2026-04-05 21:20:00,2026-04-05 21:08:00,-12,,,0.367440,1.384820,,,,,,-1.017380,,
2026-04-05 21:20:00,2026-04-05 21:09:00,-11,,,0.136870,4.099840,,,,,,-3.962970,,
2026-04-05 21:20:00,2026-04-05 21:10:00,-10,,,0.948740,10.576410,,,,,,-9.627670,,
2026-04-05 21:20:00,2026-04-05 21:11:00,-9,,,0.223670,0.790050,,,,,,-0.566380,,
2026-04-05 21:20:00,2026-04-05 21:12:00,-8,,,0.153630,0.093410,,,,,,0.060220,,
2026-04-05 21:20:00,2026-04-05 21:13:00,-7,,,0.669200,0.107050,,,,,,0.562150,,
2026-04-05 21:20:00,2026-04-05 21:14:00,-6,,,9.709750,1.878330,,,,,,7.831420,,
2026-04-05 21:20:00,2026-04-05 21:15:00,-5,,,0.847940,0.779170,,,,,,0.068770,,
2026-04-05 21:20:00,2026-04-05 21:16:00,-4,,,1.696480,1.949310,,,,,,-0.252830,,
2026-04-05 21:20:00,2026-04-05 21:17:00,-3,,,1.869920,0.099950,,,,,,1.769970,,
2026-04-05 21:20:00,2026-04-05 21:18:00,-2,,,0.423320,0.223840,,,,,,0.199480,,
2026-04-05 21:20:00,2026-04-05 21:19:00,-1,,,12.497750,1.628650,,,,,,10.869100,,
2026-04-05 21:20:00,2026-04-05 21:20:00,0,,,15.680670,1.179950,,,,,,14.500720,,
2026-04-05 21:20:00,2026-04-05 21:21:00,1,,,10.203850,8.748620,,,,,,1.455230,,
2026-04-05 21:20:00,2026-04-05 21:22:00,2,,,4.039800,3.069070,,,,,,0.970730,,
2026-04-05 21:20:00,2026-04-05 21:23:00,3,,,1.133650,0.257510,,,,,,0.876140,,
2026-04-05 21:20:00,2026-04-05 21:24:00,4,,,5.915660,1.484860,,,,,,4.430800,,
2026-04-05 21:20:00,2026-04-05 21:25:00,5,,,1.331750,2.524080,,,,,,-1.192330,,
2026-04-05 21:20:00,2026-04-05 21:26:00,6,,,1.260680,1.408120,,,,,,-0.147440,,
2026-04-05 21:20:00,2026-04-05 21:27:00,7,,,0.756080,0.894320,,,,,,-0.138240,,
2026-04-05 21:20:00,2026-04-05 21:28:00,8,,,0.266470,12.567850,,,,,,-12.301380,,
2026-04-05 21:20:00,2026-04-05 21:29:00,9,,,0.214970,2.197650,,,,,,-1.982680,,
2026-04-05 21:20:00,2026-04-05 21:30:00,10,,,0.183830,0.305510,,,,,,-0.121680,,
2026-04-05 21:20:00,2026-04-05 21:31:00,11,,,1.594880,1.377770,,,,,,0.217110,,
2026-04-05 21:20:00,2026-04-05 21:32:00,12,,,0.676440,1.706790,,,,,,-1.030350,,
2026-04-05 21:20:00,2026-04-05 21:33:00,13,,,0.162390,0.998020,,,,,,-0.835630,,
2026-04-05 21:20:00,2026-04-05 21:34:00,14,,,2.906720,0.544860,,,,,,2.361860,,
2026-04-05 21:20:00,2026-04-05 21:35:00,15,,,0.308860,0.078300,,,,,,0.230560,,
2026-04-05 21:20:00,2026-04-05 21:36:00,16,,,1.613540,2.484020,,,,,,-0.870480,,
2026-04-05 21:20:00,2026-04-05 21:37:00,17,,,0.196190,0.806850,,,,,,-0.610660,,
2026-04-05 21:20:00,2026-04-05 21:38:00,18,,,0.094730,0.218120,,,,,,-0.123390,,
2026-04-05 21:20:00,2026-04-05 21:39:00,19,,,0.749710,4.770550,,,,,,-4.020840,,
2026-04-05 21:20:00,2026-04-05 21:40:00,20,,,4.923230,1.711280,,,,,,3.211950,,
2026-04-05 21:20:00,2026-04-05 21:41:00,21,,,1.266010,1.870800,,,,,,-0.604790,,
2026-04-05 21:20:00,2026-04-05 21:42:00,22,,,0.245250,1.151500,,,,,,-0.906250,,
2026-04-05 21:20:00,2026-04-05 21:43:00,23,,,3.647510,10.392030,,,,,,-6.744520,,
2026-04-05 21:20:00,2026-04-05 21:44:00,24,,,0.210020,0.550150,,,,,,-0.340130,,
2026-04-05 21:20:00,2026-04-05 21:45:00,25,,,0.540870,0.049910,,,,,,0.490960,,
2026-04-05 21:20:00,2026-04-05 21:46:00,26,,,0.923150,0.073690,,,,,,0.849460,,
2026-04-05 21:20:00,2026-04-05 21:47:00,27,,,0.120160,0.268680,,,,,,-0.148520,,
2026-04-05 21:20:00,2026-04-05 21:48:00,28,,,1.942750,1.599160,,,,,,0.343590,,
2026-04-05 21:20:00,2026-04-05 21:49:00,29,,,4.413090,0.576510,,,,,,3.836580,,
2026-04-05 21:20:00,2026-04-05 21:50:00,30,,,0.281920,7.317060,,,,,,-7.035140,,
