exit_ts,trade_id,net_pnl_usdc,cumulative_net_pnl_usdc
2026-03-29T23:02:00+00:00,TR_ecdf0644c1d53e912daa,8.78373393219196,8.78373393219196
2026-04-05T06:08:00+00:00,TR_c617ab7afb782e085b4d,1.4280292363630869,10.211763168555049
2026-04-06T04:11:00+00:00,TR_4467b047037e9cfb1077,50.41122018588588,60.62298335444093
2026-04-12T01:40:00+00:00,TR_019acae6ff27994fd64e,10.045482683647641,70.66846603808858
2026-04-17T15:43:00+00:00,TR_9e4db0df839f34c03512,56.31547999104992,126.98394602913851
2026-04-21T12:41:00+00:00,TR_33df64dbc228830387e0,-33.013981522324094,93.96996450681442
2026-04-22T16:43:00+00:00,TR_511941193d97a4e0f623,61.04968865331503,155.01965316012945
2026-04-26T06:00:00+00:00,TR_98416754f99d748b2f7d,-5.836361683071978,149.18329147705748
2026-04-28T07:22:00+00:00,TR_f787f94f49d9c5fe8abd,-8.339491288596205,140.84380018846127
2026-05-08T12:31:00+00:00,TR_6f994d3cd089c5222088,-29.683492544896087,111.16030764356519
2026-05-10T21:03:00+00:00,TR_3ee96fb522c4897837e9,-22.722498005724216,88.43780963784097
2026-05-11T03:16:00+00:00,TR_72aa83f2f922b8c726d9,-42.254611346771476,46.183198291069495
2026-05-23T02:54:00+00:00,TR_86649337392a4db73890,50.838330766902565,97.02152905797206
2026-05-26T00:53:00+00:00,TR_7aaad4742ba960d2ca2a,-39.825050266583865,57.196478791388195
2026-05-29T16:25:00+00:00,TR_6aa5590dcf38a2d696ce,1.415622873074329,58.61210166446252
2026-06-01T17:30:00+00:00,TR_e1d3146073765c5e541f,45.47066834853915,104.08277001300166
2026-06-15T07:59:00+00:00,TR_83b78fd4404a29006939,73.81369053328591,177.89646054628759
2026-06-24T20:07:00+00:00,TR_315d7f37a66317c33ada,57.0173951623304,234.91385570861797
2026-07-06T12:01:00+00:00,TR_5f55750500200eb98ebf,-60.353043513184,174.56081219543398
2026-07-10T18:55:00+00:00,TR_a94fcb5301b857d44872,-27.543377660604097,147.01743453482987
2026-07-21T10:51:00+00:00,TR_c402ec4663d86adef4c5,73.88873639714046,220.90617093197034
2026-07-27T14:45:00+00:00,TR_729b87c416a07040b284,7.479997361762374,228.3861682937327
2026-08-09T22:39:00+00:00,TR_c5009698a8530450ad54,46.15914019827246,274.5453084920052
2026-08-10T13:35:00+00:00,TR_3e55d9325d1cf34af4c6,-25.56629630028555,248.97901219171962
2026-08-20T03:09:00+00:00,TR_0f152d88426197a00c6e,109.10710044669456,358.0861126384142
2026-08-31T12:26:00+00:00,TR_e17a81178b2d35af3193,-17.432378795832086,340.6537338425821
2026-09-14T19:39:00+00:00,TR_1231136d8a673176cc4e,52.809062166486946,393.46279600906905
