candidate_id,baseline_policy_id,baseline_lifecycle,baseline_net_pnl_usdc,sensitivity_policy_id,sensitivity_lifecycle,sensitivity_net_pnl_usdc,outcome_changes
SCOUT_e36953a31c1bc5c8ee5b,CONSERVATIVE_STOP_FIRST_V0_1,NO_FILL,0.0,TARGET_FIRST_SENSITIVITY_V0_1,NO_FILL,0.0,False
SCOUT_c0c0b50166ff5bc0468f,CONSERVATIVE_STOP_FIRST_V0_1,TP1_SL,8.78373393219196,TARGET_FIRST_SENSITIVITY_V0_1,TP1_SL,8.78373393219196,False
SCOUT_008b6efb1b3dc45159ed,CONSERVATIVE_STOP_FIRST_V0_1,NO_FILL,0.0,TARGET_FIRST_SENSITIVITY_V0_1,NO_FILL,0.0,False
SCOUT_c2cf17c9b37eafcc258a,CONSERVATIVE_STOP_FIRST_V0_1,TP1_SL,1.4280292363630869,TARGET_FIRST_SENSITIVITY_V0_1,TP1_SL,1.4280292363630869,False
SCOUT_6ad795adf44f2bd63852,CONSERVATIVE_STOP_FIRST_V0_1,TP1_TP2_TRAILING_STOP,50.41122018588588,TARGET_FIRST_SENSITIVITY_V0_1,TP1_TP2_TRAILING_STOP,50.41122018588588,False
SCOUT_4bfde3dcafe4d34b6cf6,CONSERVATIVE_STOP_FIRST_V0_1,TP1_SL,10.045482683647641,TARGET_FIRST_SENSITIVITY_V0_1,TP1_SL,10.045482683647641,False
SCOUT_363b924591efd6ea783d,CONSERVATIVE_STOP_FIRST_V0_1,TP1_SL,8.801876778744008,TARGET_FIRST_SENSITIVITY_V0_1,TP1_SL,8.801876778744008,False
SCOUT_7f7b9997fd47e6d5445c,CONSERVATIVE_STOP_FIRST_V0_1,PLAIN_SL,-44.791633360677935,TARGET_FIRST_SENSITIVITY_V0_1,PLAIN_SL,-44.791633360677935,False
SCOUT_4c3bbe800298d7fe2cba,CONSERVATIVE_STOP_FIRST_V0_1,NO_FILL,0.0,TARGET_FIRST_SENSITIVITY_V0_1,NO_FILL,0.0,False
SCOUT_bd90d981d8ed86adea24,CONSERVATIVE_STOP_FIRST_V0_1,NO_FILL,0.0,TARGET_FIRST_SENSITIVITY_V0_1,NO_FILL,0.0,False
SCOUT_eb91700223b897abb7d3,CONSERVATIVE_STOP_FIRST_V0_1,NO_FILL,0.0,TARGET_FIRST_SENSITIVITY_V0_1,NO_FILL,0.0,False
SCOUT_ed4e1cc44a0f22be486b,CONSERVATIVE_STOP_FIRST_V0_1,TP1_TP2_TRAILING_STOP,56.31547999104992,TARGET_FIRST_SENSITIVITY_V0_1,TP1_TP2_TRAILING_STOP,56.31547999104992,False
SCOUT_dc02bf8870df5b0858f7,CONSERVATIVE_STOP_FIRST_V0_1,TP1_SL,6.984753295188739,TARGET_FIRST_SENSITIVITY_V0_1,TP1_SL,6.984753295188739,False
SCOUT_96e530b7552574f6719b,CONSERVATIVE_STOP_FIRST_V0_1,PLAIN_SL,-33.013981522324094,TARGET_FIRST_SENSITIVITY_V0_1,PLAIN_SL,-33.013981522324094,False
SCOUT_eb59213a5400adc96947,CONSERVATIVE_STOP_FIRST_V0_1,TP1_TP2_TRAILING_STOP,61.04968865331503,TARGET_FIRST_SENSITIVITY_V0_1,TP1_TP2_TRAILING_STOP,61.04968865331503,False
SCOUT_79de6e5ad6727e9f619d,CONSERVATIVE_STOP_FIRST_V0_1,PLAIN_SL,-5.836550768518736,TARGET_FIRST_SENSITIVITY_V0_1,PLAIN_SL,-5.836550768518736,False
SCOUT_9bc471d2e9437cb1c8de,CONSERVATIVE_STOP_FIRST_V0_1,PLAIN_SL,-5.836361683071978,TARGET_FIRST_SENSITIVITY_V0_1,PLAIN_SL,-5.836361683071978,False
SCOUT_6849ce504c3749850f60,CONSERVATIVE_STOP_FIRST_V0_1,PLAIN_SL,-8.339491288596205,TARGET_FIRST_SENSITIVITY_V0_1,PLAIN_SL,-8.339491288596205,False
SCOUT_3bffd1a76cdd2f4bdb6a,CONSERVATIVE_STOP_FIRST_V0_1,PLAIN_SL,-26.9023207779357,TARGET_FIRST_SENSITIVITY_V0_1,PLAIN_SL,-26.9023207779357,False
SCOUT_d8ad53b7eab002e4c4ca,CONSERVATIVE_STOP_FIRST_V0_1,PLAIN_SL,-9.072806327913177,TARGET_FIRST_SENSITIVITY_V0_1,PLAIN_SL,-9.072806327913177,False
SCOUT_44b2e8aca140b48c2dae,CONSERVATIVE_STOP_FIRST_V0_1,PLAIN_SL,-12.260901897267289,TARGET_FIRST_SENSITIVITY_V0_1,PLAIN_SL,-12.260901897267289,False
SCOUT_a5a9474dc4532f5841cb,CONSERVATIVE_STOP_FIRST_V0_1,PLAIN_SL,-7.923491288380472,TARGET_FIRST_SENSITIVITY_V0_1,PLAIN_SL,-7.923491288380472,False
SCOUT_66f38b747b07ffa6c705,CONSERVATIVE_STOP_FIRST_V0_1,PLAIN_SL,-29.683492544896087,TARGET_FIRST_SENSITIVITY_V0_1,PLAIN_SL,-29.683492544896087,False
SCOUT_98ccf4b7546c0fea9fc4,CONSERVATIVE_STOP_FIRST_V0_1,TP1_TP2_TRAILING_STOP,9.1848549616459,TARGET_FIRST_SENSITIVITY_V0_1,TP1_TP2_TRAILING_STOP,9.1848549616459,False
SCOUT_b212e37701642d4bbfac,CONSERVATIVE_STOP_FIRST_V0_1,PLAIN_SL,-22.722498005724216,TARGET_FIRST_SENSITIVITY_V0_1,PLAIN_SL,-22.722498005724216,False
SCOUT_dab2ceb861deb0fead6e,CONSERVATIVE_STOP_FIRST_V0_1,PLAIN_SL,-42.254611346771476,TARGET_FIRST_SENSITIVITY_V0_1,PLAIN_SL,-42.254611346771476,False
SCOUT_456211377b6f05d0438e,CONSERVATIVE_STOP_FIRST_V0_1,PLAIN_SL,-23.224872768081177,TARGET_FIRST_SENSITIVITY_V0_1,PLAIN_SL,-23.224872768081177,False
SCOUT_c5dd764f9352bb1ff154,CONSERVATIVE_STOP_FIRST_V0_1,TP1_TP2_TRAILING_STOP,50.838330766902565,TARGET_FIRST_SENSITIVITY_V0_1,TP1_TP2_TRAILING_STOP,50.838330766902565,False
SCOUT_ae14af2fa5a48e46b2a2,CONSERVATIVE_STOP_FIRST_V0_1,PLAIN_SL,-39.825050266583865,TARGET_FIRST_SENSITIVITY_V0_1,PLAIN_SL,-39.825050266583865,False
SCOUT_279b328ef4c9268ab35b,CONSERVATIVE_STOP_FIRST_V0_1,TP1_SL,3.2574930039084213,TARGET_FIRST_SENSITIVITY_V0_1,TP1_SL,3.2574930039084213,False
SCOUT_50153feade427fdde8dd,CONSERVATIVE_STOP_FIRST_V0_1,PLAIN_SL,-49.29669003398408,TARGET_FIRST_SENSITIVITY_V0_1,PLAIN_SL,-49.29669003398408,False
SCOUT_871dab2537815717a078,CONSERVATIVE_STOP_FIRST_V0_1,TP1_SL,1.415622873074329,TARGET_FIRST_SENSITIVITY_V0_1,TP1_SL,1.415622873074329,False
SCOUT_f1fa583cdcb278230adf,CONSERVATIVE_STOP_FIRST_V0_1,TP1_TP2_TRAILING_STOP,45.47066834853915,TARGET_FIRST_SENSITIVITY_V0_1,TP1_TP2_TRAILING_STOP,45.47066834853915,False
SCOUT_bb0f475969bcdfb84487,CONSERVATIVE_STOP_FIRST_V0_1,TP1_TP2_TRAILING_STOP,24.956844423889425,TARGET_FIRST_SENSITIVITY_V0_1,TP1_TP2_TRAILING_STOP,24.956844423889425,False
SCOUT_53ce0f8c8e41c51a5069,CONSERVATIVE_STOP_FIRST_V0_1,TP1_TP2_TRAILING_STOP,73.81369053328591,TARGET_FIRST_SENSITIVITY_V0_1,TP1_TP2_TRAILING_STOP,73.81369053328591,False
SCOUT_96509aea7a21ab28eced,CONSERVATIVE_STOP_FIRST_V0_1,TP1_TP2_TRAILING_STOP,82.13148554711931,TARGET_FIRST_SENSITIVITY_V0_1,TP1_TP2_TRAILING_STOP,82.13148554711931,False
SCOUT_1546cce9e5afceea593e,CONSERVATIVE_STOP_FIRST_V0_1,NO_FILL,0.0,TARGET_FIRST_SENSITIVITY_V0_1,NO_FILL,0.0,False
SCOUT_2dc4d3d3cece6e069d15,CONSERVATIVE_STOP_FIRST_V0_1,TP1_TP2_TRAILING_STOP,71.35997784123026,TARGET_FIRST_SENSITIVITY_V0_1,TP1_TP2_TRAILING_STOP,71.35997784123026,False
SCOUT_84b8d29ac5afbfecd857,CONSERVATIVE_STOP_FIRST_V0_1,TP1_TP2_TRAILING_STOP,57.0173951623304,TARGET_FIRST_SENSITIVITY_V0_1,TP1_TP2_TRAILING_STOP,57.0173951623304,False
SCOUT_9e2de04e6661f0c367ee,CONSERVATIVE_STOP_FIRST_V0_1,TP1_TP2_TRAILING_STOP,50.07727616105446,TARGET_FIRST_SENSITIVITY_V0_1,TP1_TP2_TRAILING_STOP,50.07727616105446,False
SCOUT_116a4b23b347ac6879bc,CONSERVATIVE_STOP_FIRST_V0_1,NO_FILL,0.0,TARGET_FIRST_SENSITIVITY_V0_1,NO_FILL,0.0,False
SCOUT_3ad8aaff262af0231378,CONSERVATIVE_STOP_FIRST_V0_1,PLAIN_SL,-49.22448000841826,TARGET_FIRST_SENSITIVITY_V0_1,PLAIN_SL,-49.22448000841826,False
SCOUT_90932fcfc37338ab8ec1,CONSERVATIVE_STOP_FIRST_V0_1,PLAIN_SL,-60.353043513184,TARGET_FIRST_SENSITIVITY_V0_1,PLAIN_SL,-60.353043513184,False
SCOUT_c701f6a391af4ce5f4e8,CONSERVATIVE_STOP_FIRST_V0_1,NO_FILL,0.0,TARGET_FIRST_SENSITIVITY_V0_1,NO_FILL,0.0,False
SCOUT_d2db9ed723c8b881d23a,CONSERVATIVE_STOP_FIRST_V0_1,TP1_SL,14.213077956435638,TARGET_FIRST_SENSITIVITY_V0_1,TP1_SL,14.213077956435638,False
SCOUT_fb923eae7201ece1b4e5,CONSERVATIVE_STOP_FIRST_V0_1,PLAIN_SL,-27.543377660604097,TARGET_FIRST_SENSITIVITY_V0_1,PLAIN_SL,-27.543377660604097,False
SCOUT_ef5ee8c43cd3179e9ef0,CONSERVATIVE_STOP_FIRST_V0_1,PLAIN_SL,-52.670234220580674,TARGET_FIRST_SENSITIVITY_V0_1,PLAIN_SL,-52.670234220580674,False
SCOUT_4703fc8e634e26f6db8f,CONSERVATIVE_STOP_FIRST_V0_1,TP1_TP2_TRAILING_STOP,71.54947423969922,TARGET_FIRST_SENSITIVITY_V0_1,TP1_TP2_TRAILING_STOP,71.54947423969922,False
SCOUT_c6d6450f7e61daad2b12,CONSERVATIVE_STOP_FIRST_V0_1,TP1_TP2_TRAILING_STOP,73.88873639714046,TARGET_FIRST_SENSITIVITY_V0_1,TP1_TP2_TRAILING_STOP,73.88873639714046,False
SCOUT_3a07fd5a82f498cbab7b,CONSERVATIVE_STOP_FIRST_V0_1,PLAIN_SL,-44.8479769068033,TARGET_FIRST_SENSITIVITY_V0_1,PLAIN_SL,-44.8479769068033,False
SCOUT_5f763bcaf0dd36dbd6c5,CONSERVATIVE_STOP_FIRST_V0_1,TP1_SL,7.479997361762374,TARGET_FIRST_SENSITIVITY_V0_1,TP1_SL,7.479997361762374,False
SCOUT_630b160fd3623bbb42fb,CONSERVATIVE_STOP_FIRST_V0_1,TP1_SL,5.705514311943546,TARGET_FIRST_SENSITIVITY_V0_1,TP1_SL,5.705514311943546,False
SCOUT_a002db7146be5d609803,CONSERVATIVE_STOP_FIRST_V0_1,PLAIN_SL,-35.70043093027993,TARGET_FIRST_SENSITIVITY_V0_1,PLAIN_SL,-35.70043093027993,False
SCOUT_de2737d9fb521ab8b265,CONSERVATIVE_STOP_FIRST_V0_1,PLAIN_SL,-56.77592564993285,TARGET_FIRST_SENSITIVITY_V0_1,PLAIN_SL,-56.77592564993285,False
SCOUT_48626bf071e13a9e161c,CONSERVATIVE_STOP_FIRST_V0_1,PLAIN_SL,-14.921088763043919,TARGET_FIRST_SENSITIVITY_V0_1,PLAIN_SL,-14.921088763043919,False
SCOUT_072a749b3fb629a0f6b6,CONSERVATIVE_STOP_FIRST_V0_1,TP1_TP2_TRAILING_STOP,46.15914019827246,TARGET_FIRST_SENSITIVITY_V0_1,TP1_TP2_TRAILING_STOP,46.15914019827246,False
SCOUT_8e87eb19e63bd936abd9,CONSERVATIVE_STOP_FIRST_V0_1,PLAIN_SL,-30.959391013165778,TARGET_FIRST_SENSITIVITY_V0_1,PLAIN_SL,-30.959391013165778,False
SCOUT_5f451f9f4a0928c8a194,CONSERVATIVE_STOP_FIRST_V0_1,PLAIN_SL,-58.33109778249598,TARGET_FIRST_SENSITIVITY_V0_1,PLAIN_SL,-58.33109778249598,False
SCOUT_fd947d720bd8c30967fe,CONSERVATIVE_STOP_FIRST_V0_1,PLAIN_SL,-43.69320515450019,TARGET_FIRST_SENSITIVITY_V0_1,PLAIN_SL,-43.69320515450019,False
SCOUT_97336b4d0b363aebcd1d,CONSERVATIVE_STOP_FIRST_V0_1,PLAIN_SL,-36.583278275239756,TARGET_FIRST_SENSITIVITY_V0_1,PLAIN_SL,-36.583278275239756,False
SCOUT_21d8a4708ab6a14cf11b,CONSERVATIVE_STOP_FIRST_V0_1,PLAIN_SL,-25.56629630028555,TARGET_FIRST_SENSITIVITY_V0_1,PLAIN_SL,-25.56629630028555,False
SCOUT_c40284a4918f8f76e8f4,CONSERVATIVE_STOP_FIRST_V0_1,PLAIN_SL,-32.37981306904977,TARGET_FIRST_SENSITIVITY_V0_1,PLAIN_SL,-32.37981306904977,False
SCOUT_02fa71a01f3b75fd3f36,CONSERVATIVE_STOP_FIRST_V0_1,TP1_TP2_TRAILING_STOP,109.10710044669456,TARGET_FIRST_SENSITIVITY_V0_1,TP1_TP2_TRAILING_STOP,109.10710044669456,False
SCOUT_87be263d3708eed734f9,CONSERVATIVE_STOP_FIRST_V0_1,TP1_TP2_TRAILING_STOP,92.53845683282559,TARGET_FIRST_SENSITIVITY_V0_1,TP1_TP2_TRAILING_STOP,92.53845683282559,False
SCOUT_4372b3ee0dad8007fddb,CONSERVATIVE_STOP_FIRST_V0_1,PLAIN_SL,-17.432378795832086,TARGET_FIRST_SENSITIVITY_V0_1,PLAIN_SL,-17.432378795832086,False
SCOUT_e2765c5e0ad816f0cfed,CONSERVATIVE_STOP_FIRST_V0_1,PLAIN_SL,-48.78072190424334,TARGET_FIRST_SENSITIVITY_V0_1,PLAIN_SL,-48.78072190424334,False
SCOUT_789787b8db27c65d7a99,CONSERVATIVE_STOP_FIRST_V0_1,PLAIN_SL,-43.80260447729907,TARGET_FIRST_SENSITIVITY_V0_1,PLAIN_SL,-43.80260447729907,False
SCOUT_fc76b2c4bccbeeb59daa,CONSERVATIVE_STOP_FIRST_V0_1,PLAIN_SL,-42.94347469155812,TARGET_FIRST_SENSITIVITY_V0_1,PLAIN_SL,-42.94347469155812,False
SCOUT_a499ead987f2255ee342,CONSERVATIVE_STOP_FIRST_V0_1,TP1_TP2_TRAILING_STOP,52.809062166486946,TARGET_FIRST_SENSITIVITY_V0_1,TP1_TP2_TRAILING_STOP,52.809062166486946,False
SCOUT_f962a712311357da278a,CONSERVATIVE_STOP_FIRST_V0_1,TP1_SL,11.078493259247228,TARGET_FIRST_SENSITIVITY_V0_1,TP1_SL,11.078493259247228,False
SCOUT_db6c5281933ec56d2c20,CONSERVATIVE_STOP_FIRST_V0_1,TP1_SL,7.659105676872733,TARGET_FIRST_SENSITIVITY_V0_1,TP1_SL,7.659105676872733,False
