trade_id,candidate_id,experiment_id,replay_mode,candidate_group,side,signal_ts_utc,entry_status,session_label,signal_reference_price_usdt,reference_feed_close_usdt,execution_feed_close_usdc,conversion_ratio,conversion_reference_ts,planned_entry_price_usdt,initial_stop_price_usdt,tp1_price_usdt,tp2_price_usdt,initial_swing_ts,initial_swing_price_usdt,initial_swing_volume,initial_swing_eligible_count,initial_swing_confirmed_count,weak_peak_le_50,oi_down_60_and_directional_delta_pct_240_lt_0_06,loss_avoidance_conservative_union,entry_fill_ts,entry_expiry_ts,entry_fill_method,planb_decision,planb_abort_reason,planb_exec_price_proxy,planb_deviation_usd,planb_max_deviation_usd,planb_risk_usd,data_quality_interruption_ts,planned_entry_price,entry_fill_price,fixed_notional_usdc,qty_total,qty1,qty2,qty3,initial_stop_price,initial_risk_usd,tp1_price,tp2_price,tp1_fill_ts,tp2_fill_ts,breakeven_stop_price,trail_activation_ts,trail_update_count,final_stop_price,exit_ts,lifecycle_class,utility_bucket,gross_pnl_usdc,commission_usdc,commission_rate,commission_calibration_source,commission_calibration_count,cost_model_id,slippage_model_id,slippage_usdc,borrow_interest_usdc,net_pnl_usdc,net_pnl_scope,position_r,same_bar_ambiguous,same_bar_collision_count,same_bar_policy_id,outcome_changes_under_sensitivity,feed_quality_class,recovery_overlap,blocked_reason,active_trade_id_when_blocked,source_path,run_fingerprint,independent_trade_id
TR_764e0e70f094163cfa68,SCOUT_51b12e624d01e0e2e985,chop_coh_relaxed_long050_short054_feedfix_v1,independent_opportunity,PEAK_EMIT_BASELINE,SHORT,2026-03-19T23:40:00+00:00,FILLED,US_UTC,69822.435231,69696.2,69729.02,1.0004709008525574,2026-03-19T23:40:00+00:00,69821.94,70705.2,68938.69,68055.43,2026-03-19T20:41:00+00:00,70655.2,533.609,12,15,True,True,True,2026-03-19T23:42:00+00:00,2026-03-19T23:42:00+00:00,PLANB_MARKET,MARKET_FILLED,,69735.01,119.81000000001222,220.91999999999825,883.679999999993,,69854.82,69735.01,3000.0,0.04301,0.01433,0.01433,0.01435,70738.5,883.679999999993,68971.16,68087.48,,,,,0,70738.5,2026-03-20T03:31:00+00:00,PLAIN_SL,LOSS_TARGET,-43.16010490000023,4.4950736548344,0.000744,PINNED_SPEC_REFERENCE_0_000744,0,COMMISSION_TURNOVER_RATE_V0_1,FIXED_BPS_ADVERSE,0.608492577,,-48.26367113183463,after_commission_before_borrow_interest,-1.135580753213848,False,0,CONSERVATIVE_STOP_FIRST_V0_1,False,BINANCE_SPOT_OFFICIAL,False,,,D:\Project_V\Executor\backtests\imbalance_045_075_through_2026-09-27_v1\source\candidate_index\2026-03-20\events_context_2026-03-20.csv,6fcf13331994743e7e9dcc711cb033b3f4367b96e2d693d4f87cdf5970c5acf1,
TR_0a3b88d955c3a5be89cf,SCOUT_c0c0b50166ff5bc0468f,chop_coh_relaxed_long050_short054_feedfix_v1,independent_opportunity,PEAK_EMIT_BASELINE,SHORT,2026-03-29T17:23:00+00:00,FILLED,US_UTC,66232.738615,66192.8,66184.01,0.9998672061009656,2026-03-29T17:23:00+00:00,66232.24,67150.0,65314.49,64396.73,2026-03-29T03:17:00+00:00,67100.0,1085.469,17,17,False,False,False,2026-03-29T17:25:00+00:00,2026-03-29T17:25:00+00:00,PLANB_MARKET,MARKET_FILLED,,66215.45,8.0,229.40999999999985,917.6399999999994,,66223.45,66215.45,3000.0,0.0453,0.0151,0.0151,0.0151,67141.09,917.6399999999994,65305.82,64388.18,2026-03-29T22:46:00+00:00,,66215.45,,0,66215.45,2026-03-29T23:02:00+00:00,TP1_SL,SCRATCH_NEUTRAL,13.73541299999996,4.4531259616079995,0.000744,PINNED_SPEC_REFERENCE_0_000744,0,COMMISSION_TURNOVER_RATE_V0_1,FIXED_BPS_ADVERSE,0.49855310619999993,,8.78373393219196,after_commission_before_borrow_interest,0.3304236955668882,False,0,CONSERVATIVE_STOP_FIRST_V0_1,False,BINANCE_SPOT_OFFICIAL,False,,,D:\Project_V\Executor\backtests\imbalance_045_075_through_2026-09-27_v1\source\candidate_index\2026-03-29\events_context_2026-03-29.csv,6fcf13331994743e7e9dcc711cb033b3f4367b96e2d693d4f87cdf5970c5acf1,
TR_ccb06e7318943f08abb2,SCOUT_008b6efb1b3dc45159ed,chop_coh_relaxed_long050_short054_feedfix_v1,independent_opportunity,GATE_REJECT,LONG,2026-03-31T01:34:00+00:00,ABORTED,ASIA_UTC,68045.079324,68121.3,68117.8,0.999948621062722,2026-03-31T01:34:00+00:00,68045.57,67005.0,69086.14,70126.71,2026-03-30T14:46:00+00:00,67055.0,367.832,9,17,False,False,False,,2026-03-31T01:36:00+00:00,,ABORT,PLANB_DEVIATION_TOO_LARGE,68302.56,260.4899999999907,260.130000000001,1040.520000000004,,68042.07,,3000.0,0.0,0.0,0.0,0.0,67001.55,1040.520000000004,69082.59,70123.1,,,,,0,,,NO_FILL,NO_TRADE,0.0,0.0,0.000744,PINNED_SPEC_REFERENCE_0_000744,0,COMMISSION_TURNOVER_RATE_V0_1,FIXED_BPS_ADVERSE,0.0,,0.0,after_commission_before_borrow_interest,,False,0,CONSERVATIVE_STOP_FIRST_V0_1,False,,False,PLANB_DEVIATION_TOO_LARGE,,D:\Project_V\Executor\backtests\imbalance_045_075_through_2026-09-27_v1\source\candidate_index\2026-03-31\events_context_2026-03-31.csv,6fcf13331994743e7e9dcc711cb033b3f4367b96e2d693d4f87cdf5970c5acf1,
TR_9921c1f28e1e109c3982,SCOUT_c2cf17c9b37eafcc258a,chop_coh_relaxed_long050_short054_feedfix_v1,independent_opportunity,PEAK_EMIT_BASELINE,LONG,2026-04-03T14:20:00+00:00,FILLED,EUROPE_UTC,66788.02291,66750.0,66794.24,1.0006627715355807,2026-04-03T14:20:00+00:00,66788.52,66400.0,67177.04,67565.56,2026-04-03T01:40:00+00:00,66450.0,795.574,18,18,False,False,False,2026-04-03T14:21:00+00:00,2026-04-03T14:22:00+00:00,LIMIT,LIMIT_FILLED,,,,,,,66832.78,66794.24,3000.0,0.04491,0.01497,0.01497,0.01497,66444.0,388.77999999999884,67221.56,67610.34,2026-04-04T11:02:00+00:00,,66794.24,,0,66794.24,2026-04-05T06:08:00+00:00,TP1_SL,SCRATCH_NEUTRAL,6.396980399999887,4.4683565791968,0.000744,PINNED_SPEC_REFERENCE_0_000744,0,COMMISSION_TURNOVER_RATE_V0_1,FIXED_BPS_ADVERSE,0.50059458444,,1.4280292363630869,after_commission_before_borrow_interest,0.36637687123822704,False,0,CONSERVATIVE_STOP_FIRST_V0_1,False,BINANCE_SPOT_OFFICIAL,False,,,D:\Project_V\Executor\backtests\imbalance_045_075_through_2026-09-27_v1\source\candidate_index\2026-04-03\events_context_2026-04-03.csv,6fcf13331994743e7e9dcc711cb033b3f4367b96e2d693d4f87cdf5970c5acf1,
TR_fdceacd4bca086704b40,SCOUT_8b8efa990f67629d96aa,chop_coh_relaxed_long050_short054_feedfix_v1,independent_opportunity,PEAK_EMIT_BASELINE,LONG,2026-04-04T21:56:00+00:00,FILLED,US_UTC,67451.71266,67372.1,67404.48,1.000480614378949,2026-04-04T21:56:00+00:00,67452.21,66953.7,67950.72,68449.23,2026-04-04T14:42:00+00:00,67003.7,1353.497,18,18,True,False,True,2026-04-04T21:57:00+00:00,2026-04-04T21:58:00+00:00,LIMIT,LIMIT_FILLED,,,,,,,67484.62,67404.48,3000.0,0.0445,0.01483,0.01483,0.01484,66985.87,498.75,67983.37,68482.12,,,,,0,66985.87,2026-04-05T02:03:00+00:00,PLAIN_SL,LOSS_TARGET,-18.628145000000025,4.449395707799999,0.000744,PINNED_SPEC_REFERENCE_0_000744,0,COMMISSION_TURNOVER_RATE_V0_1,FIXED_BPS_ADVERSE,0.5961742429999999,,-23.673714950800026,after_commission_before_borrow_interest,-0.8393182957393496,False,0,CONSERVATIVE_STOP_FIRST_V0_1,False,BINANCE_SPOT_OFFICIAL,False,,,D:\Project_V\Executor\backtests\imbalance_045_075_through_2026-09-27_v1\source\candidate_index\2026-04-04\events_context_2026-04-04.csv,6fcf13331994743e7e9dcc711cb033b3f4367b96e2d693d4f87cdf5970c5acf1,
TR_e60ebf0bdce58d20b71d,SCOUT_b9807d4f0a39673d8aeb,chop_coh_relaxed_long050_short054_feedfix_v1,independent_opportunity,PEAK_EMIT_BASELINE,SHORT,2026-04-05T12:34:00+00:00,FILLED,EUROPE_UTC,66774.628139,66723.0,66747.99,1.0003745335191763,2026-04-05T12:34:00+00:00,66774.13,67604.5,65943.77,65113.4,2026-04-04T15:13:00+00:00,67554.5,2669.996,18,18,True,False,True,2026-04-05T12:36:00+00:00,2026-04-05T12:36:00+00:00,PLANB_MARKET,MARKET_FILLED,,66759.84,39.30000000000291,207.67250000000058,830.6900000000023,,66799.14,66759.84,3000.0,0.04493,0.01497,0.01497,0.01499,67629.83,830.6900000000023,65968.47,65137.79,,,,,0,67629.83,2026-04-05T15:31:00+00:00,PLAIN_SL,LOSS_TARGET,-39.08865070000024,4.4923671375864,0.000744,PINNED_SPEC_REFERENCE_0_000744,0,COMMISSION_TURNOVER_RATE_V0_1,FIXED_BPS_ADVERSE,0.60772165238,,-44.188739489966636,after_commission_before_borrow_interest,-1.047310067534222,False,0,CONSERVATIVE_STOP_FIRST_V0_1,False,BINANCE_SPOT_OFFICIAL,False,,,D:\Project_V\Executor\backtests\imbalance_045_075_through_2026-09-27_v1\source\candidate_index\2026-04-05\events_context_2026-04-05.csv,6fcf13331994743e7e9dcc711cb033b3f4367b96e2d693d4f87cdf5970c5acf1,
TR_e5c2d6f7e1f0d6db8538,SCOUT_6ad795adf44f2bd63852,chop_coh_relaxed_long050_short054_feedfix_v1,independent_opportunity,GATE_REJECT,LONG,2026-04-05T20:38:00+00:00,FILLED,US_UTC,67621.53412,67600.7,67616.51,1.0002338733178797,2026-04-05T20:38:00+00:00,67622.03,66850.0,68394.06,69166.09,2026-04-05T02:03:00+00:00,66900.0,1004.026,17,17,False,False,False,2026-04-05T20:39:00+00:00,2026-04-05T20:40:00+00:00,LIMIT,LIMIT_FILLED,,,,,,,67637.84,67615.93,3000.0,0.04436,0.01478,0.01478,0.0148,66865.63,772.2099999999919,68410.05,69182.26,2026-04-05T23:01:00+00:00,2026-04-06T00:01:00+00:00,67615.93,2026-04-06T00:01:00+00:00,3,68996.72,2026-04-06T04:11:00+00:00,TP1_TP2_TRAILING_STOP,PROTECTED_WINNER,55.323143000000286,4.5043310887344,0.000744,PINNED_SPEC_REFERENCE_0_000744,0,COMMISSION_TURNOVER_RATE_V0_1,FIXED_BPS_ADVERSE,0.4075917253799999,,50.41122018588588,after_commission_before_borrow_interest,1.6150273682543546,False,0,CONSERVATIVE_STOP_FIRST_V0_1,False,BINANCE_SPOT_OFFICIAL,False,,,D:\Project_V\Executor\backtests\imbalance_045_075_through_2026-09-27_v1\source\candidate_index\2026-04-05\events_context_2026-04-05.csv,6fcf13331994743e7e9dcc711cb033b3f4367b96e2d693d4f87cdf5970c5acf1,
TR_6df1be87ecd25db950a2,SCOUT_0d8feabf405964b37241,chop_coh_relaxed_long050_short054_feedfix_v1,independent_opportunity,GATE_REJECT,LONG,2026-04-09T15:34:00+00:00,FILLED,EUROPE_UTC,71802.366111,71845.1,71875.35,1.0004210447198207,2026-04-09T15:34:00+00:00,71802.86,70800.9,72804.82,73806.78,2026-04-08T23:02:00+00:00,70850.9,456.185,15,17,False,False,False,2026-04-09T15:35:00+00:00,2026-04-09T15:36:00+00:00,LIMIT,LIMIT_FILLED,,,,,,,71833.09,71833.09,3000.0,0.04176,0.01392,0.01392,0.01392,70830.71,1002.3799999999901,72835.47,73837.85,2026-04-09T22:18:00+00:00,,71833.09,,0,71833.09,2026-04-09T23:14:00+00:00,TP1_SL,SCRATCH_NEUTRAL,13.953129600000064,4.474008887961599,0.000744,PINNED_SPEC_REFERENCE_0_000744,0,COMMISSION_TURNOVER_RATE_V0_1,FIXED_BPS_ADVERSE,0.5013536193599999,,8.977767092678466,after_commission_before_borrow_interest,0.33333333333333814,False,0,CONSERVATIVE_STOP_FIRST_V0_1,False,BINANCE_SPOT_OFFICIAL,False,,,D:\Project_V\Executor\backtests\imbalance_045_075_through_2026-09-27_v1\source\candidate_index\2026-04-09\events_context_2026-04-09.csv,6fcf13331994743e7e9dcc711cb033b3f4367b96e2d693d4f87cdf5970c5acf1,
TR_1a4a8ba0280e92332d34,SCOUT_4bfde3dcafe4d34b6cf6,chop_coh_relaxed_long050_short054_feedfix_v1,independent_opportunity,PEAK_EMIT_BASELINE,LONG,2026-04-09T15:35:00+00:00,FILLED,EUROPE_UTC,72028.45326,72185.8,72216.01,1.000418503362157,2026-04-09T15:35:00+00:00,72028.95,70928.8,73129.09,74229.24,2026-04-09T12:24:00+00:00,70978.8,262.429,9,17,False,False,False,2026-04-09T15:37:00+00:00,2026-04-09T15:37:00+00:00,PLANB_MARKET,MARKET_FILLED,,72076.64,17.55000000000291,275.15250000000015,1100.6100000000006,,72059.09,72076.64,3000.0,0.04162,0.01387,0.01387,0.01388,70958.48,1100.6100000000006,73159.69,74260.3,2026-04-10T14:32:00+00:00,,72076.64,,0,72076.64,2026-04-12T01:40:00+00:00,TP1_SL,SCRATCH_NEUTRAL,15.021903500000041,4.4749229743224,0.000744,PINNED_SPEC_REFERENCE_0_000744,0,COMMISSION_TURNOVER_RATE_V0_1,FIXED_BPS_ADVERSE,0.5014978420299999,,10.045482683647641,after_commission_before_borrow_interest,0.3279362585444248,False,0,CONSERVATIVE_STOP_FIRST_V0_1,False,BINANCE_SPOT_OFFICIAL,False,,,D:\Project_V\Executor\backtests\imbalance_045_075_through_2026-09-27_v1\source\candidate_index\2026-04-09\events_context_2026-04-09.csv,6fcf13331994743e7e9dcc711cb033b3f4367b96e2d693d4f87cdf5970c5acf1,
TR_5ff7993089aabfff3a2e,SCOUT_7f7b9997fd47e6d5445c,chop_coh_relaxed_long050_short054_feedfix_v1,independent_opportunity,PEAK_EMIT_BASELINE,SHORT,2026-04-11T13:11:00+00:00,FILLED,EUROPE_UTC,72640.743647,72529.5,72609.86,1.0011079629667927,2026-04-11T13:11:00+00:00,72640.25,73500.0,71780.5,70920.75,2026-04-10T20:31:00+00:00,73450.0,1695.908,20,20,False,False,False,2026-04-11T13:13:00+00:00,2026-04-11T13:13:00+00:00,PLANB_MARKET,MARKET_FILLED,,72620.65,100.09000000001106,215.17499999999927,860.6999999999971,,72720.74,72620.65,3000.0,0.04131,0.01377,0.01377,0.01377,73581.44,860.6999999999971,71860.04,70999.33,,,,,0,73581.44,2026-04-11T18:37:00+00:00,PLAIN_SL,LOSS_TARGET,-39.690234900000334,4.4934686033975995,0.000744,PINNED_SPEC_REFERENCE_0_000744,0,COMMISSION_TURNOVER_RATE_V0_1,FIXED_BPS_ADVERSE,0.60792985728,,-44.791633360677935,after_commission_before_borrow_interest,-1.1162890670384702,False,0,CONSERVATIVE_STOP_FIRST_V0_1,False,BINANCE_SPOT_OFFICIAL,False,,,D:\Project_V\Executor\backtests\imbalance_045_075_through_2026-09-27_v1\source\candidate_index\2026-04-11\events_context_2026-04-11.csv,6fcf13331994743e7e9dcc711cb033b3f4367b96e2d693d4f87cdf5970c5acf1,
TR_22439079564669ab4e2e,SCOUT_4c3bbe800298d7fe2cba,chop_coh_relaxed_long050_short054_feedfix_v1,independent_opportunity,PEAK_EMIT_BASELINE,SHORT,2026-04-12T01:36:00+00:00,ABORTED,ASIA_UTC,72386.787216,72210.5,72298.59,1.0012199056923854,2026-04-12T01:36:00+00:00,72386.29,73230.0,71542.58,70698.87,2026-04-11T16:42:00+00:00,73180.0,961.619,14,17,False,False,False,,2026-04-12T01:38:00+00:00,,ABORT,PLANB_DEVIATION_TOO_LARGE,72125.57,349.02999999999884,211.18499999999767,844.7399999999907,,72474.6,,3000.0,0.0,0.0,0.0,0.0,73319.34,844.7399999999907,71629.86,70785.12,,,,,0,,,NO_FILL,NO_TRADE,0.0,0.0,0.000744,PINNED_SPEC_REFERENCE_0_000744,0,COMMISSION_TURNOVER_RATE_V0_1,FIXED_BPS_ADVERSE,0.0,,0.0,after_commission_before_borrow_interest,,False,0,CONSERVATIVE_STOP_FIRST_V0_1,False,,False,PLANB_DEVIATION_TOO_LARGE,,D:\Project_V\Executor\backtests\imbalance_045_075_through_2026-09-27_v1\source\candidate_index\2026-04-12\events_context_2026-04-12.csv,6fcf13331994743e7e9dcc711cb033b3f4367b96e2d693d4f87cdf5970c5acf1,
TR_12b13d0b91aebdf271ee,SCOUT_eb91700223b897abb7d3,chop_coh_relaxed_long050_short054_feedfix_v1,independent_opportunity,PEAK_EMIT_BASELINE,SHORT,2026-04-16T13:53:00+00:00,ABORTED,EUROPE_UTC,74030.858371,73846.1,73915.31,1.000937219433389,2026-04-16T13:53:00+00:00,74030.36,74340.0,73720.72,73411.08,2026-04-15T15:15:00+00:00,74290.0,391.94,16,19,False,False,False,,2026-04-16T13:55:00+00:00,,ABORT,PLANB_DEVIATION_TOO_LARGE,73743.86,355.8899999999994,77.48249999999825,309.929999999993,,74099.75,,3000.0,0.0,0.0,0.0,0.0,74409.68,309.929999999993,73789.82,73479.89,,,,,0,,,NO_FILL,NO_TRADE,0.0,0.0,0.000744,PINNED_SPEC_REFERENCE_0_000744,0,COMMISSION_TURNOVER_RATE_V0_1,FIXED_BPS_ADVERSE,0.0,,0.0,after_commission_before_borrow_interest,,False,0,CONSERVATIVE_STOP_FIRST_V0_1,False,,False,PLANB_DEVIATION_TOO_LARGE,,D:\Project_V\Executor\backtests\imbalance_045_075_through_2026-09-27_v1\source\candidate_index\2026-04-16\events_context_2026-04-16.csv,6fcf13331994743e7e9dcc711cb033b3f4367b96e2d693d4f87cdf5970c5acf1,
TR_a64921da025212119dcd,SCOUT_ed4e1cc44a0f22be486b,chop_coh_relaxed_long050_short054_feedfix_v1,independent_opportunity,PEAK_EMIT_BASELINE,LONG,2026-04-17T08:49:00+00:00,FILLED,EUROPE_UTC,75585.543673,75595.5,75653.19,1.0007631406631348,2026-04-17T08:49:00+00:00,75586.04,74686.5,76485.57,77385.11,2026-04-16T21:22:00+00:00,74736.5,641.794,13,18,False,False,False,2026-04-17T08:50:00+00:00,2026-04-17T08:51:00+00:00,LIMIT,LIMIT_FILLED,,,,,,,75643.72,75643.72,3000.0,0.03965,0.01321,0.01321,0.01323,74743.49,900.2299999999959,76543.93,77444.16,2026-04-17T13:03:00+00:00,2026-04-17T14:00:00+00:00,75643.72,2026-04-17T14:00:00+00:00,2,77575.47,2026-04-17T15:43:00+00:00,TP1_TP2_TRAILING_STOP,PROTECTED_WINNER,61.23263899999992,4.5084760484399995,0.000744,PINNED_SPEC_REFERENCE_0_000744,0,COMMISSION_TURNOVER_RATE_V0_1,FIXED_BPS_ADVERSE,0.40868296050999997,,56.31547999104992,after_commission_before_borrow_interest,1.7154825460815808,False,0,CONSERVATIVE_STOP_FIRST_V0_1,False,BINANCE_SPOT_OFFICIAL,False,,,D:\Project_V\Executor\backtests\imbalance_045_075_through_2026-09-27_v1\source\candidate_index\2026-04-17\events_context_2026-04-17.csv,6fcf13331994743e7e9dcc711cb033b3f4367b96e2d693d4f87cdf5970c5acf1,
TR_2156d2c109821f3c34c5,SCOUT_96e530b7552574f6719b,chop_coh_relaxed_long050_short054_feedfix_v1,independent_opportunity,PEAK_EMIT_BASELINE,LONG,2026-04-21T08:48:00+00:00,FILLED,EUROPE_UTC,76739.504747,76748.4,76825.42,1.0010035388359888,2026-04-21T08:48:00+00:00,76740.0,76022.9,77457.1,78174.2,2026-04-20T20:02:00+00:00,76072.9,216.335,8,16,False,False,False,2026-04-21T08:49:00+00:00,2026-04-21T08:50:00+00:00,LIMIT,LIMIT_FILLED,,,,,,,76817.01,76815.63,3000.0,0.03905,0.01301,0.01301,0.01303,76099.19,717.8199999999924,77534.83,78252.65,,,,,0,76099.19,2026-04-21T12:41:00+00:00,PLAIN_SL,LOSS_TARGET,-27.976982000000092,4.442664848424,0.000744,PINNED_SPEC_REFERENCE_0_000744,0,COMMISSION_TURNOVER_RATE_V0_1,FIXED_BPS_ADVERSE,0.5943346739,,-33.013981522324094,after_commission_before_borrow_interest,-0.9980775124683205,False,0,CONSERVATIVE_STOP_FIRST_V0_1,False,BINANCE_SPOT_OFFICIAL,False,,,D:\Project_V\Executor\backtests\imbalance_045_075_through_2026-09-27_v1\source\candidate_index\2026-04-21\events_context_2026-04-21.csv,6fcf13331994743e7e9dcc711cb033b3f4367b96e2d693d4f87cdf5970c5acf1,
TR_4ac9de116490aa121b40,SCOUT_eb59213a5400adc96947,chop_coh_relaxed_long050_short054_feedfix_v1,independent_opportunity,PEAK_EMIT_BASELINE,LONG,2026-04-22T02:12:00+00:00,FILLED,ASIA_UTC,76706.724118,76789.0,76849.98,1.000794124158408,2026-04-22T02:12:00+00:00,76707.22,75581.2,77833.24,78959.26,2026-04-21T12:45:00+00:00,75631.2,1428.621,9,18,False,False,False,2026-04-22T02:14:00+00:00,2026-04-22T02:14:00+00:00,PLANB_MARKET,MARKET_FILLED,,76892.8,124.66999999999825,281.7275000000009,1126.9100000000035,,76768.13,76892.8,3000.0,0.03901,0.013,0.013,0.01301,75641.22,1126.9100000000035,77895.04,79021.96,2026-04-22T05:17:00+00:00,2026-04-22T14:12:00+00:00,76892.8,2026-04-22T14:12:00+00:00,3,78834.62,2026-04-22T16:43:00+00:00,TP1_TP2_TRAILING_STOP,PROTECTED_WINNER,65.97127819999983,4.5124697654448,0.000744,PINNED_SPEC_REFERENCE_0_000744,0,COMMISSION_TURNOVER_RATE_V0_1,FIXED_BPS_ADVERSE,0.40911978124000004,,61.04968865331503,after_commission_before_borrow_interest,1.5006856012183742,False,0,CONSERVATIVE_STOP_FIRST_V0_1,False,BINANCE_SPOT_OFFICIAL,False,,,D:\Project_V\Executor\backtests\imbalance_045_075_through_2026-09-27_v1\source\candidate_index\2026-04-22\events_context_2026-04-22.csv,6fcf13331994743e7e9dcc711cb033b3f4367b96e2d693d4f87cdf5970c5acf1,
TR_8ff31f2fc2fe426bb1fa,SCOUT_2eb9fce285ba04239e3b,chop_coh_relaxed_long050_short054_feedfix_v1,independent_opportunity,PEAK_EMIT_BASELINE,SHORT,2026-04-23T08:45:00+00:00,FILLED,EUROPE_UTC,77729.14278,77704.3,77777.69,1.0009444779761223,2026-04-23T08:45:00+00:00,77728.65,78360.1,77097.2,76465.75,2026-04-23T06:24:00+00:00,78310.1,739.596,14,20,False,True,True,2026-04-23T08:46:00+00:00,2026-04-23T08:47:00+00:00,LIMIT,LIMIT_FILLED,,,,,,,77802.07,77802.07,3000.0,0.03855,0.01285,0.01285,0.01285,78434.11,632.0399999999936,77170.02,76537.98,,,,,0,78434.11,2026-04-23T15:18:00+00:00,PLAIN_SL,LOSS_TARGET,-24.365141999999754,4.481041125816001,0.000744,PINNED_SPEC_REFERENCE_0_000744,0,COMMISSION_TURNOVER_RATE_V0_1,FIXED_BPS_ADVERSE,0.6047269881,,-29.450910113915757,after_commission_before_borrow_interest,-1.0,False,0,CONSERVATIVE_STOP_FIRST_V0_1,False,BINANCE_SPOT_OFFICIAL,False,,,D:\Project_V\Executor\backtests\imbalance_045_075_through_2026-09-27_v1\source\candidate_index\2026-04-23\events_context_2026-04-23.csv,6fcf13331994743e7e9dcc711cb033b3f4367b96e2d693d4f87cdf5970c5acf1,
TR_ccfbe7ee8ef019a4cf6d,SCOUT_9bc471d2e9437cb1c8de,chop_coh_relaxed_long050_short054_feedfix_v1,independent_opportunity,PEAK_EMIT_BASELINE,LONG,2026-04-26T05:13:00+00:00,FILLED,ASIA_UTC,78004.625597,77500.0,78026.92,1.0067989677419356,2026-04-26T05:13:00+00:00,78005.12,77480.0,78530.23,79055.35,2026-04-26T01:05:00+00:00,77530.0,183.7803,14,14,False,,,2026-04-26T05:14:00+00:00,2026-04-26T05:15:00+00:00,LIMIT,LIMIT_FILLED,,,,,,,78535.47,78026.92,3000.0,0.03844,0.01281,0.01281,0.01282,78006.78,528.6900000000023,79064.15,79592.84,,,,,0,78006.78,2026-04-26T06:00:00+00:00,PLAIN_SL,LOSS_TARGET,-0.7741815999999777,4.462463958432,0.000744,PINNED_SPEC_REFERENCE_0_000744,0,COMMISSION_TURNOVER_RATE_V0_1,FIXED_BPS_ADVERSE,0.59971612464,,-5.836361683071978,after_commission_before_borrow_interest,-0.03809415725661414,False,0,CONSERVATIVE_STOP_FIRST_V0_1,False,BINANCE_SPOT_OFFICIAL,False,,,D:\Project_V\Executor\backtests\imbalance_045_075_through_2026-09-27_v1\source\candidate_index\2026-04-26\events_context_2026-04-26.csv,6fcf13331994743e7e9dcc711cb033b3f4367b96e2d693d4f87cdf5970c5acf1,
TR_6845163a882b16787fa4,SCOUT_6849ce504c3749850f60,chop_coh_relaxed_long050_short054_feedfix_v1,independent_opportunity,PEAK_EMIT_BASELINE,SHORT,2026-04-28T07:17:00+00:00,FILLED,ASIA_UTC,76474.423049,76956.0,76492.32,0.9939747388117887,2026-04-28T07:17:00+00:00,76473.93,77040.0,75907.86,75341.79,2026-04-27T19:45:00+00:00,76990.0,80.48438,9,16,False,,,2026-04-28T07:18:00+00:00,2026-04-28T07:19:00+00:00,LIMIT,LIMIT_FILLED,,,,,,,76013.16,76492.33,3000.0,0.03921,0.01307,0.01307,0.01307,76575.82,562.6600000000035,75450.5,74887.84,,,,,0,76575.82,2026-04-28T07:22:00+00:00,PLAIN_SL,LOSS_TARGET,-3.2736429000002056,4.465340808155999,0.000744,PINNED_SPEC_REFERENCE_0_000744,0,COMMISSION_TURNOVER_RATE_V0_1,FIXED_BPS_ADVERSE,0.6005075804400001,,-8.339491288596205,after_commission_before_borrow_interest,-0.14838445953151944,False,0,CONSERVATIVE_STOP_FIRST_V0_1,False,BINANCE_SPOT_OFFICIAL,False,,,D:\Project_V\Executor\backtests\imbalance_045_075_through_2026-09-27_v1\source\candidate_index\2026-04-28\events_context_2026-04-28.csv,6fcf13331994743e7e9dcc711cb033b3f4367b96e2d693d4f87cdf5970c5acf1,
TR_dfcb80c1ec5466d29cda,SCOUT_dd73922cb7a59b6d4087,chop_coh_relaxed_long050_short054_feedfix_v1,independent_opportunity,GATE_REJECT,SHORT,2026-05-04T10:07:00+00:00,FILLED,EUROPE_UTC,78959.055289,79604.0,78900.12,0.9911577307672981,2026-05-04T10:07:00+00:00,78958.56,80150.0,77767.12,76575.68,2026-05-04T04:01:00+00:00,80100.0,557.63432,6,8,False,,,2026-05-04T10:08:00+00:00,2026-05-04T10:09:00+00:00,LIMIT,LIMIT_FILLED,,,,,,,78260.39,78900.11,3000.0,0.03802,0.01267,0.01267,0.01268,79441.3,1180.9100000000035,77079.49,75898.58,,,,,0,79441.3,2026-05-04T14:37:00+00:00,PLAIN_SL,LOSS_TARGET,-20.576043800000086,4.4789844637008,0.000744,PINNED_SPEC_REFERENCE_0_000744,0,COMMISSION_TURNOVER_RATE_V0_1,FIXED_BPS_ADVERSE,0.6040716452,,-25.659099908900888,after_commission_before_borrow_interest,-0.4582821722231166,False,0,CONSERVATIVE_STOP_FIRST_V0_1,False,BINANCE_SPOT_OFFICIAL,False,,,D:\Project_V\Executor\backtests\imbalance_045_075_through_2026-09-27_v1\source\candidate_index\2026-05-04\events_context_2026-05-04.csv,6fcf13331994743e7e9dcc711cb033b3f4367b96e2d693d4f87cdf5970c5acf1,
TR_c62077726a3493e0542d,SCOUT_66f38b747b07ffa6c705,chop_coh_relaxed_long050_short054_feedfix_v1,independent_opportunity,PEAK_EMIT_BASELINE,SHORT,2026-05-08T00:57:00+00:00,FILLED,ASIA_UTC,79755.393806,79707.3,79746.75,1.0004949358465285,2026-05-08T00:57:00+00:00,79754.9,80381.6,79128.2,78501.5,2026-05-07T20:03:00+00:00,80331.6,485.48,10,22,False,False,False,2026-05-08T00:59:00+00:00,2026-05-08T00:59:00+00:00,PLANB_MARKET,MARKET_FILLED,,79767.2,27.180000000007567,156.7524999999987,627.0099999999948,,79794.38,79767.2,3000.0,0.0376,0.01253,0.01253,0.01254,80421.39,627.0099999999948,79167.37,78540.36,,,,,0,80421.39,2026-05-08T12:31:00+00:00,PLAIN_SL,LOSS_TARGET,-24.597544000000088,4.481179692096,0.000744,PINNED_SPEC_REFERENCE_0_000744,0,COMMISSION_TURNOVER_RATE_V0_1,FIXED_BPS_ADVERSE,0.6047688528,,-29.683492544896087,after_commission_before_borrow_interest,-1.0433485909315765,False,0,CONSERVATIVE_STOP_FIRST_V0_1,False,BINANCE_SPOT_OFFICIAL,False,,,D:\Project_V\Executor\backtests\imbalance_045_075_through_2026-09-27_v1\source\candidate_index\2026-05-08\events_context_2026-05-08.csv,6fcf13331994743e7e9dcc711cb033b3f4367b96e2d693d4f87cdf5970c5acf1,
TR_6f49d2e91693ba062f0b,SCOUT_2220bb578141714c70b2,chop_coh_relaxed_long050_short054_feedfix_v1,independent_opportunity,PEAK_EMIT_BASELINE,LONG,2026-05-08T17:31:00+00:00,FILLED,US_UTC,80091.657302,80113.4,80148.71,1.0004407502365398,2026-05-08T17:31:00+00:00,80092.15,79238.0,80946.29,81800.44,2026-05-08T02:18:00+00:00,79288.0,1498.985,18,18,False,True,True,2026-05-08T17:33:00+00:00,2026-05-08T17:33:00+00:00,PLANB_MARKET,MARKET_FILLED,,80190.25,62.80000000000291,213.6324999999997,854.5299999999988,,80127.45,80190.25,3000.0,0.03741,0.01247,0.01247,0.01247,79272.92,854.5299999999988,80981.96,81836.49,2026-05-09T18:27:00+00:00,2026-05-10T22:34:00+00:00,80190.25,2026-05-10T22:34:00+00:00,3,81307.34,2026-05-11T00:54:00+00:00,TP1_TP2_TRAILING_STOP,PROTECTED_WINNER,44.3313488000001,4.496859395227199,0.000744,PINNED_SPEC_REFERENCE_0_000744,0,COMMISSION_TURNOVER_RATE_V0_1,FIXED_BPS_ADVERSE,0.40581511310999996,,39.4286742916629,after_commission_before_borrow_interest,1.3867428098877017,False,0,CONSERVATIVE_STOP_FIRST_V0_1,False,BINANCE_SPOT_OFFICIAL,False,,,D:\Project_V\Executor\backtests\imbalance_045_075_through_2026-09-27_v1\source\candidate_index\2026-05-08\events_context_2026-05-08.csv,6fcf13331994743e7e9dcc711cb033b3f4367b96e2d693d4f87cdf5970c5acf1,
TR_e5148c50a85a6d021859,SCOUT_b212e37701642d4bbfac,chop_coh_relaxed_long050_short054_feedfix_v1,independent_opportunity,GATE_REJECT,SHORT,2026-05-10T20:50:00+00:00,FILLED,US_UTC,80404.765152,80325.8,80371.13,1.0005643267791917,2026-05-10T20:50:00+00:00,80404.27,80877.1,79931.44,79458.61,2026-05-10T10:10:00+00:00,80827.1,577.382,19,20,False,False,False,2026-05-10T20:51:00+00:00,2026-05-10T20:52:00+00:00,LIMIT,LIMIT_FILLED,,,,,,,80449.65,80449.65,3000.0,0.03729,0.01243,0.01243,0.01243,80922.75,473.1000000000058,79976.55,79503.46,,,,,0,80922.75,2026-05-10T21:03:00+00:00,PLAIN_SL,LOSS_TARGET,-17.641899000000215,4.477077136224,0.000744,PINNED_SPEC_REFERENCE_0_000744,0,COMMISSION_TURNOVER_RATE_V0_1,FIXED_BPS_ADVERSE,0.6035218695,,-22.722498005724216,after_commission_before_borrow_interest,-1.0,False,0,CONSERVATIVE_STOP_FIRST_V0_1,False,BINANCE_SPOT_OFFICIAL,False,,,D:\Project_V\Executor\backtests\imbalance_045_075_through_2026-09-27_v1\source\candidate_index\2026-05-10\events_context_2026-05-10.csv,6fcf13331994743e7e9dcc711cb033b3f4367b96e2d693d4f87cdf5970c5acf1,
TR_eb16724958ab44aa2469,SCOUT_dab2ceb861deb0fead6e,chop_coh_relaxed_long050_short054_feedfix_v1,independent_opportunity,PEAK_EMIT_BASELINE,LONG,2026-05-10T22:28:00+00:00,FILLED,US_UTC,81575.834416,81622.1,81650.37,1.0003463522746903,2026-05-10T22:28:00+00:00,81576.33,80564.0,82588.66,83600.99,2026-05-10T22:01:00+00:00,80614.0,400.76,17,18,False,False,False,2026-05-10T22:29:00+00:00,2026-05-10T22:30:00+00:00,LIMIT,LIMIT_FILLED,,,,,,,81604.58,81604.58,3000.0,0.03676,0.01225,0.01225,0.01226,80591.9,1012.6800000000076,82617.26,83629.94,,,,,0,80591.9,2026-05-11T03:16:00+00:00,PLAIN_SL,LOSS_TARGET,-37.22611680000028,4.4359828979712,0.000744,PINNED_SPEC_REFERENCE_0_000744,0,COMMISSION_TURNOVER_RATE_V0_1,FIXED_BPS_ADVERSE,0.5925116488,,-42.254611346771476,after_commission_before_borrow_interest,-1.0,False,0,CONSERVATIVE_STOP_FIRST_V0_1,False,BINANCE_SPOT_OFFICIAL,False,,,D:\Project_V\Executor\backtests\imbalance_045_075_through_2026-09-27_v1\source\candidate_index\2026-05-11\events_context_2026-05-11.csv,6fcf13331994743e7e9dcc711cb033b3f4367b96e2d693d4f87cdf5970c5acf1,
TR_57083cadd3447095b244,SCOUT_5a02c02bc2459f13566a,chop_coh_relaxed_long050_short054_feedfix_v1,independent_opportunity,PEAK_EMIT_BASELINE,LONG,2026-05-15T02:52:00+00:00,FILLED,ASIA_UTC,81258.081547,81238.8,81279.3,1.0004985302589402,2026-05-15T02:52:00+00:00,81258.58,81096.06,81421.1,81583.62,2026-05-14T19:28:00+00:00,81257.3,688.094,8,18,False,True,True,2026-05-15T02:53:00+00:00,2026-05-15T02:54:00+00:00,LIMIT,LIMIT_FILLED,,,,,,,81299.08,81279.31,3000.0,0.0369,0.0123,0.0123,0.0123,81136.48,162.60000000000582,81461.69,81624.29,,,,,0,81136.48,2026-05-15T03:09:00+00:00,PLAIN_SL,LOSS_TARGET,-5.270427000000065,4.458898132344,0.000744,PINNED_SPEC_REFERENCE_0_000744,0,COMMISSION_TURNOVER_RATE_V0_1,FIXED_BPS_ADVERSE,0.5987872223999999,,-10.328112354744066,after_commission_before_borrow_interest,-0.8784132841328206,False,0,CONSERVATIVE_STOP_FIRST_V0_1,False,BINANCE_SPOT_OFFICIAL,False,,,D:\Project_V\Executor\backtests\imbalance_045_075_through_2026-09-27_v1\source\candidate_index\2026-05-15\events_context_2026-05-15.csv,6fcf13331994743e7e9dcc711cb033b3f4367b96e2d693d4f87cdf5970c5acf1,
TR_00615d445b1741481552,SCOUT_516506fc39373c79d90e,chop_coh_relaxed_long050_short054_feedfix_v1,independent_opportunity,GATE_REJECT,SHORT,2026-05-20T03:10:00+00:00,FILLED,ASIA_UTC,76637.272712,76611.7,76591.88,0.9997412927790403,2026-05-20T03:10:00+00:00,76636.78,76950.0,76323.56,76010.34,2026-05-20T01:51:00+00:00,76900.0,525.968,19,19,False,False,False,2026-05-20T03:12:00+00:00,2026-05-20T03:12:00+00:00,PLANB_MARKET,MARKET_FILLED,,76563.22,53.74000000000524,78.28499999999985,313.1399999999994,,76616.96,76563.22,3000.0,0.03918,0.01306,0.01306,0.01306,76930.1,313.1399999999994,76303.82,75990.68,,,,,0,76930.1,2026-05-20T05:10:00+00:00,PLAIN_SL,LOSS_TARGET,-14.374358400000183,4.4743179985344,0.000744,PINNED_SPEC_REFERENCE_0_000744,0,COMMISSION_TURNOVER_RATE_V0_1,FIXED_BPS_ADVERSE,0.6028242636,,-19.45150066213458,after_commission_before_borrow_interest,-1.1716165293479126,False,0,CONSERVATIVE_STOP_FIRST_V0_1,False,BINANCE_SPOT_OFFICIAL,False,,,D:\Project_V\Executor\backtests\imbalance_045_075_through_2026-09-27_v1\source\candidate_index\2026-05-20\events_context_2026-05-20.csv,6fcf13331994743e7e9dcc711cb033b3f4367b96e2d693d4f87cdf5970c5acf1,
TR_875c6a5ef4a627246f53,SCOUT_ac602e4e1621a5ef977c,chop_coh_relaxed_long050_short054_feedfix_v1,independent_opportunity,GATE_REJECT,LONG,2026-05-20T05:12:00+00:00,FILLED,ASIA_UTC,77177.976042,77225.8,77192.92,0.9995742355534031,2026-05-20T05:12:00+00:00,77178.47,76057.1,78299.84,79421.2,2026-05-19T14:49:00+00:00,76107.1,931.13,15,15,False,True,True,2026-05-20T05:13:00+00:00,2026-05-20T05:14:00+00:00,LIMIT,LIMIT_FILLED,,,,,,,77145.61,77145.61,3000.0,0.03888,0.01296,0.01296,0.01296,76024.71,1120.8999999999942,78266.5,79387.38,,,,,0,76024.71,2026-05-22T19:31:00+00:00,PLAIN_SL,LOSS_TARGET,-43.58059199999977,4.430714958950399,0.000744,PINNED_SPEC_REFERENCE_0_000744,0,COMMISSION_TURNOVER_RATE_V0_1,FIXED_BPS_ADVERSE,0.5911681449599999,,-48.602475103910166,after_commission_before_borrow_interest,-1.0,False,0,CONSERVATIVE_STOP_FIRST_V0_1,False,BINANCE_SPOT_OFFICIAL,False,,,D:\Project_V\Executor\backtests\imbalance_045_075_through_2026-09-27_v1\source\candidate_index\2026-05-20\events_context_2026-05-20.csv,6fcf13331994743e7e9dcc711cb033b3f4367b96e2d693d4f87cdf5970c5acf1,
TR_9349a3a82a2d6f7485d6,SCOUT_c5dd764f9352bb1ff154,chop_coh_relaxed_long050_short054_feedfix_v1,independent_opportunity,PEAK_EMIT_BASELINE,SHORT,2026-05-22T08:36:00+00:00,FILLED,EUROPE_UTC,77261.554158,77254.7,77232.44,0.9997118621909088,2026-05-22T08:36:00+00:00,77261.06,78113.8,76408.32,75555.58,2026-05-21T17:56:00+00:00,78063.8,377.11,14,14,False,False,False,2026-05-22T08:37:00+00:00,2026-05-22T08:38:00+00:00,LIMIT,LIMIT_FILLED,,,,,,,77238.8,77238.8,3000.0,0.03884,0.01294,0.01294,0.01296,78091.3,852.5,76386.31,75533.81,2026-05-22T18:46:00+00:00,2026-05-22T22:45:00+00:00,77238.8,2026-05-22T22:45:00+00:00,4,75498.11,2026-05-23T02:54:00+00:00,TP1_TP2_TRAILING_STOP,PROTECTED_WINNER,55.65313360000017,4.4225270966976,0.000744,PINNED_SPEC_REFERENCE_0_000744,0,COMMISSION_TURNOVER_RATE_V0_1,FIXED_BPS_ADVERSE,0.3922757364,,50.838330766902565,after_commission_before_borrow_interest,1.680799900939569,False,0,CONSERVATIVE_STOP_FIRST_V0_1,False,BINANCE_SPOT_OFFICIAL,False,,,D:\Project_V\Executor\backtests\imbalance_045_075_through_2026-09-27_v1\source\candidate_index\2026-05-22\events_context_2026-05-22.csv,6fcf13331994743e7e9dcc711cb033b3f4367b96e2d693d4f87cdf5970c5acf1,
TR_05d66ee5fe1d13512e3e,SCOUT_ae14af2fa5a48e46b2a2,chop_coh_relaxed_long050_short054_feedfix_v1,independent_opportunity,GATE_REJECT,LONG,2026-05-25T06:10:00+00:00,FILLED,ASIA_UTC,77564.149371,77540.9,77505.82,0.999547593592543,2026-05-25T06:10:00+00:00,77564.64,76641.4,78487.88,79411.12,2026-05-24T08:07:00+00:00,76691.4,509.324,13,18,False,False,False,2026-05-25T06:11:00+00:00,2026-05-25T06:12:00+00:00,LIMIT,LIMIT_FILLED,,,,,,,77529.54,77505.81,3000.0,0.0387,0.0129,0.0129,0.0129,76606.72,922.8199999999924,78452.37,79375.19,,,,,0,76606.72,2026-05-26T00:53:00+00:00,PLAIN_SL,LOSS_TARGET,-34.79478299999986,4.4373312537839995,0.000744,PINNED_SPEC_REFERENCE_0_000744,0,COMMISSION_TURNOVER_RATE_V0_1,FIXED_BPS_ADVERSE,0.5929360128000001,,-39.825050266583865,after_commission_before_borrow_interest,-0.9742853427537372,False,0,CONSERVATIVE_STOP_FIRST_V0_1,False,BINANCE_SPOT_OFFICIAL,False,,,D:\Project_V\Executor\backtests\imbalance_045_075_through_2026-09-27_v1\source\candidate_index\2026-05-25\events_context_2026-05-25.csv,6fcf13331994743e7e9dcc711cb033b3f4367b96e2d693d4f87cdf5970c5acf1,
TR_8bb935c9031d946a60ee,SCOUT_f2ecb2c95ec58efb8479,chop_coh_relaxed_long050_short054_feedfix_v1,independent_opportunity,PEAK_EMIT_BASELINE,LONG,2026-05-26T14:25:00+00:00,FILLED,EUROPE_UTC,77810.426155,77757.5,77733.67,0.9996935343857506,2026-05-26T14:25:00+00:00,77810.92,77122.0,78499.84,79188.76,2026-05-25T20:43:00+00:00,77172.0,613.32,12,21,False,True,True,2026-05-26T14:26:00+00:00,2026-05-26T14:27:00+00:00,LIMIT,LIMIT_FILLED,,,,,,,77787.07,77733.67,3000.0,0.03859,0.01286,0.01286,0.01287,77098.36,688.7100000000064,78475.78,79164.49,,,,,0,77098.36,2026-05-26T14:39:00+00:00,PLAIN_SL,LOSS_TARGET,-24.51661289999991,4.445376220048799,0.000744,PINNED_SPEC_REFERENCE_0_000744,0,COMMISSION_TURNOVER_RATE_V0_1,FIXED_BPS_ADVERSE,0.59504514248,,-29.55703426252871,after_commission_before_borrow_interest,-0.9224637365509311,False,0,CONSERVATIVE_STOP_FIRST_V0_1,False,BINANCE_SPOT_OFFICIAL,False,,,D:\Project_V\Executor\backtests\imbalance_045_075_through_2026-09-27_v1\source\candidate_index\2026-05-26\events_context_2026-05-26.csv,6fcf13331994743e7e9dcc711cb033b3f4367b96e2d693d4f87cdf5970c5acf1,
TR_8d6a8967a9057cb15e3b,SCOUT_871dab2537815717a078,chop_coh_relaxed_long050_short054_feedfix_v1,independent_opportunity,PEAK_EMIT_BASELINE,LONG,2026-05-29T15:10:00+00:00,FILLED,EUROPE_UTC,73631.964387,73640.7,73577.34,0.9991396062231891,2026-05-29T15:10:00+00:00,73632.46,73162.3,74102.62,74572.78,2026-05-28T20:10:00+00:00,73212.3,256.115,15,16,False,False,False,2026-05-29T15:11:00+00:00,2026-05-29T15:12:00+00:00,LIMIT,LIMIT_FILLED,,,,,,,73569.1,73569.1,3000.0,0.04077,0.01359,0.01359,0.01359,73099.35,469.75,74038.86,74508.61,2026-05-29T15:36:00+00:00,,73569.1,,0,73569.1,2026-05-29T16:25:00+00:00,TP1_SL,SCRATCH_NEUTRAL,6.384038399999929,4.4678750885856,0.000744,PINNED_SPEC_REFERENCE_0_000744,0,COMMISSION_TURNOVER_RATE_V0_1,FIXED_BPS_ADVERSE,0.5005404383400001,,1.415622873074329,after_commission_before_borrow_interest,0.33334042930636487,False,0,CONSERVATIVE_STOP_FIRST_V0_1,False,BINANCE_SPOT_OFFICIAL,False,,,D:\Project_V\Executor\backtests\imbalance_045_075_through_2026-09-27_v1\source\candidate_index\2026-05-29\events_context_2026-05-29.csv,6fcf13331994743e7e9dcc711cb033b3f4367b96e2d693d4f87cdf5970c5acf1,
TR_cb43c5957af42ffe2995,SCOUT_1f4cb60ebaa2a2687d12,chop_coh_relaxed_long050_short054_feedfix_v1,independent_opportunity,GATE_REJECT,LONG,2026-05-29T17:13:00+00:00,FILLED,US_UTC,74273.365374,74199.1,74158.31,0.9994502628738083,2026-05-29T17:13:00+00:00,74273.86,73478.5,75069.22,75864.58,2026-05-29T16:27:00+00:00,73528.5,305.348,14,16,False,False,False,2026-05-29T17:14:00+00:00,2026-05-29T17:15:00+00:00,LIMIT,LIMIT_FILLED,,,,,,,74233.02,74158.31,3000.0,0.04045,0.01348,0.01348,0.01349,73438.1,794.9199999999983,75027.95,75822.87,,,,,0,73438.1,2026-05-29T18:52:00+00:00,PLAIN_SL,LOSS_TARGET,-29.13249449999967,4.441884439668,0.000744,PINNED_SPEC_REFERENCE_0_000744,0,COMMISSION_TURNOVER_RATE_V0_1,FIXED_BPS_ADVERSE,0.5941142290000001,,-34.168493168667666,after_commission_before_borrow_interest,-0.9060156996930426,False,0,CONSERVATIVE_STOP_FIRST_V0_1,False,BINANCE_SPOT_OFFICIAL,False,,,D:\Project_V\Executor\backtests\imbalance_045_075_through_2026-09-27_v1\source\candidate_index\2026-05-29\events_context_2026-05-29.csv,6fcf13331994743e7e9dcc711cb033b3f4367b96e2d693d4f87cdf5970c5acf1,
TR_fa1d48da6f87fad2e0bc,SCOUT_6e276c0e67f47c4c33d5,chop_coh_relaxed_long050_short054_feedfix_v1,independent_opportunity,GATE_REJECT,LONG,2026-05-29T17:16:00+00:00,FILLED,US_UTC,74309.139085,74145.5,74107.34,0.9994853362645069,2026-05-29T17:16:00+00:00,74309.63,73478.5,75140.76,75971.89,2026-05-29T16:27:00+00:00,73528.5,305.348,13,16,False,False,False,2026-05-29T17:17:00+00:00,2026-05-29T17:18:00+00:00,LIMIT,LIMIT_FILLED,,,,,,,74271.38,74107.33,3000.0,0.04048,0.01349,0.01349,0.0135,73440.68,830.7000000000116,75102.08,75932.79,,,,,0,73440.68,2026-05-29T18:52:00+00:00,PLAIN_SL,LOSS_TARGET,-26.985992000000355,4.4437211229312,0.000744,PINNED_SPEC_REFERENCE_0_000744,0,COMMISSION_TURNOVER_RATE_V0_1,FIXED_BPS_ADVERSE,0.5945757452799999,,-32.024288868211556,after_commission_before_borrow_interest,-0.8025159504032737,False,0,CONSERVATIVE_STOP_FIRST_V0_1,False,BINANCE_SPOT_OFFICIAL,False,,,D:\Project_V\Executor\backtests\imbalance_045_075_through_2026-09-27_v1\source\candidate_index\2026-05-29\events_context_2026-05-29.csv,6fcf13331994743e7e9dcc711cb033b3f4367b96e2d693d4f87cdf5970c5acf1,
TR_6d4893e4f8fe09e0029a,SCOUT_24cbc45ad30a6d1dfff0,chop_coh_relaxed_long050_short054_feedfix_v1,independent_opportunity,PEAK_EMIT_BASELINE,SHORT,2026-05-29T18:53:00+00:00,FILLED,US_UTC,73322.550547,73205.7,73171.1,0.9995273592083678,2026-05-29T18:53:00+00:00,73322.06,74227.0,72417.12,71512.18,2026-05-29T15:42:00+00:00,74177.0,1074.153,17,17,False,True,True,2026-05-29T18:55:00+00:00,2026-05-29T18:55:00+00:00,PLANB_MARKET,MARKET_FILLED,,73263.03,24.380000000004657,226.1274999999987,904.5099999999948,,73287.41,73263.03,3000.0,0.04094,0.01364,0.01364,0.01366,74191.92,904.5099999999948,72382.9,71478.39,,,,,0,74191.92,2026-05-31T01:25:00+00:00,PLAIN_SL,LOSS_TARGET,-38.02875659999997,4.491383405831999,0.000744,PINNED_SPEC_REFERENCE_0_000744,0,COMMISSION_TURNOVER_RATE_V0_1,FIXED_BPS_ADVERSE,0.60748344096,,-43.12762344679197,after_commission_before_borrow_interest,-1.0269538203004993,False,0,CONSERVATIVE_STOP_FIRST_V0_1,False,BINANCE_SPOT_OFFICIAL,False,,,D:\Project_V\Executor\backtests\imbalance_045_075_through_2026-09-27_v1\source\candidate_index\2026-05-29\events_context_2026-05-29.csv,6fcf13331994743e7e9dcc711cb033b3f4367b96e2d693d4f87cdf5970c5acf1,
TR_300afcabbbc1b1624f3e,SCOUT_f1fa583cdcb278230adf,chop_coh_relaxed_long050_short054_feedfix_v1,independent_opportunity,PEAK_EMIT_BASELINE,SHORT,2026-06-01T08:31:00+00:00,FILLED,EUROPE_UTC,72675.845751,72614.5,72575.5,0.9994629171859615,2026-06-01T08:31:00+00:00,72675.35,73617.4,71733.31,70791.26,2026-06-01T04:58:00+00:00,73567.4,239.977,6,13,False,False,False,2026-06-01T08:33:00+00:00,2026-06-01T08:33:00+00:00,PLANB_MARKET,MARKET_FILLED,,72582.32,54.0,235.3874999999971,941.5499999999884,,72636.32,72582.32,3000.0,0.04133,0.01377,0.01377,0.01379,73577.87,941.5499999999884,71694.79,70753.24,2026-06-01T13:14:00+00:00,2026-06-01T16:11:00+00:00,72582.32,2026-06-01T16:11:00+00:00,1,71648.09,2026-06-01T17:30:00+00:00,TP1_TP2_TRAILING_STOP,PROTECTED_WINNER,50.29075140000035,4.426326681931201,0.000744,PINNED_SPEC_REFERENCE_0_000744,0,COMMISSION_TURNOVER_RATE_V0_1,FIXED_BPS_ADVERSE,0.39375636953000004,,45.47066834853915,after_commission_before_borrow_interest,1.2923475728814993,False,0,CONSERVATIVE_STOP_FIRST_V0_1,False,BINANCE_SPOT_OFFICIAL,False,,,D:\Project_V\Executor\backtests\imbalance_045_075_through_2026-09-27_v1\source\candidate_index\2026-06-01\events_context_2026-06-01.csv,6fcf13331994743e7e9dcc711cb033b3f4367b96e2d693d4f87cdf5970c5acf1,
TR_05d21da927ffbc0d68b4,SCOUT_bb0f475969bcdfb84487,chop_coh_relaxed_long050_short054_feedfix_v1,independent_opportunity,PEAK_EMIT_BASELINE,SHORT,2026-06-01T09:53:00+00:00,FILLED,EUROPE_UTC,72816.291634,72842.1,72799.71,0.9994180563163335,2026-06-01T09:53:00+00:00,72815.8,73134.0,72497.6,72179.41,2026-06-01T09:28:00+00:00,73084.0,407.197,8,13,False,False,False,2026-06-01T09:54:00+00:00,2026-06-01T09:55:00+00:00,LIMIT,LIMIT_FILLED,,,,,,,72773.43,72799.71,3000.0,0.0412,0.01373,0.01373,0.01374,73091.45,318.0200000000041,72455.42,72137.41,2026-06-01T11:59:00+00:00,2026-06-01T12:04:00+00:00,72799.71,2026-06-01T12:04:00+00:00,6,71637.22,2026-06-01T17:30:00+00:00,TP1_TP2_TRAILING_STOP,PROTECTED_WINNER,29.793093300000226,4.4408638399608,0.000744,PINNED_SPEC_REFERENCE_0_000744,0,COMMISSION_TURNOVER_RATE_V0_1,FIXED_BPS_ADVERSE,0.39538503615,,24.956844423889425,after_commission_before_borrow_interest,2.273861180190768,False,0,CONSERVATIVE_STOP_FIRST_V0_1,False,BINANCE_SPOT_OFFICIAL,False,,,D:\Project_V\Executor\backtests\imbalance_045_075_through_2026-09-27_v1\source\candidate_index\2026-06-01\events_context_2026-06-01.csv,6fcf13331994743e7e9dcc711cb033b3f4367b96e2d693d4f87cdf5970c5acf1,
TR_78b8148fcf6ecb366fbd,SCOUT_fc212d505971e8a20eb4,chop_coh_relaxed_long050_short054_feedfix_v1,independent_opportunity,GATE_REJECT,LONG,2026-06-08T10:01:00+00:00,FILLED,EUROPE_UTC,63521.218672,63525.0,63528.45,1.0000543093270367,2026-06-08T10:01:00+00:00,63521.71,62626.8,64416.61,65311.52,2026-06-08T01:32:00+00:00,62676.8,481.001,8,17,False,False,False,2026-06-08T10:02:00+00:00,2026-06-08T10:03:00+00:00,LIMIT,LIMIT_FILLED,,,,,,,63525.15,63525.15,3000.0,0.04722,0.01574,0.01574,0.01574,62630.2,894.9500000000044,64420.1,65315.06,,,,,0,62630.2,2026-06-09T00:32:00+00:00,PLAIN_SL,LOSS_TARGET,-42.2595390000002,4.432049386488,0.000744,PINNED_SPEC_REFERENCE_0_000744,0,COMMISSION_TURNOVER_RATE_V0_1,FIXED_BPS_ADVERSE,0.5914796088,,-47.28306799528821,after_commission_before_borrow_interest,-1.0,False,0,CONSERVATIVE_STOP_FIRST_V0_1,False,BINANCE_SPOT_OFFICIAL,False,,,D:\Project_V\Executor\backtests\imbalance_045_075_through_2026-09-27_v1\source\candidate_index\2026-06-08\events_context_2026-06-08.csv,6fcf13331994743e7e9dcc711cb033b3f4367b96e2d693d4f87cdf5970c5acf1,
TR_2c73f6568bb5301334b2,SCOUT_30ed35bfb003764f7e4a,chop_coh_relaxed_long050_short054_feedfix_v1,independent_opportunity,PEAK_EMIT_BASELINE,SHORT,2026-06-10T02:18:00+00:00,FILLED,ASIA_UTC,61396.309936,61372.8,61382.36,1.0001557693310392,2026-06-10T02:18:00+00:00,61395.81,62303.2,60488.42,59581.03,2026-06-09T20:16:00+00:00,62253.2,628.073,12,22,True,False,True,2026-06-10T02:19:00+00:00,2026-06-10T02:20:00+00:00,LIMIT,LIMIT_FILLED,,,,,,,61405.38,61405.38,3000.0,0.04885,0.01628,0.01628,0.01629,62312.91,907.5300000000061,60497.85,59590.32,,,,,0,62312.91,2026-06-10T13:45:00+00:00,PLAIN_SL,LOSS_TARGET,-44.332840500000295,4.496467019075999,0.000744,PINNED_SPEC_REFERENCE_0_000744,0,COMMISSION_TURNOVER_RATE_V0_1,FIXED_BPS_ADVERSE,0.6087971307,,-49.43810464977629,after_commission_before_borrow_interest,-1.0,False,0,CONSERVATIVE_STOP_FIRST_V0_1,False,BINANCE_SPOT_OFFICIAL,False,,,D:\Project_V\Executor\backtests\imbalance_045_075_through_2026-09-27_v1\source\candidate_index\2026-06-10\events_context_2026-06-10.csv,6fcf13331994743e7e9dcc711cb033b3f4367b96e2d693d4f87cdf5970c5acf1,
TR_f3c8af3ba8b36d5e6860,SCOUT_53ce0f8c8e41c51a5069,chop_coh_relaxed_long050_short054_feedfix_v1,independent_opportunity,GATE_REJECT,LONG,2026-06-11T17:33:00+00:00,FILLED,US_UTC,63343.588001,63432.0,63410.4,0.9996594778660614,2026-06-11T17:33:00+00:00,63344.08,62444.6,64243.56,65143.04,2026-06-11T15:02:00+00:00,62494.6,1759.727,12,18,False,False,False,2026-06-11T17:34:00+00:00,2026-06-11T17:35:00+00:00,LIMIT,LIMIT_FILLED,,,,,,,63322.5,63322.5,3000.0,0.04737,0.01579,0.01579,0.01579,62423.33,899.1699999999983,64221.68,65120.85,2026-06-12T15:12:00+00:00,2026-06-14T21:41:00+00:00,63322.5,2026-06-14T21:41:00+00:00,7,65612.12,2026-06-15T07:59:00+00:00,TP1_TP2_TRAILING_STOP,PROTECTED_WINNER,78.74709849999991,4.521973036884001,0.000744,PINNED_SPEC_REFERENCE_0_000744,0,COMMISSION_TURNOVER_RATE_V0_1,FIXED_BPS_ADVERSE,0.4114349298300001,,73.81369053328591,after_commission_before_borrow_interest,1.848797594818927,False,0,CONSERVATIVE_STOP_FIRST_V0_1,False,BINANCE_SPOT_OFFICIAL,False,,,D:\Project_V\Executor\backtests\imbalance_045_075_through_2026-09-27_v1\source\candidate_index\2026-06-11\events_context_2026-06-11.csv,6fcf13331994743e7e9dcc711cb033b3f4367b96e2d693d4f87cdf5970c5acf1,
TR_f1f948faf42bd0eb29bb,SCOUT_f3b43969d34fe0125a71,chop_coh_relaxed_long050_short054_feedfix_v1,independent_opportunity,PEAK_EMIT_BASELINE,LONG,2026-06-11T23:41:00+00:00,FILLED,US_UTC,63667.092603,63647.9,63632.54,0.9997586723206893,2026-06-11T23:41:00+00:00,63667.59,62524.3,64810.87,65954.16,2026-06-11T07:08:00+00:00,62574.3,351.074,10,17,False,True,True,2026-06-11T23:42:00+00:00,2026-06-11T23:43:00+00:00,LIMIT,LIMIT_FILLED,,,,,,,63652.22,63632.54,3000.0,0.04714,0.01571,0.01571,0.01572,62509.21,1143.010000000002,64795.22,65938.24,2026-06-14T21:19:00+00:00,2026-06-15T03:48:00+00:00,63632.54,2026-06-15T03:48:00+00:00,3,65612.12,2026-06-15T07:59:00+00:00,TP1_TP2_TRAILING_STOP,PROTECTED_WINNER,85.60724739999998,4.5271530402384,0.000744,PINNED_SPEC_REFERENCE_0_000744,0,COMMISSION_TURNOVER_RATE_V0_1,FIXED_BPS_ADVERSE,0.4116667709399999,,80.66842758882157,after_commission_before_borrow_interest,1.5888061962590705,False,0,CONSERVATIVE_STOP_FIRST_V0_1,False,BINANCE_SPOT_OFFICIAL,False,,,D:\Project_V\Executor\backtests\imbalance_045_075_through_2026-09-27_v1\source\candidate_index\2026-06-12\events_context_2026-06-12.csv,6fcf13331994743e7e9dcc711cb033b3f4367b96e2d693d4f87cdf5970c5acf1,
TR_3c4ec50c6d3683384d08,SCOUT_9b5ff90a15186c7498a1,chop_coh_relaxed_long050_short054_feedfix_v1,independent_opportunity,GATE_REJECT,LONG,2026-06-12T15:07:00+00:00,FILLED,EUROPE_UTC,64082.491209,64065.9,64063.53,0.9999630068413929,2026-06-12T15:07:00+00:00,64082.99,62970.6,65195.38,66307.76,2026-06-12T13:44:00+00:00,63020.6,498.736,11,15,False,False,False,2026-06-12T15:08:00+00:00,2026-06-12T15:09:00+00:00,LIMIT,LIMIT_FILLED,,,,,,,64080.61,64063.53,3000.0,0.04682,0.0156,0.0156,0.01562,62968.27,1112.3400000000038,65192.96,66305.3,2026-06-14T21:41:00+00:00,2026-06-15T11:25:00+00:00,64063.53,2026-06-15T11:25:00+00:00,3,67022.22,2026-06-15T17:03:00+00:00,TP1_TP2_TRAILING_STOP,PROTECTED_WINNER,98.80545780000011,4.536699518808,0.000744,PINNED_SPEC_REFERENCE_0_000744,0,COMMISSION_TURNOVER_RATE_V0_1,FIXED_BPS_ADVERSE,0.41451470088,,93.8542435803121,after_commission_before_borrow_interest,1.8971949962256693,False,0,CONSERVATIVE_STOP_FIRST_V0_1,False,BINANCE_SPOT_OFFICIAL,False,,,D:\Project_V\Executor\backtests\imbalance_045_075_through_2026-09-27_v1\source\candidate_index\2026-06-12\events_context_2026-06-12.csv,6fcf13331994743e7e9dcc711cb033b3f4367b96e2d693d4f87cdf5970c5acf1,
TR_973648111d215db77fec,SCOUT_1546cce9e5afceea593e,chop_coh_relaxed_long050_short054_feedfix_v1,independent_opportunity,PEAK_EMIT_BASELINE,SHORT,2026-06-16T13:09:00+00:00,ABORTED,EUROPE_UTC,66233.203168,66131.8,66133.9,1.0000317547685076,2026-06-16T13:09:00+00:00,66232.71,66593.5,65871.93,65511.14,2026-06-16T06:38:00+00:00,66543.5,781.046,15,15,False,False,False,,2026-06-16T13:11:00+00:00,,ABORT,PLANB_DEVIATION_TOO_LARGE,66128.68,106.14000000001397,90.19999999999709,360.79999999998836,,66234.82,,3000.0,0.0,0.0,0.0,0.0,66595.62,360.79999999998836,65874.03,65513.23,,,,,0,,,NO_FILL,NO_TRADE,0.0,0.0,0.000744,PINNED_SPEC_REFERENCE_0_000744,0,COMMISSION_TURNOVER_RATE_V0_1,FIXED_BPS_ADVERSE,0.0,,0.0,after_commission_before_borrow_interest,,False,0,CONSERVATIVE_STOP_FIRST_V0_1,False,,False,PLANB_DEVIATION_TOO_LARGE,,D:\Project_V\Executor\backtests\imbalance_045_075_through_2026-09-27_v1\source\candidate_index\2026-06-16\events_context_2026-06-16.csv,6fcf13331994743e7e9dcc711cb033b3f4367b96e2d693d4f87cdf5970c5acf1,
TR_fba416eac092bca6d7f9,SCOUT_0bca74defc2c35ff538c,chop_coh_relaxed_long050_short054_feedfix_v1,independent_opportunity,GATE_REJECT,SHORT,2026-06-17T03:16:00+00:00,FILLED,ASIA_UTC,65771.416578,65709.6,65703.15,0.9999018408269109,2026-06-17T03:16:00+00:00,65770.92,66593.5,64948.34,64125.76,2026-06-16T06:38:00+00:00,66543.5,781.046,13,14,False,False,False,2026-06-17T03:18:00+00:00,2026-06-17T03:18:00+00:00,PLANB_MARKET,MARKET_FILLED,,65695.0,69.47000000000116,205.625,822.5,,65764.47,65695.0,3000.0,0.04566,0.01522,0.01522,0.01522,66586.97,822.5,64941.97,64119.47,2026-06-17T08:40:00+00:00,,65695.0,,0,65695.0,2026-06-17T15:51:00+00:00,TP1_SL,SCRATCH_NEUTRAL,11.461116599999981,4.4549278748495995,0.000744,PINNED_SPEC_REFERENCE_0_000744,0,COMMISSION_TURNOVER_RATE_V0_1,FIXED_BPS_ADVERSE,0.49879283834000004,,6.507395886810381,after_commission_before_borrow_interest,0.3051793313069904,False,0,CONSERVATIVE_STOP_FIRST_V0_1,False,BINANCE_SPOT_OFFICIAL,False,,,D:\Project_V\Executor\backtests\imbalance_045_075_through_2026-09-27_v1\source\candidate_index\2026-06-17\events_context_2026-06-17.csv,6fcf13331994743e7e9dcc711cb033b3f4367b96e2d693d4f87cdf5970c5acf1,
TR_ebd75c6d1ce2d2b6cf94,SCOUT_d2a8042a353d0a95e9b1,chop_coh_relaxed_long050_short054_feedfix_v1,independent_opportunity,PEAK_EMIT_BASELINE,SHORT,2026-06-21T21:10:00+00:00,FILLED,US_UTC,63617.565713,63543.0,63501.18,0.9993418629904159,2026-06-21T21:10:00+00:00,63617.07,64387.3,62846.84,62076.61,2026-06-21T15:45:00+00:00,64337.3,291.063,19,19,False,True,True,2026-06-21T21:11:00+00:00,2026-06-21T21:12:00+00:00,LIMIT,LIMIT_FILLED,,,,,,,63575.21,63575.21,3000.0,0.04718,0.01572,0.01572,0.01574,64344.93,769.7200000000012,62805.48,62035.76,,,,,0,64344.93,2026-06-22T01:24:00+00:00,PLAIN_SL,LOSS_TARGET,-36.31538960000005,4.4902425206688,0.000744,PINNED_SPEC_REFERENCE_0_000744,0,COMMISSION_TURNOVER_RATE_V0_1,FIXED_BPS_ADVERSE,0.60715875948,,-41.412790880148854,after_commission_before_borrow_interest,-1.0,False,0,CONSERVATIVE_STOP_FIRST_V0_1,False,BINANCE_SPOT_OFFICIAL,False,,,D:\Project_V\Executor\backtests\imbalance_045_075_through_2026-09-27_v1\source\candidate_index\2026-06-21\events_context_2026-06-21.csv,6fcf13331994743e7e9dcc711cb033b3f4367b96e2d693d4f87cdf5970c5acf1,
TR_795764de1b47ec67ee4b,SCOUT_08e93878648179f319cf,chop_coh_relaxed_long050_short054_feedfix_v1,independent_opportunity,PEAK_EMIT_BASELINE,LONG,2026-06-24T11:49:00+00:00,FILLED,EUROPE_UTC,62879.004709,62900.5,62864.95,0.9994348216627849,2026-06-24T11:49:00+00:00,62879.5,61866.9,63892.1,64904.7,2026-06-23T13:32:00+00:00,61916.9,737.785,17,17,True,True,True,2026-06-24T11:51:00+00:00,2026-06-24T11:51:00+00:00,PLANB_MARKET,MARKET_FILLED,,63034.42,190.45999999999913,253.0074999999997,1012.0299999999988,,62843.96,63034.42,3000.0,0.04759,0.01586,0.01586,0.01587,61831.93,1012.0299999999988,63855.98,64868.01,,,,,0,61831.93,2026-06-24T13:23:00+00:00,PLAIN_SL,LOSS_TARGET,-57.226499099999906,4.421137859796,0.000744,PINNED_SPEC_REFERENCE_0_000744,0,COMMISSION_TURNOVER_RATE_V0_1,FIXED_BPS_ADVERSE,0.58851630974,,-62.236153269535905,after_commission_before_borrow_interest,-1.188196002094799,False,0,CONSERVATIVE_STOP_FIRST_V0_1,False,BINANCE_SPOT_OFFICIAL,False,,,D:\Project_V\Executor\backtests\imbalance_045_075_through_2026-09-27_v1\source\candidate_index\2026-06-24\events_context_2026-06-24.csv,6fcf13331994743e7e9dcc711cb033b3f4367b96e2d693d4f87cdf5970c5acf1,
TR_d15f0513f20e82904352,SCOUT_84b8d29ac5afbfecd857,chop_coh_relaxed_long050_short054_feedfix_v1,independent_opportunity,PEAK_EMIT_BASELINE,SHORT,2026-06-24T13:13:00+00:00,FILLED,EUROPE_UTC,62026.569333,61998.5,61958.72,0.9993583715735058,2026-06-24T13:13:00+00:00,62026.07,62862.2,61189.94,60353.82,2026-06-23T16:15:00+00:00,62812.2,617.781,14,15,False,False,False,2026-06-24T13:14:00+00:00,2026-06-24T13:15:00+00:00,LIMIT,LIMIT_FILLED,,,,,,,61986.28,61986.28,3000.0,0.04839,0.01613,0.01613,0.01613,62821.87,835.5900000000038,61150.68,60315.1,2026-06-24T14:03:00+00:00,2026-06-24T15:48:00+00:00,61986.28,2026-06-24T15:48:00+00:00,2,60660.06,2026-06-24T20:07:00+00:00,TP1_TP2_TRAILING_STOP,PROTECTED_WINNER,61.82629,4.417281180969599,0.000744,PINNED_SPEC_REFERENCE_0_000744,0,COMMISSION_TURNOVER_RATE_V0_1,FIXED_BPS_ADVERSE,0.39161365670000003,,57.0173951623304,after_commission_before_borrow_interest,1.5290593073955658,False,0,CONSERVATIVE_STOP_FIRST_V0_1,False,BINANCE_SPOT_OFFICIAL,False,,,D:\Project_V\Executor\backtests\imbalance_045_075_through_2026-09-27_v1\source\candidate_index\2026-06-24\events_context_2026-06-24.csv,6fcf13331994743e7e9dcc711cb033b3f4367b96e2d693d4f87cdf5970c5acf1,
TR_cef3cd12844accabc985,SCOUT_9e2de04e6661f0c367ee,chop_coh_relaxed_long050_short054_feedfix_v1,independent_opportunity,PEAK_EMIT_BASELINE,SHORT,2026-06-24T13:23:00+00:00,FILLED,EUROPE_UTC,61904.048002,61742.6,61704.57,0.9993840557410929,2026-06-24T13:23:00+00:00,61903.55,62862.2,60944.91,59986.26,2026-06-23T16:15:00+00:00,62812.2,617.781,13,15,False,False,False,2026-06-24T13:25:00+00:00,2026-06-24T13:25:00+00:00,PLANB_MARKET,MARKET_FILLED,,61637.64,227.79000000000087,239.51499999999942,958.0599999999977,,61865.43,61637.64,3000.0,0.04867,0.01622,0.01622,0.01623,62823.49,958.0599999999977,60907.38,59949.32,2026-06-24T14:20:00+00:00,2026-06-24T16:48:00+00:00,61637.64,2026-06-24T16:48:00+00:00,3,60672.52,2026-06-24T20:07:00+00:00,TP1_TP2_TRAILING_STOP,PROTECTED_WINNER,54.893265200000066,4.4230164716255995,0.000744,PINNED_SPEC_REFERENCE_0_000744,0,COMMISSION_TURNOVER_RATE_V0_1,FIXED_BPS_ADVERSE,0.39297256731999997,,50.07727616105446,after_commission_before_borrow_interest,1.1772399999432153,False,0,CONSERVATIVE_STOP_FIRST_V0_1,False,BINANCE_SPOT_OFFICIAL,False,,,D:\Project_V\Executor\backtests\imbalance_045_075_through_2026-09-27_v1\source\candidate_index\2026-06-24\events_context_2026-06-24.csv,6fcf13331994743e7e9dcc711cb033b3f4367b96e2d693d4f87cdf5970c5acf1,
TR_87119b6bfae909e3f7cf,SCOUT_116a4b23b347ac6879bc,chop_coh_relaxed_long050_short054_feedfix_v1,independent_opportunity,PEAK_EMIT_BASELINE,SHORT,2026-06-25T13:46:00+00:00,ABORTED,EUROPE_UTC,60044.411922,59826.6,59777.78,0.9991839750211444,2026-06-25T13:46:00+00:00,60043.92,60699.1,59388.74,58733.56,2026-06-24T16:24:00+00:00,60649.1,543.863,6,13,False,,,,2026-06-25T13:48:00+00:00,,ABORT,PLANB_DEVIATION_TOO_LARGE,59580.5,414.4300000000003,163.65999999999985,654.6399999999994,,59994.93,,3000.0,0.0,0.0,0.0,0.0,60649.57,654.6399999999994,59340.28,58685.64,,,,,0,,,NO_FILL,NO_TRADE,0.0,0.0,0.000744,PINNED_SPEC_REFERENCE_0_000744,0,COMMISSION_TURNOVER_RATE_V0_1,FIXED_BPS_ADVERSE,0.0,,0.0,after_commission_before_borrow_interest,,False,0,CONSERVATIVE_STOP_FIRST_V0_1,False,,False,PLANB_DEVIATION_TOO_LARGE,,D:\Project_V\Executor\backtests\imbalance_045_075_through_2026-09-27_v1\source\candidate_index\2026-06-25\events_context_2026-06-25.csv,6fcf13331994743e7e9dcc711cb033b3f4367b96e2d693d4f87cdf5970c5acf1,
TR_6552eff289845752377c,SCOUT_4746e9fd7b516879c91f,chop_coh_relaxed_long050_short054_feedfix_v1,independent_opportunity,PEAK_EMIT_BASELINE,SHORT,2026-06-26T12:44:00+00:00,FILLED,EUROPE_UTC,59023.145544,58948.7,58902.83,0.9992218657917817,2026-06-26T12:44:00+00:00,59022.65,60085.7,57959.61,56896.56,2026-06-25T16:12:00+00:00,60035.7,782.782,7,12,False,True,True,2026-06-26T12:45:00+00:00,2026-06-26T12:46:00+00:00,LIMIT,LIMIT_FILLED,,,,,,,58976.73,58976.73,3000.0,0.05086,0.01695,0.01695,0.01696,60038.95,1062.219999999994,57914.51,56852.29,,,,,0,60038.95,2026-06-26T13:58:00+00:00,PLAIN_SL,LOSS_TARGET,-54.02450919999969,4.5035342886912,0.000744,PINNED_SPEC_REFERENCE_0_000744,0,COMMISSION_TURNOVER_RATE_V0_1,FIXED_BPS_ADVERSE,0.6107161994,,-59.13875968809089,after_commission_before_borrow_interest,-1.0,False,0,CONSERVATIVE_STOP_FIRST_V0_1,False,BINANCE_SPOT_OFFICIAL,False,,,D:\Project_V\Executor\backtests\imbalance_045_075_through_2026-09-27_v1\source\candidate_index\2026-06-26\events_context_2026-06-26.csv,6fcf13331994743e7e9dcc711cb033b3f4367b96e2d693d4f87cdf5970c5acf1,
TR_f4a7b9b86f7d4a43d603,SCOUT_b07b4f35286d18f64638,chop_coh_relaxed_long050_short054_feedfix_v1,independent_opportunity,GATE_REJECT,SHORT,2026-06-26T13:25:00+00:00,FILLED,EUROPE_UTC,58913.115652,58844.6,58788.13,0.9990403537452884,2026-06-26T13:25:00+00:00,58912.62,60085.7,57739.55,56566.47,2026-06-25T16:12:00+00:00,60035.7,782.782,7,13,False,False,False,2026-06-26T13:27:00+00:00,2026-06-26T13:27:00+00:00,PLANB_MARKET,MARKET_FILLED,,58798.23,57.859999999993306,292.9875000000011,1171.9500000000044,,58856.09,58798.23,3000.0,0.05102,0.017,0.017,0.01702,60028.04,1171.9500000000044,57684.15,56512.19,,,,,0,60028.04,2026-06-26T13:58:00+00:00,PLAIN_SL,LOSS_TARGET,-62.74490619999988,4.5105121237776,0.000744,PINNED_SPEC_REFERENCE_0_000744,0,COMMISSION_TURNOVER_RATE_V0_1,FIXED_BPS_ADVERSE,0.6125261201600001,,-67.86794444393747,after_commission_before_borrow_interest,-1.0493707069414164,False,0,CONSERVATIVE_STOP_FIRST_V0_1,False,BINANCE_SPOT_OFFICIAL,False,,,D:\Project_V\Executor\backtests\imbalance_045_075_through_2026-09-27_v1\source\candidate_index\2026-06-26\events_context_2026-06-26.csv,6fcf13331994743e7e9dcc711cb033b3f4367b96e2d693d4f87cdf5970c5acf1,
TR_dbf83929d20ccf796919,SCOUT_72b9d7348593d2e23817,chop_coh_relaxed_long050_short054_feedfix_v1,independent_opportunity,PEAK_EMIT_BASELINE,SHORT,2026-06-29T13:47:00+00:00,FILLED,EUROPE_UTC,59364.249945,59418.3,59366.91,0.9991351149393369,2026-06-29T13:47:00+00:00,59363.75,60243.2,58484.3,57604.86,2026-06-29T11:32:00+00:00,60193.2,779.216,17,18,False,True,True,2026-06-29T13:48:00+00:00,2026-06-29T13:49:00+00:00,LIMIT,LIMIT_FILLED,,,,,,,59312.41,59370.72,3000.0,0.05052,0.01684,0.01684,0.01684,60191.1,878.689999999995,58433.72,57555.04,,,,,0,60191.1,2026-06-29T17:06:00+00:00,PLAIN_SL,LOSS_TARGET,-41.44559759999987,4.4939557809216,0.000744,PINNED_SPEC_REFERENCE_0_000744,0,COMMISSION_TURNOVER_RATE_V0_1,FIXED_BPS_ADVERSE,0.6081708744000001,,-46.54772425532148,after_commission_before_borrow_interest,-0.933639850231597,False,0,CONSERVATIVE_STOP_FIRST_V0_1,False,BINANCE_SPOT_OFFICIAL,False,,,D:\Project_V\Executor\backtests\imbalance_045_075_through_2026-09-27_v1\source\candidate_index\2026-06-29\events_context_2026-06-29.csv,6fcf13331994743e7e9dcc711cb033b3f4367b96e2d693d4f87cdf5970c5acf1,
TR_7d15f6daae9f2c631a7d,SCOUT_90932fcfc37338ab8ec1,chop_coh_relaxed_long050_short054_feedfix_v1,independent_opportunity,PEAK_EMIT_BASELINE,LONG,2026-07-05T22:21:00+00:00,FILLED,US_UTC,63538.40829,63532.2,63513.1,0.9996993650463859,2026-07-05T22:21:00+00:00,63538.9,62360.1,64717.7,65896.5,2026-07-05T09:44:00+00:00,62410.1,1075.71,22,22,False,False,False,2026-07-05T22:22:00+00:00,2026-07-05T22:23:00+00:00,LIMIT,LIMIT_FILLED,,,,,,,63519.79,63513.1,3000.0,0.04723,0.01574,0.01574,0.01575,62341.35,1178.4400000000023,64698.24,65876.68,,,,,0,62341.35,2026-07-06T12:01:00+00:00,PLAIN_SL,LOSS_TARGET,-55.3417525,4.422414621084,0.000744,PINNED_SPEC_REFERENCE_0_000744,0,COMMISSION_TURNOVER_RATE_V0_1,FIXED_BPS_ADVERSE,0.5888763921,,-60.353043513184,after_commission_before_borrow_interest,-0.9943230032924864,False,0,CONSERVATIVE_STOP_FIRST_V0_1,False,BINANCE_SPOT_OFFICIAL,False,,,D:\Project_V\Executor\backtests\imbalance_045_075_through_2026-09-27_v1\source\candidate_index\2026-07-06\events_context_2026-07-06.csv,6fcf13331994743e7e9dcc711cb033b3f4367b96e2d693d4f87cdf5970c5acf1,
TR_8347973dbc61df837155,SCOUT_fb923eae7201ece1b4e5,chop_coh_relaxed_long050_short054_feedfix_v1,independent_opportunity,PEAK_EMIT_BASELINE,LONG,2026-07-10T08:17:00+00:00,FILLED,EUROPE_UTC,64196.535959,64223.6,64220.8,0.9999564023193966,2026-07-10T08:17:00+00:00,64197.03,63715.5,64678.56,65160.09,2026-07-10T07:03:00+00:00,63765.5,320.467,8,18,False,False,False,2026-07-10T08:18:00+00:00,2026-07-10T08:19:00+00:00,LIMIT,LIMIT_FILLED,,,,,,,64194.23,64194.23,3000.0,0.04673,0.01557,0.01557,0.01559,63712.72,481.51000000000204,64675.74,65157.24,,,,,0,63712.72,2026-07-10T18:55:00+00:00,PLAIN_SL,LOSS_TARGET,-22.500962300000097,4.446956279484,0.000744,PINNED_SPEC_REFERENCE_0_000744,0,COMMISSION_TURNOVER_RATE_V0_1,FIXED_BPS_ADVERSE,0.59545908112,,-27.543377660604097,after_commission_before_borrow_interest,-1.0,False,0,CONSERVATIVE_STOP_FIRST_V0_1,False,BINANCE_SPOT_OFFICIAL,False,,,D:\Project_V\Executor\backtests\imbalance_045_075_through_2026-09-27_v1\source\candidate_index\2026-07-10\events_context_2026-07-10.csv,6fcf13331994743e7e9dcc711cb033b3f4367b96e2d693d4f87cdf5970c5acf1,
TR_dcd5158b2a719e4bbb00,SCOUT_c6d6450f7e61daad2b12,chop_coh_relaxed_long050_short054_feedfix_v1,independent_opportunity,PEAK_EMIT_BASELINE,LONG,2026-07-18T12:07:00+00:00,FILLED,EUROPE_UTC,64193.422659,64142.1,64133.11,0.9998598424435745,2026-07-18T12:07:00+00:00,64193.92,63222.4,65165.43,66136.95,2026-07-17T16:24:00+00:00,63272.4,585.481,15,17,False,False,False,2026-07-18T12:08:00+00:00,2026-07-18T12:09:00+00:00,LIMIT,LIMIT_FILLED,,,,,,,64184.92,64133.1,3000.0,0.04677,0.01559,0.01559,0.01559,63213.53,971.3899999999994,65156.29,66127.68,2026-07-20T15:44:00+00:00,2026-07-21T07:47:00+00:00,64133.1,2026-07-21T07:47:00+00:00,3,66171.24,2026-07-21T10:51:00+00:00,TP1_TP2_TRAILING_STOP,PROTECTED_WINNER,78.82163690000006,4.5219068673096,0.000744,PINNED_SPEC_REFERENCE_0_000744,0,COMMISSION_TURNOVER_RATE_V0_1,FIXED_BPS_ADVERSE,0.41099363555,,73.88873639714046,after_commission_before_borrow_interest,1.7349399657535447,False,0,CONSERVATIVE_STOP_FIRST_V0_1,False,BINANCE_SPOT_OFFICIAL,False,,,D:\Project_V\Executor\backtests\imbalance_045_075_through_2026-09-27_v1\source\candidate_index\2026-07-18\events_context_2026-07-18.csv,6fcf13331994743e7e9dcc711cb033b3f4367b96e2d693d4f87cdf5970c5acf1,
TR_5323d691190a4417d1d2,SCOUT_308a2eb44997450d741c,chop_coh_relaxed_long050_short054_feedfix_v1,independent_opportunity,GATE_REJECT,SHORT,2026-07-20T06:34:00+00:00,FILLED,ASIA_UTC,63975.834442,63970.5,63951.7,0.9997061145371694,2026-07-20T06:34:00+00:00,63975.34,65061.0,62889.68,61804.02,2026-07-20T01:11:00+00:00,65011.0,518.931,18,18,False,False,False,2026-07-20T06:35:00+00:00,2026-07-20T06:36:00+00:00,LIMIT,LIMIT_FILLED,,,,,,,63956.54,63956.54,3000.0,0.0469,0.01563,0.01563,0.01564,65041.88,1085.3399999999965,62871.2,61785.86,,,,,0,65041.88,2026-07-20T15:44:00+00:00,PLAIN_SL,LOSS_TARGET,-50.902445999999834,4.501219268112,0.000744,PINNED_SPEC_REFERENCE_0_000744,0,COMMISSION_TURNOVER_RATE_V0_1,FIXED_BPS_ADVERSE,0.6100928344,,-56.01375810251184,after_commission_before_borrow_interest,-1.0,False,0,CONSERVATIVE_STOP_FIRST_V0_1,False,BINANCE_SPOT_OFFICIAL,False,,,D:\Project_V\Executor\backtests\imbalance_045_075_through_2026-09-27_v1\source\candidate_index\2026-07-20\events_context_2026-07-20.csv,6fcf13331994743e7e9dcc711cb033b3f4367b96e2d693d4f87cdf5970c5acf1,
TR_57a53ed6fbf94f52eb62,SCOUT_80ee935fb60c386774e7,chop_coh_relaxed_long050_short054_feedfix_v1,independent_opportunity,GATE_REJECT,LONG,2026-07-22T00:26:00+00:00,FILLED,ASIA_UTC,66672.145114,66630.3,66621.56,0.9998688284459172,2026-07-22T00:26:00+00:00,66672.64,65889.0,67456.28,68239.92,2026-07-21T17:48:00+00:00,65939.0,6249.119,14,15,False,False,False,2026-07-22T00:27:00+00:00,2026-07-22T00:28:00+00:00,LIMIT,LIMIT_FILLED,,,,,,,66663.89,66624.22,3000.0,0.04502,0.015,0.015,0.01502,65880.35,783.5399999999936,67447.43,68230.96,,,,,0,65880.35,2026-07-22T06:09:00+00:00,PLAIN_SL,LOSS_TARGET,-33.48902739999979,4.4382246716016,0.000744,PINNED_SPEC_REFERENCE_0_000744,0,COMMISSION_TURNOVER_RATE_V0_1,FIXED_BPS_ADVERSE,0.5931866714,,-38.52043874300139,after_commission_before_borrow_interest,-0.9493708042984423,False,0,CONSERVATIVE_STOP_FIRST_V0_1,False,BINANCE_SPOT_OFFICIAL,False,,,D:\Project_V\Executor\backtests\imbalance_045_075_through_2026-09-27_v1\source\candidate_index\2026-07-22\events_context_2026-07-22.csv,6fcf13331994743e7e9dcc711cb033b3f4367b96e2d693d4f87cdf5970c5acf1,
TR_23e6cac409715652f943,SCOUT_2012cff1521cd8739ce3,chop_coh_relaxed_long050_short054_feedfix_v1,independent_opportunity,GATE_REJECT,LONG,2026-07-22T00:46:00+00:00,FILLED,ASIA_UTC,66724.771294,66689.2,66680.9,0.9998755420667814,2026-07-22T00:46:00+00:00,66725.27,65889.0,67561.54,68397.81,2026-07-21T17:48:00+00:00,65939.0,6249.119,14,15,False,False,False,2026-07-22T00:47:00+00:00,2026-07-22T00:48:00+00:00,LIMIT,LIMIT_FILLED,,,,,,,66716.96,66680.9,3000.0,0.04499,0.01499,0.01499,0.01501,65880.79,836.1700000000128,67553.13,68389.29,,,,,0,65880.79,2026-07-22T06:09:00+00:00,PLAIN_SL,LOSS_TARGET,-35.99694890000003,4.437179122226399,0.000744,PINNED_SPEC_REFERENCE_0_000744,0,COMMISSION_TURNOVER_RATE_V0_1,FIXED_BPS_ADVERSE,0.5927953484199999,,-41.02692337064642,after_commission_before_borrow_interest,-0.9568747981869576,False,0,CONSERVATIVE_STOP_FIRST_V0_1,False,BINANCE_SPOT_OFFICIAL,False,,,D:\Project_V\Executor\backtests\imbalance_045_075_through_2026-09-27_v1\source\candidate_index\2026-07-22\events_context_2026-07-22.csv,6fcf13331994743e7e9dcc711cb033b3f4367b96e2d693d4f87cdf5970c5acf1,
TR_a265ae3ed3713de96e03,SCOUT_5f763bcaf0dd36dbd6c5,chop_coh_relaxed_long050_short054_feedfix_v1,independent_opportunity,PEAK_EMIT_BASELINE,LONG,2026-07-26T00:26:00+00:00,FILLED,ASIA_UTC,64470.963751,64429.7,64406.54,0.999640538447331,2026-07-26T00:26:00+00:00,64471.46,63710.5,65232.42,65993.38,2026-07-25T08:53:00+00:00,63760.5,521.176,12,12,False,False,False,2026-07-26T00:27:00+00:00,2026-07-26T00:28:00+00:00,LIMIT,LIMIT_FILLED,,,,,,,64448.28,64406.55,3000.0,0.04657,0.01552,0.01552,0.01553,63687.59,760.6900000000023,65208.97,65969.65,2026-07-26T22:29:00+00:00,,64406.55,,0,64406.55,2026-07-27T14:45:00+00:00,TP1_SL,SCRATCH_NEUTRAL,12.453558399999974,4.4723920412976,0.000744,PINNED_SPEC_REFERENCE_0_000744,0,COMMISSION_TURNOVER_RATE_V0_1,FIXED_BPS_ADVERSE,0.50116899694,,7.479997361762374,after_commission_before_borrow_interest,0.35154385971577956,False,0,CONSERVATIVE_STOP_FIRST_V0_1,False,BINANCE_SPOT_OFFICIAL,False,,,D:\Project_V\Executor\backtests\imbalance_045_075_through_2026-09-27_v1\source\candidate_index\2026-07-26\events_context_2026-07-26.csv,6fcf13331994743e7e9dcc711cb033b3f4367b96e2d693d4f87cdf5970c5acf1,
TR_5133fa868601445e0735,SCOUT_630b160fd3623bbb42fb,chop_coh_relaxed_long050_short054_feedfix_v1,independent_opportunity,GATE_REJECT,LONG,2026-07-26T22:01:00+00:00,FILLED,US_UTC,65002.977542,65052.0,65021.46,0.9995305294226158,2026-07-26T22:01:00+00:00,65003.47,64309.3,65697.64,66391.81,2026-07-26T05:33:00+00:00,64359.3,483.656,15,15,False,False,False,2026-07-26T22:02:00+00:00,2026-07-26T22:03:00+00:00,LIMIT,LIMIT_FILLED,,,,,,,64972.95,64972.95,3000.0,0.04617,0.01539,0.01539,0.01539,64279.1,693.8499999999985,65666.79,66360.64,2026-07-27T06:07:00+00:00,,64972.95,,0,64972.95,2026-07-27T12:22:00+00:00,TP1_SL,SCRATCH_NEUTRAL,10.678197599999946,4.4716486180464,0.000744,PINNED_SPEC_REFERENCE_0_000744,0,COMMISSION_TURNOVER_RATE_V0_1,FIXED_BPS_ADVERSE,0.50103467001,,5.705514311943546,after_commission_before_borrow_interest,0.33332852922101214,False,0,CONSERVATIVE_STOP_FIRST_V0_1,False,BINANCE_SPOT_OFFICIAL,False,,,D:\Project_V\Executor\backtests\imbalance_045_075_through_2026-09-27_v1\source\candidate_index\2026-07-27\events_context_2026-07-27.csv,6fcf13331994743e7e9dcc711cb033b3f4367b96e2d693d4f87cdf5970c5acf1,
TR_4a3632311c4d6ebe80a4,SCOUT_dfc0854aeb0a1b9c4c8a,chop_coh_relaxed_long050_short054_feedfix_v1,independent_opportunity,GATE_REJECT,LONG,2026-07-27T13:38:00+00:00,FILLED,EUROPE_UTC,65305.97045,65321.6,65293.73,0.9995733417430069,2026-07-27T13:38:00+00:00,65306.47,64761.0,65851.94,66397.41,2026-07-27T12:34:00+00:00,64811.0,598.674,14,14,False,False,False,2026-07-27T13:39:00+00:00,2026-07-27T13:40:00+00:00,LIMIT,LIMIT_FILLED,,,,,,,65278.6,65278.6,3000.0,0.04595,0.01531,0.01531,0.01533,64733.36,545.239999999998,65823.84,66369.08,,,,,0,64733.36,2026-07-27T14:31:00+00:00,PLAIN_SL,LOSS_TARGET,-25.053777999999905,4.444692874128,0.000744,PINNED_SPEC_REFERENCE_0_000744,0,COMMISSION_TURNOVER_RATE_V0_1,FIXED_BPS_ADVERSE,0.5948995784,,-30.093370452527903,after_commission_before_borrow_interest,-1.0,False,0,CONSERVATIVE_STOP_FIRST_V0_1,False,BINANCE_SPOT_OFFICIAL,False,,,D:\Project_V\Executor\backtests\imbalance_045_075_through_2026-09-27_v1\source\candidate_index\2026-07-27\events_context_2026-07-27.csv,6fcf13331994743e7e9dcc711cb033b3f4367b96e2d693d4f87cdf5970c5acf1,
TR_0f0bb2ef02dcbf4efc5f,SCOUT_072a749b3fb629a0f6b6,chop_coh_relaxed_long050_short054_feedfix_v1,independent_opportunity,GATE_REJECT,LONG,2026-08-04T12:39:00+00:00,FILLED,EUROPE_UTC,64013.796807,63967.7,63938.75,0.9995474278424893,2026-08-04T12:39:00+00:00,64014.29,63302.2,64726.38,65438.47,2026-08-03T22:07:00+00:00,63352.2,460.784,17,18,False,False,False,2026-08-04T12:40:00+00:00,2026-08-04T12:41:00+00:00,LIMIT,LIMIT_FILLED,,,,,,,63985.31,63938.75,3000.0,0.04691,0.01563,0.01563,0.01565,63273.55,711.7599999999948,64697.08,65408.85,2026-08-05T15:11:00+00:00,2026-08-09T22:15:00+00:00,63938.75,2026-08-09T22:15:00+00:00,1,64976.23,2026-08-09T22:39:00+00:00,TP1_TP2_TRAILING_STOP,PROTECTED_WINNER,51.06692290000006,4.5010515332376,0.000744,PINNED_SPEC_REFERENCE_0_000744,0,COMMISSION_TURNOVER_RATE_V0_1,FIXED_BPS_ADVERSE,0.40673116849,,46.15914019827246,after_commission_before_borrow_interest,1.5294690009377443,False,0,CONSERVATIVE_STOP_FIRST_V0_1,False,BINANCE_SPOT_OFFICIAL,False,,,D:\Project_V\Executor\backtests\imbalance_045_075_through_2026-09-27_v1\source\candidate_index\2026-08-04\events_context_2026-08-04.csv,6fcf13331994743e7e9dcc711cb033b3f4367b96e2d693d4f87cdf5970c5acf1,
TR_7e50f9a986f55db5d3f6,SCOUT_c6783ef13cd306c34b1c,chop_coh_relaxed_long050_short054_feedfix_v1,independent_opportunity,GATE_REJECT,LONG,2026-08-05T12:22:00+00:00,FILLED,EUROPE_UTC,64523.900278,64475.0,64449.09,0.9995981388134936,2026-08-05T12:22:00+00:00,64524.4,63868.2,65180.6,65836.8,2026-08-04T20:18:00+00:00,63918.2,1178.947,16,16,False,True,True,2026-08-05T12:23:00+00:00,2026-08-05T12:24:00+00:00,LIMIT,LIMIT_FILLED,,,,,,,64498.47,64449.09,3000.0,0.04654,0.01551,0.01551,0.01552,63842.53,655.9400000000023,65154.4,65810.34,,,,,0,63842.53,2026-08-05T13:35:00+00:00,PLAIN_SL,LOSS_TARGET,-28.22930239999989,4.442194844131199,0.000744,PINNED_SPEC_REFERENCE_0_000744,0,COMMISSION_TURNOVER_RATE_V0_1,FIXED_BPS_ADVERSE,0.5942462692399999,,-33.26574351337109,after_commission_before_borrow_interest,-0.9247187242735547,False,0,CONSERVATIVE_STOP_FIRST_V0_1,False,BINANCE_SPOT_OFFICIAL,False,,,D:\Project_V\Executor\backtests\imbalance_045_075_through_2026-09-27_v1\source\candidate_index\2026-08-05\events_context_2026-08-05.csv,6fcf13331994743e7e9dcc711cb033b3f4367b96e2d693d4f87cdf5970c5acf1,
TR_4653163d1b742fd8aa4e,SCOUT_5f451f9f4a0928c8a194,chop_coh_relaxed_long050_short054_feedfix_v1,independent_opportunity,PEAK_EMIT_BASELINE,LONG,2026-08-05T20:22:00+00:00,FILLED,US_UTC,64996.348959,64954.0,64929.82,0.9996277365520214,2026-08-05T20:22:00+00:00,64996.84,63797.0,66196.68,67396.51,2026-08-05T13:37:00+00:00,63847.0,368.322,17,17,False,False,False,2026-08-05T20:23:00+00:00,2026-08-05T20:24:00+00:00,LIMIT,LIMIT_FILLED,,,,,,,64972.64,64927.32,3000.0,0.0462,0.0154,0.0154,0.0154,63773.25,1199.3899999999994,66172.03,67371.42,,,,,0,63773.25,2026-08-10T18:37:00+00:00,PLAIN_SL,LOSS_TARGET,-53.31803399999998,4.423798952496,0.000744,PINNED_SPEC_REFERENCE_0_000744,0,COMMISSION_TURNOVER_RATE_V0_1,FIXED_BPS_ADVERSE,0.58926483,,-58.33109778249598,after_commission_before_borrow_interest,-0.9622141255138031,False,0,CONSERVATIVE_STOP_FIRST_V0_1,False,BINANCE_SPOT_OFFICIAL,False,,,D:\Project_V\Executor\backtests\imbalance_045_075_through_2026-09-27_v1\source\candidate_index\2026-08-05\events_context_2026-08-05.csv,6fcf13331994743e7e9dcc711cb033b3f4367b96e2d693d4f87cdf5970c5acf1,
TR_af44243db424eaf9acbf,SCOUT_97336b4d0b363aebcd1d,chop_coh_relaxed_long050_short054_feedfix_v1,independent_opportunity,PEAK_EMIT_BASELINE,LONG,2026-08-07T12:56:00+00:00,FILLED,EUROPE_UTC,65369.07001,65307.4,65293.63,0.9997891509997335,2026-08-07T12:56:00+00:00,65369.57,64620.5,66118.64,66867.7,2026-08-06T15:21:00+00:00,64670.5,421.79,15,20,False,False,False,2026-08-07T12:57:00+00:00,2026-08-07T12:58:00+00:00,LIMIT,LIMIT_FILLED,,,,,,,65355.78,65293.63,3000.0,0.04594,0.01531,0.01531,0.01532,64606.87,748.9099999999962,66104.69,66853.6,,,,,0,64606.87,2026-08-07T17:24:00+00:00,PLAIN_SL,LOSS_TARGET,-31.54975439999976,4.43991595368,0.000744,PINNED_SPEC_REFERENCE_0_000744,0,COMMISSION_TURNOVER_RATE_V0_1,FIXED_BPS_ADVERSE,0.5936079215600001,,-36.583278275239756,after_commission_before_borrow_interest,-0.9170127251605643,False,0,CONSERVATIVE_STOP_FIRST_V0_1,False,BINANCE_SPOT_OFFICIAL,False,,,D:\Project_V\Executor\backtests\imbalance_045_075_through_2026-09-27_v1\source\candidate_index\2026-08-07\events_context_2026-08-07.csv,6fcf13331994743e7e9dcc711cb033b3f4367b96e2d693d4f87cdf5970c5acf1,
TR_226c907f7d930578aadd,SCOUT_f034eeb8dd79acc6d467,chop_coh_relaxed_long050_short054_feedfix_v1,independent_opportunity,PEAK_EMIT_BASELINE,LONG,2026-08-07T19:37:00+00:00,FILLED,US_UTC,65014.692955,64981.2,64970.01,0.9998277963472513,2026-08-07T19:37:00+00:00,65015.19,64885.15,65145.23,65275.27,2026-08-07T12:32:00+00:00,64954.0,754.02,17,17,True,True,True,2026-08-07T19:38:00+00:00,2026-08-07T19:39:00+00:00,LIMIT,LIMIT_FILLED,,,,,,,65003.99,64970.01,3000.0,0.04617,0.01539,0.01539,0.01539,64873.97,130.0199999999968,65134.01,65264.02,,,,,0,64873.97,2026-08-07T22:01:00+00:00,PLAIN_SL,LOSS_TARGET,-4.434166800000041,4.4602030381104,0.000744,PINNED_SPEC_REFERENCE_0_000744,0,COMMISSION_TURNOVER_RATE_V0_1,FIXED_BPS_ADVERSE,0.5990462389800001,,-9.49341607709044,after_commission_before_borrow_interest,-0.7386555914474946,False,0,CONSERVATIVE_STOP_FIRST_V0_1,False,BINANCE_SPOT_OFFICIAL,False,,,D:\Project_V\Executor\backtests\imbalance_045_075_through_2026-09-27_v1\source\candidate_index\2026-08-07\events_context_2026-08-07.csv,6fcf13331994743e7e9dcc711cb033b3f4367b96e2d693d4f87cdf5970c5acf1,
TR_70c8492af76f2b5408ba,SCOUT_a6896bff294e160d27ad,chop_coh_relaxed_long050_short054_feedfix_v1,independent_opportunity,PEAK_EMIT_BASELINE,LONG,2026-08-08T01:12:00+00:00,FILLED,ASIA_UTC,64942.559058,64927.8,64935.93,1.0001252160091672,2026-08-08T01:12:00+00:00,64943.05,64440.0,65446.1,65949.15,2026-08-07T17:34:00+00:00,64490.0,564.735,16,16,False,True,True,2026-08-08T01:13:00+00:00,2026-08-08T01:14:00+00:00,LIMIT,LIMIT_FILLED,,,,,,,64951.18,64935.93,3000.0,0.04619,0.01539,0.01539,0.01541,64448.06,503.1200000000026,65454.29,65957.4,,,,,0,64448.06,2026-08-10T15:19:00+00:00,PLAIN_SL,LOSS_TARGET,-22.534715300000123,4.4463273945864,0.000744,PINNED_SPEC_REFERENCE_0_000744,0,COMMISSION_TURNOVER_RATE_V0_1,FIXED_BPS_ADVERSE,0.59537117828,,-27.576413872866524,after_commission_before_borrow_interest,-0.9696891397678489,False,0,CONSERVATIVE_STOP_FIRST_V0_1,False,BINANCE_SPOT_OFFICIAL,False,,,D:\Project_V\Executor\backtests\imbalance_045_075_through_2026-09-27_v1\source\candidate_index\2026-08-08\events_context_2026-08-08.csv,6fcf13331994743e7e9dcc711cb033b3f4367b96e2d693d4f87cdf5970c5acf1,
TR_260e9121f08c2737d02c,SCOUT_21d8a4708ab6a14cf11b,chop_coh_relaxed_long050_short054_feedfix_v1,independent_opportunity,PEAK_EMIT_BASELINE,LONG,2026-08-10T06:45:00+00:00,FILLED,ASIA_UTC,65247.571139,65212.1,65201.01,0.999829939535761,2026-08-10T06:45:00+00:00,65248.07,64766.0,65730.14,66212.2,2026-08-09T23:31:00+00:00,64816.0,426.156,14,14,False,False,False,2026-08-10T06:46:00+00:00,2026-08-10T06:47:00+00:00,LIMIT,LIMIT_FILLED,,,,,,,65236.97,65201.01,3000.0,0.04601,0.01533,0.01533,0.01535,64754.98,481.98999999999796,65718.96,66200.93,,,,,0,64754.98,2026-08-10T13:35:00+00:00,PLAIN_SL,LOSS_TARGET,-20.521840299999948,4.4485806743256004,0.000744,PINNED_SPEC_REFERENCE_0_000744,0,COMMISSION_TURNOVER_RATE_V0_1,FIXED_BPS_ADVERSE,0.5958753259600001,,-25.56629630028555,after_commission_before_borrow_interest,-0.9253926430008935,False,0,CONSERVATIVE_STOP_FIRST_V0_1,False,BINANCE_SPOT_OFFICIAL,False,,,D:\Project_V\Executor\backtests\imbalance_045_075_through_2026-09-27_v1\source\candidate_index\2026-08-10\events_context_2026-08-10.csv,6fcf13331994743e7e9dcc711cb033b3f4367b96e2d693d4f87cdf5970c5acf1,
TR_dca16c998b63d442735d,SCOUT_02fa71a01f3b75fd3f36,chop_coh_relaxed_long050_short054_feedfix_v1,independent_opportunity,PEAK_EMIT_BASELINE,LONG,2026-08-18T14:30:00+00:00,FILLED,EUROPE_UTC,65010.090869,64962.0,64941.15,0.9996790431329085,2026-08-18T14:30:00+00:00,65010.59,63950.0,66071.18,67131.76,2026-08-18T02:49:00+00:00,64000.0,1226.937,18,18,False,False,False,2026-08-18T14:31:00+00:00,2026-08-18T14:32:00+00:00,LIMIT,LIMIT_FILLED,,,,,,,64989.72,64941.15,3000.0,0.04619,0.01539,0.01539,0.01541,63929.47,1060.25,66049.97,67110.21,2026-08-19T15:06:00+00:00,2026-08-19T15:25:00+00:00,64941.15,2026-08-19T15:25:00+00:00,7,69070.07,2026-08-20T03:09:00+00:00,TP1_TP2_TRAILING_STOP,PROTECTED_WINNER,114.07323040000017,4.5483224805456,0.000744,PINNED_SPEC_REFERENCE_0_000744,0,COMMISSION_TURNOVER_RATE_V0_1,FIXED_BPS_ADVERSE,0.4178074727600001,,109.10710044669456,after_commission_before_borrow_interest,2.329311103849736,False,0,CONSERVATIVE_STOP_FIRST_V0_1,False,BINANCE_SPOT_OFFICIAL,False,,,D:\Project_V\Executor\backtests\imbalance_045_075_through_2026-09-27_v1\source\candidate_index\2026-08-18\events_context_2026-08-18.csv,6fcf13331994743e7e9dcc711cb033b3f4367b96e2d693d4f87cdf5970c5acf1,
TR_28beac45f35485a1542a,SCOUT_bf8fcdb7273d7e7333bf,chop_coh_relaxed_long050_short054_feedfix_v1,independent_opportunity,PEAK_EMIT_BASELINE,LONG,2026-08-19T12:35:00+00:00,FILLED,EUROPE_UTC,64615.983359,64630.1,64608.34,0.9996633147712908,2026-08-19T12:35:00+00:00,64616.48,63929.2,65303.76,65991.04,2026-08-18T13:36:00+00:00,63979.2,937.317,14,14,False,True,True,2026-08-19T12:36:00+00:00,2026-08-19T12:37:00+00:00,LIMIT,LIMIT_FILLED,,,,,,,64594.72,64594.72,3000.0,0.04644,0.01548,0.01548,0.01548,63907.67,687.0500000000029,65281.77,65968.82,2026-08-19T14:07:00+00:00,2026-08-19T15:01:00+00:00,64594.72,2026-08-19T15:01:00+00:00,8,69070.07,2026-08-20T03:09:00+00:00,TP1_TP2_TRAILING_STOP,PROTECTED_WINNER,101.18502000000011,4.5389525045184005,0.000744,PINNED_SPEC_REFERENCE_0_000744,0,COMMISSION_TURNOVER_RATE_V0_1,FIXED_BPS_ADVERSE,0.41701685004000005,,96.2290506454417,after_commission_before_borrow_interest,3.171287873274618,False,0,CONSERVATIVE_STOP_FIRST_V0_1,False,BINANCE_SPOT_OFFICIAL,False,,,D:\Project_V\Executor\backtests\imbalance_045_075_through_2026-09-27_v1\source\candidate_index\2026-08-19\events_context_2026-08-19.csv,6fcf13331994743e7e9dcc711cb033b3f4367b96e2d693d4f87cdf5970c5acf1,
TR_e5ab82e0beaf138e214f,SCOUT_bb2d62b91783ae15dad5,chop_coh_relaxed_long050_short054_feedfix_v1,independent_opportunity,PEAK_EMIT_BASELINE,LONG,2026-08-19T12:38:00+00:00,FILLED,EUROPE_UTC,64697.801317,64662.6,64638.51,0.9996274507984523,2026-08-19T12:38:00+00:00,64698.3,63929.2,65467.4,66236.5,2026-08-18T13:36:00+00:00,63979.2,937.317,17,17,False,True,True,2026-08-19T12:39:00+00:00,2026-08-19T12:40:00+00:00,LIMIT,LIMIT_FILLED,,,,,,,64674.19,64638.52,3000.0,0.04641,0.01547,0.01547,0.01547,63905.38,768.810000000005,65443.01,66211.82,2026-08-19T14:38:00+00:00,2026-08-19T15:06:00+00:00,64638.52,2026-08-19T15:06:00+00:00,8,69070.07,2026-08-20T03:09:00+00:00,TP1_TP2_TRAILING_STOP,PROTECTED_WINNER,105.34048980000041,4.5421854096528,0.000744,PINNED_SPEC_REFERENCE_0_000744,0,COMMISSION_TURNOVER_RATE_V0_1,FIXED_BPS_ADVERSE,0.4173728185900001,,100.38093157175761,after_commission_before_borrow_interest,2.9523289239213777,False,0,CONSERVATIVE_STOP_FIRST_V0_1,False,BINANCE_SPOT_OFFICIAL,False,,,D:\Project_V\Executor\backtests\imbalance_045_075_through_2026-09-27_v1\source\candidate_index\2026-08-19\events_context_2026-08-19.csv,6fcf13331994743e7e9dcc711cb033b3f4367b96e2d693d4f87cdf5970c5acf1,
TR_2ae11670f5512263a036,SCOUT_4d3458fcfe6251d29f96,chop_coh_relaxed_long050_short054_feedfix_v1,independent_opportunity,GATE_REJECT,LONG,2026-08-19T13:31:00+00:00,FILLED,EUROPE_UTC,65040.078806,65052.0,65041.0,0.9998309045071635,2026-08-19T13:31:00+00:00,65040.57,64355.0,65726.14,66411.7,2026-08-19T01:04:00+00:00,64405.0,197.465,16,16,False,False,False,2026-08-19T13:33:00+00:00,2026-08-19T13:33:00+00:00,PLANB_MARKET,MARKET_FILLED,,65150.28,120.70999999999913,171.36499999999978,685.4599999999991,,65029.57,65150.28,3000.0,0.04604,0.01534,0.01534,0.01536,64344.11,685.4599999999991,65715.02,66400.47,2026-08-19T14:55:00+00:00,2026-08-19T15:07:00+00:00,65150.28,2026-08-19T15:07:00+00:00,8,69070.07,2026-08-20T03:09:00+00:00,TP1_TP2_TRAILING_STOP,PROTECTED_WINNER,88.04900060000024,4.528792566551999,0.000744,PINNED_SPEC_REFERENCE_0_000744,0,COMMISSION_TURNOVER_RATE_V0_1,FIXED_BPS_ADVERSE,0.4148484167,,83.10535961674825,after_commission_before_borrow_interest,2.790017962279326,False,0,CONSERVATIVE_STOP_FIRST_V0_1,False,BINANCE_SPOT_OFFICIAL,False,,,D:\Project_V\Executor\backtests\imbalance_045_075_through_2026-09-27_v1\source\candidate_index\2026-08-19\events_context_2026-08-19.csv,6fcf13331994743e7e9dcc711cb033b3f4367b96e2d693d4f87cdf5970c5acf1,
TR_cc491363ebfb2e43a3bd,SCOUT_8c60e1379bb93b374655,chop_coh_relaxed_long050_short054_feedfix_v1,independent_opportunity,GATE_REJECT,LONG,2026-08-24T10:34:00+00:00,FILLED,EUROPE_UTC,77997.710224,77908.8,77901.13,0.9999015515577188,2026-08-24T10:34:00+00:00,77998.21,76850.0,79146.42,80294.63,2026-08-23T15:20:00+00:00,76900.0,437.271,14,18,False,False,False,2026-08-24T10:35:00+00:00,2026-08-24T10:36:00+00:00,LIMIT,LIMIT_FILLED,,,,,,,77990.53,77900.85,3000.0,0.03851,0.01283,0.01283,0.01285,76842.43,1148.1000000000058,79138.62,80286.72,2026-08-24T12:52:00+00:00,,77900.85,,0,77900.85,2026-08-24T13:47:00+00:00,TP1_SL,SCRATCH_NEUTRAL,15.880589099999865,4.4757582177384005,0.000744,PINNED_SPEC_REFERENCE_0_000744,0,COMMISSION_TURNOVER_RATE_V0_1,FIXED_BPS_ADVERSE,0.50163361506,,10.903197267201465,after_commission_before_borrow_interest,0.3591810148843973,False,0,CONSERVATIVE_STOP_FIRST_V0_1,False,BINANCE_SPOT_OFFICIAL,False,,,D:\Project_V\Executor\backtests\imbalance_045_075_through_2026-09-27_v1\source\candidate_index\2026-08-24\events_context_2026-08-24.csv,6fcf13331994743e7e9dcc711cb033b3f4367b96e2d693d4f87cdf5970c5acf1,
TR_0b327d23e927b3cb2319,SCOUT_74309cccdc25a42b65db,chop_coh_relaxed_long050_short054_feedfix_v1,independent_opportunity,GATE_REJECT,LONG,2026-08-27T00:44:00+00:00,FILLED,ASIA_UTC,78843.139954,78849.9,78887.47,1.0004764749226063,2026-08-27T00:44:00+00:00,78843.63,77856.4,79830.86,80818.09,2026-08-26T12:31:00+00:00,77906.4,2976.979,14,15,False,False,False,2026-08-27T00:45:00+00:00,2026-08-27T00:46:00+00:00,LIMIT,LIMIT_FILLED,,,,,,,78881.19,78881.19,3000.0,0.03803,0.01267,0.01267,0.01269,77893.49,987.6999999999971,79868.89,80856.59,2026-08-27T08:35:00+00:00,2026-08-27T17:20:00+00:00,78881.19,2026-08-27T17:20:00+00:00,2,80104.92,2026-08-28T02:17:00+00:00,TP1_TP2_TRAILING_STOP,PROTECTED_WINNER,53.07161069999984,4.5032645420424,0.000744,PINNED_SPEC_REFERENCE_0_000744,0,COMMISSION_TURNOVER_RATE_V0_1,FIXED_BPS_ADVERSE,0.40694547012000004,,48.161400687837435,after_commission_before_borrow_interest,1.4128982567622246,False,0,CONSERVATIVE_STOP_FIRST_V0_1,False,BINANCE_SPOT_OFFICIAL,False,,,D:\Project_V\Executor\backtests\imbalance_045_075_through_2026-09-27_v1\source\candidate_index\2026-08-27\events_context_2026-08-27.csv,6fcf13331994743e7e9dcc711cb033b3f4367b96e2d693d4f87cdf5970c5acf1,
TR_6ae316d9b0983117a4ad,SCOUT_c4177e1ae19bff595066,chop_coh_relaxed_long050_short054_feedfix_v1,independent_opportunity,GATE_REJECT,LONG,2026-08-30T12:12:00+00:00,FILLED,EUROPE_UTC,78655.510641,78634.8,78669.95,1.0004470031080386,2026-08-30T12:12:00+00:00,78656.01,77813.2,79498.81,80341.62,2026-08-29T17:36:00+00:00,77863.2,308.856,15,15,False,False,False,2026-08-30T12:13:00+00:00,2026-08-30T12:14:00+00:00,LIMIT,LIMIT_FILLED,,,,,,,78691.16,78669.94,3000.0,0.03813,0.01271,0.01271,0.01271,77847.98,843.1800000000076,79534.34,80377.53,,,,,0,77847.98,2026-08-30T23:24:00+00:00,PLAIN_SL,LOSS_TARGET,-31.341334800000244,4.440213047462399,0.000744,PINNED_SPEC_REFERENCE_0_000744,0,COMMISSION_TURNOVER_RATE_V0_1,FIXED_BPS_ADVERSE,0.5936686954799999,,-36.37521654294264,after_commission_before_borrow_interest,-0.9748333689129237,False,0,CONSERVATIVE_STOP_FIRST_V0_1,False,BINANCE_SPOT_OFFICIAL,False,,,D:\Project_V\Executor\backtests\imbalance_045_075_through_2026-09-27_v1\source\candidate_index\2026-08-30\events_context_2026-08-30.csv,6fcf13331994743e7e9dcc711cb033b3f4367b96e2d693d4f87cdf5970c5acf1,
TR_fb3ccfd8d7592d200027,SCOUT_4372b3ee0dad8007fddb,chop_coh_relaxed_long050_short054_feedfix_v1,independent_opportunity,PEAK_EMIT_BASELINE,LONG,2026-08-31T08:58:00+00:00,FILLED,EUROPE_UTC,78476.726687,78448.6,78478.66,1.0003831808343298,2026-08-31T08:58:00+00:00,78477.22,78124.8,78829.64,79182.06,2026-08-30T21:03:00+00:00,78174.8,1339.631,12,13,False,False,False,2026-08-31T08:59:00+00:00,2026-08-31T09:00:00+00:00,LIMIT,LIMIT_FILLED,,,,,,,78507.29,78478.67,3000.0,0.03822,0.01274,0.01274,0.01274,78154.73,352.5599999999977,78859.84,79212.4,,,,,0,78154.73,2026-08-31T12:26:00+00:00,PLAIN_SL,LOSS_TARGET,-12.380986800000088,4.453977239712,0.000744,PINNED_SPEC_REFERENCE_0_000744,0,COMMISSION_TURNOVER_RATE_V0_1,FIXED_BPS_ADVERSE,0.59741475612,,-17.432378795832086,after_commission_before_borrow_interest,-0.9188223281143761,False,0,CONSERVATIVE_STOP_FIRST_V0_1,False,BINANCE_SPOT_OFFICIAL,False,,,D:\Project_V\Executor\backtests\imbalance_045_075_through_2026-09-27_v1\source\candidate_index\2026-08-31\events_context_2026-08-31.csv,6fcf13331994743e7e9dcc711cb033b3f4367b96e2d693d4f87cdf5970c5acf1,
TR_f27d6944defb314bc02d,SCOUT_708b994940e3e34f0bac,chop_coh_relaxed_long050_short054_feedfix_v1,independent_opportunity,GATE_REJECT,SHORT,2026-09-07T14:43:00+00:00,FILLED,EUROPE_UTC,78995.977687,78989.5,79026.76,1.0004717082650225,2026-09-07T14:43:00+00:00,78995.48,79548.3,78442.66,77889.84,2026-09-07T08:33:00+00:00,79498.3,165.972,12,16,False,False,False,2026-09-07T14:44:00+00:00,2026-09-07T14:45:00+00:00,LIMIT,LIMIT_FILLED,,,,,,,79032.75,79032.75,3000.0,0.03795,0.01265,0.01265,0.01265,79585.83,553.0800000000017,78479.67,77926.59,2026-09-08T06:03:00+00:00,2026-09-08T13:40:00+00:00,79032.75,2026-09-08T13:40:00+00:00,1,78578.37,2026-09-08T14:50:00+00:00,TP1_TP2_TRAILING_STOP,PROTECTED_WINNER,26.737293000000125,4.443055233407999,0.000744,PINNED_SPEC_REFERENCE_0_000744,0,COMMISSION_TURNOVER_RATE_V0_1,FIXED_BPS_ADVERSE,0.3966571949999999,,21.897580571592126,after_commission_before_borrow_interest,1.273848267881683,False,0,CONSERVATIVE_STOP_FIRST_V0_1,False,BINANCE_SPOT_OFFICIAL,False,,,D:\Project_V\Executor\backtests\imbalance_045_075_through_2026-09-27_v1\source\candidate_index\2026-09-07\events_context_2026-09-07.csv,6fcf13331994743e7e9dcc711cb033b3f4367b96e2d693d4f87cdf5970c5acf1,
TR_9b36758196739cbb0701,SCOUT_6aca7a221f59e572b0cf,chop_coh_relaxed_long050_short054_feedfix_v1,independent_opportunity,GATE_REJECT,LONG,2026-09-11T12:48:00+00:00,FILLED,EUROPE_UTC,77915.845518,77945.0,77941.2,0.9999512476746424,2026-09-11T12:48:00+00:00,77916.34,76768.1,79064.57,80212.81,2026-09-11T09:41:00+00:00,76818.1,263.355,11,18,False,False,False,2026-09-11T12:49:00+00:00,2026-09-11T12:50:00+00:00,LIMIT,LIMIT_FILLED,,,,,,,77912.54,77912.54,3000.0,0.0385,0.01283,0.01283,0.01284,76764.35,1148.1899999999878,79060.71,80208.89,2026-09-11T14:00:00+00:00,,77912.54,,0,77912.54,2026-09-11T15:53:00+00:00,TP1_SL,SCRATCH_NEUTRAL,14.731021100000163,4.4744134712184,0.000744,PINNED_SPEC_REFERENCE_0_000744,0,COMMISSION_TURNOVER_RATE_V0_1,FIXED_BPS_ADVERSE,0.50143787129,,9.755169757491764,after_commission_before_borrow_interest,0.33324094851490865,False,0,CONSERVATIVE_STOP_FIRST_V0_1,False,BINANCE_SPOT_OFFICIAL,False,,,D:\Project_V\Executor\backtests\imbalance_045_075_through_2026-09-27_v1\source\candidate_index\2026-09-11\events_context_2026-09-11.csv,6fcf13331994743e7e9dcc711cb033b3f4367b96e2d693d4f87cdf5970c5acf1,
TR_4fe6a26b7841e7a1cc0e,SCOUT_a499ead987f2255ee342,chop_coh_relaxed_long050_short054_feedfix_v1,independent_opportunity,PEAK_EMIT_BASELINE,LONG,2026-09-14T02:12:00+00:00,FILLED,ASIA_UTC,77250.519382,77277.0,77280.42,1.000044256376412,2026-09-14T02:12:00+00:00,77251.01,76300.1,78201.91,79152.82,2026-09-14T00:29:00+00:00,76350.1,914.372,16,16,False,False,False,2026-09-14T02:14:00+00:00,2026-09-14T02:14:00+00:00,PLANB_MARKET,MARKET_FILLED,,77287.26,32.83999999999651,237.73749999999927,950.9499999999971,,77254.42,77287.26,3000.0,0.03881,0.01293,0.01293,0.01295,76303.47,950.9499999999971,78205.37,79156.32,2026-09-14T09:53:00+00:00,2026-09-14T18:23:00+00:00,77287.26,2026-09-14T18:23:00+00:00,3,78961.79,2026-09-14T19:39:00+00:00,TP1_TP2_TRAILING_STOP,PROTECTED_WINNER,57.723271600000146,4.506229732243199,0.000744,PINNED_SPEC_REFERENCE_0_000744,0,COMMISSION_TURNOVER_RATE_V0_1,FIXED_BPS_ADVERSE,0.40797970126999994,,52.809062166486946,after_commission_before_borrow_interest,1.5640463253910772,False,0,CONSERVATIVE_STOP_FIRST_V0_1,False,BINANCE_SPOT_OFFICIAL,False,,,D:\Project_V\Executor\backtests\imbalance_045_075_through_2026-09-27_v1\source\candidate_index\2026-09-14\events_context_2026-09-14.csv,6fcf13331994743e7e9dcc711cb033b3f4367b96e2d693d4f87cdf5970c5acf1,
TR_67caafa9107f087bda61,SCOUT_f962a712311357da278a,chop_coh_relaxed_long050_short054_feedfix_v1,independent_opportunity,PEAK_EMIT_BASELINE,LONG,2026-09-14T02:45:00+00:00,FILLED,ASIA_UTC,77498.514053,77454.3,77459.24,1.0000637795448413,2026-09-14T02:45:00+00:00,77499.01,76300.1,78697.91,79896.82,2026-09-14T00:29:00+00:00,76350.1,914.372,16,16,False,False,False,2026-09-14T02:46:00+00:00,2026-09-14T02:47:00+00:00,LIMIT,LIMIT_FILLED,,,,,,,77503.95,77459.23,3000.0,0.03873,0.01291,0.01291,0.01291,76304.96,1198.9899999999907,78702.92,79901.91,2026-09-14T16:19:00+00:00,,77459.23,,0,77459.23,2026-09-15T05:11:00+00:00,TP1_SL,SCRATCH_NEUTRAL,16.056037900000028,4.4759397073128,0.000744,PINNED_SPEC_REFERENCE_0_000744,0,COMMISSION_TURNOVER_RATE_V0_1,FIXED_BPS_ADVERSE,0.50160493344,,11.078493259247228,after_commission_before_borrow_interest,0.3457604594978584,False,0,CONSERVATIVE_STOP_FIRST_V0_1,False,BINANCE_SPOT_OFFICIAL,False,,,D:\Project_V\Executor\backtests\imbalance_045_075_through_2026-09-27_v1\source\candidate_index\2026-09-14\events_context_2026-09-14.csv,6fcf13331994743e7e9dcc711cb033b3f4367b96e2d693d4f87cdf5970c5acf1,
TR_592b9ac3e35c376b0735,SCOUT_70475fc20c2ba44341b5,chop_coh_relaxed_long050_short054_feedfix_v1,independent_opportunity,GATE_REJECT,LONG,2026-09-16T18:07:00+00:00,FILLED,US_UTC,76239.474388,76204.6,76176.19,0.9996271878600504,2026-09-16T18:07:00+00:00,76239.97,75507.2,76972.74,77705.51,2026-09-15T20:31:00+00:00,75557.2,620.194,16,18,False,False,False,2026-09-16T18:08:00+00:00,2026-09-16T18:09:00+00:00,LIMIT,LIMIT_FILLED,,,,,,,76211.54,76190.73,3000.0,0.03937,0.01312,0.01312,0.01313,75479.04,732.5,76944.04,77676.54,,,,,0,75479.04,2026-09-16T18:36:00+00:00,PLAIN_SL,LOSS_TARGET,-28.019235300000094,4.4426017006056,0.000744,PINNED_SPEC_REFERENCE_0_000744,0,COMMISSION_TURNOVER_RATE_V0_1,FIXED_BPS_ADVERSE,0.59432196096,,-33.0561589615657,after_commission_before_borrow_interest,-0.9715904436860101,False,0,CONSERVATIVE_STOP_FIRST_V0_1,False,BINANCE_SPOT_OFFICIAL,False,,,D:\Project_V\Executor\backtests\imbalance_045_075_through_2026-09-27_v1\source\candidate_index\2026-09-16\events_context_2026-09-16.csv,6fcf13331994743e7e9dcc711cb033b3f4367b96e2d693d4f87cdf5970c5acf1,
TR_8b80b90580280a51722d,SCOUT_a45b41f23681ec0aa7d0,chop_coh_relaxed_long050_short054_feedfix_v1,independent_opportunity,GATE_REJECT,LONG,2026-09-17T12:15:00+00:00,FILLED,EUROPE_UTC,76778.392336,76790.0,76761.8,0.9996327646829014,2026-09-17T12:15:00+00:00,76778.89,75965.0,77592.78,78406.67,2026-09-17T02:21:00+00:00,76015.0,370.529,8,15,True,True,True,2026-09-17T12:17:00+00:00,2026-09-17T12:17:00+00:00,PLANB_MARKET,MARKET_FILLED,,76807.11,56.419999999998254,203.39749999999913,813.5899999999965,,76750.69,76807.11,3000.0,0.03905,0.01301,0.01301,0.01303,75937.1,813.5899999999965,77564.28,78377.87,2026-09-18T05:01:00+00:00,2026-09-18T09:09:00+00:00,76807.11,2026-09-18T09:09:00+00:00,4,80492.1,2026-09-18T15:46:00+00:00,TP1_TP2_TRAILING_STOP,PROTECTED_WINNER,78.30178899999999,4.52124118752,0.000744,PINNED_SPEC_REFERENCE_0_000744,0,COMMISSION_TURNOVER_RATE_V0_1,FIXED_BPS_ADVERSE,0.41264314975,,73.36790466272998,after_commission_before_borrow_interest,2.464592057405626,False,0,CONSERVATIVE_STOP_FIRST_V0_1,False,BINANCE_SPOT_OFFICIAL,False,,,D:\Project_V\Executor\backtests\imbalance_045_075_through_2026-09-27_v1\source\candidate_index\2026-09-17\events_context_2026-09-17.csv,6fcf13331994743e7e9dcc711cb033b3f4367b96e2d693d4f87cdf5970c5acf1,
