trade_key,true_lifecycle,target_A,target_B,signal_price,signal_delta,signal_volume,signal_imbalance,signal_vwap,signal_poc,signal_strength,directional_signal_delta,analysis_only_directional_signal_price_minus_vwap_pct,analysis_only_directional_signal_price_minus_poc_pct,actual_entry_price,filled_quantity,initial_sl,initial_tp1,initial_tp2,entry_to_sl_risk,tp1_reward,tp1_R,tp2_reward,tp2_R,entry_minus_signal_distance_approx,entry_minus_signal_pct_approx,signal_to_fill_elapsed_seconds,quote_conversion_at_entry_approx,analysis_only_risk_pct,seg_1440_240_price_open,seg_1440_240_price_close,seg_1440_240_high,seg_1440_240_low,seg_1440_240_price_change_pct,seg_1440_240_delta,seg_1440_240_delta_pct,seg_1440_240_total_qty,seg_1440_240_open_interest_change,seg_1440_240_rows_expected,seg_1440_240_rows_used,seg_1440_240_directional_price_change_pct,seg_1440_240_directional_delta,seg_1440_240_directional_delta_pct,seg_240_60_price_open,seg_240_60_price_close,seg_240_60_high,seg_240_60_low,seg_240_60_price_change_pct,seg_240_60_delta,seg_240_60_delta_pct,seg_240_60_total_qty,seg_240_60_open_interest_change,seg_240_60_rows_expected,seg_240_60_rows_used,seg_240_60_directional_price_change_pct,seg_240_60_directional_delta,seg_240_60_directional_delta_pct,seg_60_15_price_open,seg_60_15_price_close,seg_60_15_high,seg_60_15_low,seg_60_15_price_change_pct,seg_60_15_delta,seg_60_15_delta_pct,seg_60_15_total_qty,seg_60_15_open_interest_change,seg_60_15_rows_expected,seg_60_15_rows_used,seg_60_15_directional_price_change_pct,seg_60_15_directional_delta,seg_60_15_directional_delta_pct,seg_15_5_price_open,seg_15_5_price_close,seg_15_5_high,seg_15_5_low,seg_15_5_price_change_pct,seg_15_5_delta,seg_15_5_delta_pct,seg_15_5_total_qty,seg_15_5_open_interest_change,seg_15_5_rows_expected,seg_15_5_rows_used,seg_15_5_directional_price_change_pct,seg_15_5_directional_delta,seg_15_5_directional_delta_pct,seg_5_0_price_open,seg_5_0_price_close,seg_5_0_high,seg_5_0_low,seg_5_0_price_change_pct,seg_5_0_delta,seg_5_0_delta_pct,seg_5_0_total_qty,seg_5_0_open_interest_change,seg_5_0_rows_expected,seg_5_0_rows_used,seg_5_0_directional_price_change_pct,seg_5_0_directional_delta,seg_5_0_directional_delta_pct,broad_1d_price_change_pct,broad_1d_delta_pct,broad_1d_rows_expected,broad_1d_rows_used,broad_1d_directional_price_change_pct,broad_1d_directional_delta_pct,broad_3d_price_change_pct,broad_3d_delta_pct,broad_3d_rows_expected,broad_3d_rows_used,broad_3d_directional_price_change_pct,broad_3d_directional_delta_pct,broad_7d_price_change_pct,broad_7d_delta_pct,broad_7d_rows_expected,broad_7d_rows_used,broad_7d_directional_price_change_pct,broad_7d_directional_delta_pct,current_price_market_quote,range_240m_high,range_240m_low,range_240m_position_in_range,range_240m_distance_to_high,range_240m_distance_to_low,range_240m_directional_position_in_range,range_240m_distance_to_directional_extreme,analysis_only_tp1_beyond_240m_directional_extreme_market_quote_approx,analysis_only_tp2_beyond_240m_directional_extreme_market_quote_approx,range_1440m_high,range_1440m_low,range_1440m_position_in_range,range_1440m_distance_to_high,range_1440m_distance_to_low,range_1440m_directional_position_in_range,range_1440m_distance_to_directional_extreme,analysis_only_tp1_beyond_1440m_directional_extreme_market_quote_approx,analysis_only_tp2_beyond_1440m_directional_extreme_market_quote_approx,opposing_zone_lower,opposing_zone_upper,opposing_zone_distance_from_current_price_market_quote,opposing_zone_interaction_count,opposing_zone_minutes_since_last_interaction,opposing_zone_resweep_count,opposing_zone_failed_acceptance_count,opposing_zone_close_above_count,opposing_zone_close_below_count,matched_registry_interaction_count,matched_registry_resweep_count,matched_registry_failed_acceptance_count,matched_registry_close_above_count,matched_registry_close_below_count,directional_liquidity_distance_from_current_price,directional_liquidity_lower,directional_liquidity_upper,target_geometry_distance_from_actual_entry_R_approx,target_geometry_distance_from_actual_entry_execution_quote_approx,target_geometry_near_boundary_market_quote,quality_missing_evidence_count,quality_incomplete_segments_count,quality_incomplete_broad_context_count,diagnostic_recent_minus_prior_directional_delta_pct,diagnostic_recent_minus_prior_directional_price_change_pct_per_minute,category_signal_side,category_seg_1440_240_complete,category_seg_1440_240_source_quality,category_seg_240_60_complete,category_seg_240_60_source_quality,category_seg_60_15_complete,category_seg_60_15_source_quality,category_seg_15_5_complete,category_seg_15_5_source_quality,category_seg_5_0_complete,category_seg_5_0_source_quality,category_broad_1d_complete,category_broad_1d_source_quality,category_broad_3d_complete,category_broad_3d_source_quality,category_broad_7d_complete,category_broad_7d_source_quality,category_opposing_zone_present,category_opposing_zone_price_position,category_opposing_zone_qualification,category_opposing_zone_status,category_opposing_zone_consumption_status,category_opposing_zone_first_sweep_present,category_opposing_zone_already_interacted,category_opposing_zone_accepted_beyond_in_direction,category_matched_registry_lifecycle_present,category_matched_registry_accepted_beyond_in_direction,category_matched_registry_first_sweep_present,category_recent_cleared_structure_present,category_directional_liquidity_present,category_directional_liquidity_side,category_target_geometry_tp1_relation,category_target_geometry_tp2_relation,category_quality_open_interest_available,category_quality_zone_history_available,category_quality_degraded_or_recovered_feed,category_quality_open_price_close_fallback,category_quality_conversion_available,category_quality_historical_prediction_cutoff_proxy,category_quality_chronology_anomaly,category_quality_prediction_cutoff_source
EX_EN_1778689753,STRONG_FAVORABLE,TP1_REACHED,STRONG_FAVORABLE,79050.0,,,,,,,,,,79021.97,0.00113,78872.23,79188.37,79346.44,149.74,166.4,1.1112595165,324.47,2.1668892747,-7.8379961256,-0.0099177719,8.998326,0.9997445666809058,0.1894916059419931,80291.1,80306.9,81270.2,79801.0,0.0196783952,-548.727,-0.0073011981,75155.747,-286.74,1200.0,1200.0,0.0196783952,-548.727,-0.0073011981,80306.9,79260.4,80324.1,79202.8,-1.3031258833,729.28,0.0175757674,41493.494,-416.39,180.0,180.0,-1.3031258833,729.28,0.0175757674,79260.4,78837.7,79316.4,78713.8,-0.5333054085,-2167.633,-0.1219826207,17770.015,413.78,45.0,45.0,-0.5333054085,-2167.633,-0.1219826207,78837.7,78957.6,78957.7,78820.9,0.1520845991,348.422,0.1918602218,1816.02,74.27,10.0,10.0,0.1520845991,348.422,0.1918602218,78957.7,78997.7,79037.6,78928.0,0.050660037,180.12,0.1451770464,1240.692,-0.64,5.0,5.0,0.050660037,180.12,0.1451770464,-1.6108883799,-0.0106094034,1440.0,1440.0,-1.6108883799,-0.0106094034,-2.7594950732,-0.0124706974,4320.0,4320.0,-2.7594950732,-0.0124706974,1.3135231842,-0.0065153003,10080.0,10029.0,1.3135231842,-0.0065153003,78997.7,80324.1,78713.8,0.1763025523,1326.4,283.9,0.1763025523,1326.4,-1115.4974837584741,-957.3870970976277,81270.2,78713.8,0.111054608,2272.5,283.9,0.111054608,2272.5,-2061.5974837584654,-1903.487097097619,78060.0,80478.0,0.0,4606.0,0.0,0.0,0.0,0.0,0.0,8.0,0.0,0.0,27.0,0.0,794.7838,79792.4838,79907.934,-6.5574270395,-981.9091248885,78060.0,1.0,0.0,1.0,-0.0466831754,-0.005076452509999999,LONG,YES,RAW,YES,RAW,YES,RAW,YES,RAW,YES,RAW,YES,RAW,YES,RAW,NO,RECOVERED_DEGRADED,YES,INSIDE,SIGNIFICANT,SIGNIFICANT,MISSING,NO,YES,NO,YES,YES,NO,NO,YES,BUY_SIDE,INSIDE,INSIDE,YES,YES,NO,NO,YES,YES,MISSING,historical_executor_fill_proxy
EX_EN_1779438963,STRONG_FAVORABLE,TP1_REACHED,STRONG_FAVORABLE,77261.554158,-49.11,73.65,0.667,77473.0,77460.0,,49.11,0.27292842925922706,0.2561913787761438,77215.81,0.0518,77616.03,76798.72,76390.06,400.22,417.09,1.0421518165,825.75,2.0632402179,7.9503094531,0.0102972799,11.176169,0.999305029933215,0.5183135422655024,77923.0,77717.3,78063.8,76696.7,-0.2639785429,-2411.562,-0.0263170186,91635.076,-554.66,1200.0,1200.0,0.2639785429,2411.562,0.0263170186,77717.2,77424.9,77724.8,77237.1,-0.3761072195,-770.269,-0.0759967264,10135.555,-215.52,180.0,180.0,0.3761072195,770.269,0.0759967264,77425.0,77483.5,77505.7,77324.1,0.0755569906,66.57,0.0373087485,1784.3,-64.69,45.0,45.0,-0.0755569906,-66.57,-0.0373087485,77483.4,77462.7,77484.0,77405.7,-0.0267153997,55.713,0.2406349206,231.525,14.82,10.0,10.0,0.0267153997,-55.713,-0.2406349206,77462.7,77254.7,77462.8,77170.0,-0.2685163311,-271.489,-0.4638181554,585.335,-72.31,5.0,5.0,0.2685163311,271.489,0.4638181554,-0.8576415179,-0.0319151082,1440.0,1440.0,0.8576415179,0.0319151082,0.2148163618,-0.0132235,4320.0,4320.0,-0.2148163618,0.0132235,-4.0838547874,-0.0223692511,10080.0,10079.0,4.0838547874,0.0223692511,77254.7,77724.8,77170.0,0.152667628,470.1,84.7,0.847332372,84.7,317.8700701300695,726.8142741108313,78063.8,76696.7,0.4081632653,809.1,558.0,0.5918367347,558.0,-155.4299298699334,253.5142741108284,76014.2,78648.0,0.0,29806.0,0.0,0.0,0.0,0.0,0.0,167.0,12.0,8.0,791.0,64.0,246.215,76931.515,77008.485,-3.4419369202,-1377.5319941875,78648.0,0.0,0.0,1.0,0.704453076,0.051031726250000006,SHORT,YES,RAW,YES,RAW,YES,RAW,YES,RAW,YES,RAW,YES,RAW,YES,RAW,NO,RAW,YES,INSIDE,SIGNIFICANT,SIGNIFICANT,MISSING,NO,YES,NO,YES,YES,YES,NO,YES,SELL_SIDE,INSIDE,INSIDE,YES,YES,NO,NO,YES,YES,MISSING,historical_executor_fill_proxy
EX_EN_1779805524,NEGATIVE,NEGATIVE,NOT_APPLICABLE,77810.426155,49.84,88.07,0.566,77117.0,76770.0,,49.84,0.8991871506930946,1.3552509508922674,77994.12,0.05143,76646.05,78882.55,80000.8,1348.07,888.43,0.6590384772,2006.68,1.4885577158,230.3051796948,0.2961598273,122.546187,0.9994009628657999,1.7284251684614174,77550.4,76979.1,77887.9,76434.0,-0.7366822092,-1429.486,-0.0222547088,64232.968,-438.12,1200.0,1200.0,-0.7366822092,-1429.486,-0.0222547088,76979.1,76789.4,77600.0,76742.1,-0.2464305246,-858.114,-0.0365581177,23472.598,-479.53,180.0,180.0,-0.2464305246,-858.114,-0.0365581177,76789.4,77238.4,77432.6,76641.7,0.5847161197,-74.729,-0.0085269709,8763.839,-22.64,45.0,45.0,0.5847161197,-74.729,-0.0085269709,77238.4,77622.8,77696.3,77238.4,0.4976799105,1199.022,0.2642633469,4537.224,-744.64,10.0,10.0,0.4976799105,1199.022,0.2642633469,77622.7,77989.3,78077.1,77578.4,0.472284525,1270.423,0.2236553502,5680.271,-456.3,5.0,5.0,0.472284525,1270.423,0.2236553502,0.5659545276,0.001004022,1440.0,1440.0,0.5659545276,0.001004022,3.640128053,0.0377231899,4320.0,4320.0,3.640128053,0.0377231899,2.0801019894,0.0056038621,10080.0,10080.0,2.0801019894,0.0056038621,77989.3,78077.1,76641.7,0.9388323812,87.8,1347.6,0.9388323812,87.8,852.731900304454,1971.6521750992542,78077.1,76434.0,0.9465644209,87.8,1555.3,0.9465644209,87.8,852.731900304454,1971.6521750992542,76014.2,78564.3,0.0,13273.0,0.0,0.0,0.0,0.0,0.0,156.0,11.0,8.0,90.0,905.0,,,,-1.5024852779,-2025.4553285265,76014.2,0.0,0.0,0.0,-0.04060799669999998,0.044688913950000006,LONG,YES,RAW,YES,RAW,YES,RAW,YES,RAW,YES,RAW,YES,RAW,YES,RAW,YES,RAW,YES,INSIDE,SIGNIFICANT,SIGNIFICANT,MISSING,NO,YES,NO,YES,YES,YES,NO,NO,MISSING,BEYOND,BEYOND,YES,YES,NO,NO,YES,YES,MISSING,historical_executor_fill_proxy
EX_EN_1780067415,NEGATIVE,NEGATIVE,NOT_APPLICABLE,73631.964387,88.48,140.51,0.63,73392.0,73590.0,,88.48,0.3269625940156965,0.05702457806767222,73655.71,0.05438,72426.73,74665.02,75784.16,1228.98,1009.31,0.8212582792,2128.45,1.7318833504,110.3273443274,0.1500126049,113.31157,0.9988241284604016,1.6685468105595613,72956.9,73604.3,73932.2,72662.2,0.8873732299,271.801,0.0034891282,77899.403,-1288.28,1200.0,1200.0,0.8873732299,271.801,0.0034891282,73604.2,72926.5,73662.3,72861.3,-0.9207355015,-1377.9,-0.0722706614,19065.828,123.12,180.0,180.0,-0.9207355015,-1377.9,-0.0722706614,72926.5,72943.2,73099.8,72436.0,0.0228997689,-997.996,-0.0683784459,14595.184,647.08,45.0,45.0,0.0228997689,-997.996,-0.0683784459,72943.3,73289.9,73366.4,72929.0,0.475163586,1050.047,0.3038684777,3455.597,445.87,10.0,10.0,0.475163586,1050.047,0.3038684777,73290.0,73658.4,73722.5,73276.4,0.5026606631,1168.184,0.2840281688,4112.916,-216.17,5.0,5.0,0.5026606631,1168.184,0.2840281688,0.9615266,0.000958088,1440.0,1440.0,0.9615266,0.000958088,-4.128199755,-0.0233895694,4320.0,4320.0,-4.128199755,-0.0233895694,-4.1475373997,-0.0071050069,10080.0,10080.0,-4.1475373997,-0.0071050069,73658.4,73722.5,72436.0,0.9501748931,64.1,1222.4,0.9501748931,64.1,1030.419830931074,2150.8773450332374,73932.2,72436.0,0.8170030745,273.8,1222.4,0.8170030745,273.8,820.719830931077,1941.1773450332403,72436.0,74565.3,0.0,2300.0,0.0,0.0,0.0,0.0,0.0,53.0,2.0,2.0,6.0,201.0,102.00135,73760.40135,73880.922,-1.0617629504,-1304.8854308424,72436.0,0.0,0.0,0.0,-0.019840308899999992,0.05301577402,LONG,YES,RAW,YES,RAW,YES,RAW,YES,RAW,YES,RAW,YES,RAW,YES,RAW,YES,RAW,YES,INSIDE,SIGNIFICANT,SIGNIFICANT,MISSING,NO,YES,NO,YES,YES,YES,NO,YES,BUY_SIDE,BEYOND,BEYOND,YES,YES,NO,NO,YES,YES,MISSING,historical_executor_fill_proxy
EX_EN_1781057890,MIXED,TP1_REACHED,MIXED,61396.309936,-33.99,52.72,0.645,62198.0,62790.0,,33.99,1.2889322229010614,2.219605134575573,61402.05,0.04888,61948.82,60790.93,60211.99,546.77,611.12,1.1176911681,1190.06,2.1765276076,31.6766745547,0.0516155807,17.475712,0.9995775542441919,0.8904751551454715,62658.1,61776.8,63499.9,60755.0,-1.4065220618,-5479.694,-0.0286147655,191498.826,1168.48,1200.0,1200.0,1.4065220618,5479.694,0.0286147655,61776.8,61831.5,61947.4,61404.6,0.0885445669,-368.71,-0.0289362606,12742.144,410.09,180.0,180.0,-0.0885445669,368.71,0.0289362606,61831.6,61781.0,61861.4,61544.2,-0.0818351781,129.37,0.0463255068,2792.63,111.47,45.0,45.0,0.0818351781,-129.37,-0.0463255068,61780.9,61537.2,61781.0,61515.8,-0.3944584815,-405.883,-0.429832857,944.281,249.39,10.0,10.0,0.3944584815,405.883,0.429832857,61537.1,61372.8,61561.1,61305.5,-0.2669934072,-312.627,-0.2621964056,1192.339,-52.47,5.0,5.0,0.2669934072,312.627,0.2621964056,-2.0512910541,-0.03077658,1440.0,1440.0,2.0512910541,0.03077658,0.1594448642,0.0022543539,4320.0,4320.0,-0.1594448642,-0.0022543539,-8.2373310647,-0.0143980207,10080.0,10080.0,8.2373310647,0.0143980207,61372.8,61947.4,61305.5,0.1048449914,574.6,67.3,0.8951550086,67.3,488.8782762702249,1068.0629503776363,63499.9,60755.0,0.2250719516,2127.1,617.8,0.7749280484000001,617.8,-61.62172372977511,517.5629503776363,60708.0,62942.4,0.0,4726.0,0.0,0.0,0.0,0.0,0.0,4.0,0.0,0.0,0.0,47.0,266.36205,61045.36205,61106.43795,-2.768550305,-1513.7602502596,62942.4,0.0,0.0,0.0,-0.1676364514,0.013952833289999994,SHORT,YES,RAW,YES,RAW,YES,RAW,YES,RAW,YES,RAW,YES,RAW,YES,RAW,YES,RECOVERED_DEGRADED,YES,INSIDE,SIGNIFICANT,SIGNIFICANT,MISSING,NO,YES,NO,YES,YES,NO,NO,YES,SELL_SIDE,INSIDE,BEYOND,YES,YES,NO,NO,YES,YES,MISSING,historical_executor_fill_proxy
EX_EN_1781221266,NEGATIVE,NEGATIVE,NOT_APPLICABLE,63667.092603,42.63,64.52,0.661,62855.0,62800.0,,42.63,1.2920095505528555,1.3807207054140085,63619.03,0.04715,63221.74,64016.31,64413.59,397.29,397.28,0.9999748295,794.56,1.9999496589,0.4906231862,0.0007711953,66.493872,0.9992373889838356,0.6244829573792622,61537.4,63753.8,63915.3,61447.3,3.6017121295,10552.565,0.0608869406,173314.095,10.1,1200.0,1200.0,3.6017121295,10552.565,0.0608869406,63753.7,63477.1,63776.6,63235.8,-0.4338571722,-368.72,-0.0352742392,10452.954,-577.85,180.0,180.0,-0.4338571722,-368.72,-0.0352742392,63477.0,63380.9,63550.0,63328.1,-0.1513934181,-133.543,-0.0868683662,1537.303,-105.57,45.0,45.0,-0.1513934181,-133.543,-0.0868683662,63381.0,63472.2,63497.3,63340.0,0.1438917026,182.059,0.1913125991,951.631,-160.99,10.0,10.0,0.1438917026,182.059,0.1913125991,63472.1,63637.6,63712.3,63443.9,0.2607444846,334.952,0.3351369956,999.448,-149.76,5.0,5.0,0.2607444846,334.952,0.3351369956,3.4128838722,0.0564326116,1440.0,1440.0,3.4128838722,0.0564326116,0.7585677304,0.0067066765,4320.0,4320.0,0.7585677304,0.0067066765,-0.1598694687,-0.0005836903,10080.0,10080.0,-0.1598694687,-0.0005836903,63637.6,63776.6,63235.8,0.7429733728,139.0,401.8,0.7429733728,139.0,288.56680195558147,686.1500032847543,63915.3,61447.3,0.8874797407,277.7,2190.3,0.8874797407,277.7,149.8668019555771,547.45000328475,62066.6,64463.7,0.0,6586.0,0.0,0.0,0.0,0.0,0.0,19.0,0.0,0.0,139.0,0.0,99.21565,63736.81565,63800.58435,-4.02668749,-1599.7626728959,62066.6,0.0,0.0,0.0,0.14382439649999998,0.03775972666,LONG,YES,RECOVERED_DEGRADED,YES,RECOVERED_DEGRADED,YES,RECOVERED_DEGRADED,YES,RECOVERED_DEGRADED,YES,RECOVERED_DEGRADED,YES,RECOVERED_DEGRADED,YES,RECOVERED_DEGRADED,YES,RECOVERED_DEGRADED,YES,INSIDE,SIGNIFICANT,SIGNIFICANT,MISSING,NO,YES,NO,YES,YES,NO,NO,YES,BUY_SIDE,INSIDE,INSIDE,YES,YES,YES,NO,YES,YES,MISSING,historical_executor_fill_proxy
EX_EN_1781615351,MIXED,TP1_REACHED,MIXED,66233.203168,-60.02,97.7,0.614,66517.0,66540.0,,60.02,0.4266530841739815,0.46107128343854414,66108.68,0.04532,66778.1,65608.23,65023.29,669.42,500.45,0.7475874638,1085.39,1.6213886648,-84.9677848665,-0.1283624452,109.524238,0.9994027861972319,1.0126053038723508,66551.6,66741.2,67255.4,65607.1,0.2848917231,739.856,0.0058594657,126266.802,-649.86,1200.0,1200.0,-0.2848917231,-739.856,-0.0058594657,66741.3,66465.4,66755.5,66325.4,-0.413387213,-708.485,-0.0603762976,11734.489,160.04,180.0,180.0,0.413387213,708.485,0.0603762976,66465.4,66387.9,66787.1,66325.2,-0.1166020215,35.1,0.0062794562,5589.656,110.55,45.0,45.0,0.1166020215,-35.1,-0.0062794562,66388.0,66371.2,66445.5,66336.8,-0.0253057782,61.181,0.0833232325,734.261,21.84,10.0,10.0,0.0253057782,-61.181,-0.0833232325,66371.1,66132.0,66374.6,66120.2,-0.3602471558,-606.16,-0.3286431812,1844.432,-246.68,5.0,5.0,0.3602471558,606.16,0.3286431812,-0.6304882227,-0.0032736483,1440.0,1440.0,0.6304882227,0.0032736483,3.142370534,0.0230544581,4320.0,4320.0,-3.142370534,-0.0230544581,5.5581981108,0.0178692176,10080.0,10080.0,-5.5581981108,-0.0178692176,66132.0,66787.1,66120.2,0.0176938072,655.1,11.8,0.9823061928,11.8,472.76444537044154,1058.0539883641322,67255.4,65607.1,0.3184493114,1123.4,524.9,0.6815506886,524.9,-40.33555462954973,544.953988364141,65791.4,68121.9,0.0,3298.0,0.0,0.0,0.0,0.0,0.0,0.0,0.0,0.0,0.0,71.0,330.41565,65735.81565,65801.58435,-2.9466353874,-1972.5366610492,68121.9,0.0,0.0,0.0,0.41196641370000003,0.06951885333999999,SHORT,YES,RECOVERED_DEGRADED,YES,RAW,YES,RAW,YES,RAW,YES,RAW,YES,RECOVERED_DEGRADED,YES,RECOVERED_DEGRADED,YES,RECOVERED_DEGRADED,YES,INSIDE,SIGNIFICANT,SIGNIFICANT,MISSING,NO,YES,NO,YES,YES,NO,NO,YES,SELL_SIDE,BEYOND,BEYOND,YES,YES,YES,NO,YES,YES,MISSING,historical_executor_fill_proxy
EX_EN_1782076213,NEGATIVE,NEGATIVE,NOT_APPLICABLE,63617.565713,-52.54,76.88,0.683,64187.0,64260.0,,52.54,0.8871489351426245,0.9997421210706449,63558.45,0.0472,64239.75,62877.15,62195.85,681.3,681.3,1.0,1362.6,2.0,-0.4904037191,-0.0007715732,20.358432,0.9990784729245163,1.0719267068344178,63908.2,64183.8,64568.0,63871.3,0.431243565,-1192.526,-0.0193685827,61570.122,2560.99,1200.0,1200.0,-0.431243565,1192.526,0.0193685827,64183.8,64205.1,64284.9,63907.4,0.0331859441,312.284,0.0619946916,5037.27,-251.37,180.0,180.0,-0.0331859441,-312.284,-0.0619946916,64204.8,63815.0,64204.8,63641.3,-0.6071197169,-454.99,-0.1084098334,4196.944,-127.26,45.0,45.0,0.6071197169,454.99,0.1084098334,63815.0,63796.1,63849.8,63735.1,-0.0296168612,63.11,0.10859129,581.17,47.8,10.0,10.0,0.0296168612,-63.11,-0.10859129,63796.1,63543.0,63810.0,63520.0,-0.3967327156,-312.961,-0.2883192211,1085.467,-11.42,5.0,5.0,0.3967327156,312.961,0.2883192211,-0.5714446659,-0.0218719707,1440.0,1440.0,0.5714446659,0.0218719707,0.7108385041,0.0119408808,4320.0,4320.0,-0.7108385041,-0.0119408808,-0.7016502063,0.0076842759,10080.0,10080.0,0.7016502063,-0.0076842759,63543.0,64284.9,63520.0,0.0300692901,741.9,23.0,0.9699307099,23.0,584.8535585546779,1266.781974053105,64568.0,63520.0,0.0219465649,1025.0,23.0,0.9780534351,23.0,584.8535585546779,1266.781974053105,63121.9,64739.8,0.0,11479.0,0.0,0.0,0.0,0.0,0.0,0.0,0.0,0.0,0.0,41.0,,,,-1.6463973601,-1121.6905214386,64739.8,0.0,0.0,0.0,0.39691051110000003,0.076384857,SHORT,YES,RAW,YES,RAW,YES,RAW,YES,RAW,YES,RAW,YES,RAW,YES,RAW,YES,RECOVERED_DEGRADED,YES,INSIDE,SIGNIFICANT,SIGNIFICANT,MISSING,NO,YES,NO,YES,YES,NO,NO,NO,MISSING,BEYOND,BEYOND,YES,YES,NO,NO,YES,YES,MISSING,historical_executor_fill_proxy
EX_EN_1782306796,STRONG_FAVORABLE,TP1_REACHED,STRONG_FAVORABLE,62026.569333,-54.59,83.14,0.657,62586.0,62640.0,,54.59,0.8938591170549333,0.9792954454022997,61961.66,0.04841,63173.33,60749.98,59538.31,1211.67,1211.68,1.0000082531,2423.35,2.0000082531,-0.4888698516,-0.0007889814,34.281648,0.9989614053486899,1.9555157173000206,62100.1,62723.0,63090.9,61916.9,1.0030579661,1100.655,0.0116117195,94788.287,-210.85,1200.0,1200.0,-1.0030579661,-1100.655,-0.0116117195,62723.1,62848.7,63209.6,62272.1,0.2002452047,-794.594,-0.0431668895,18407.488,-404.2,180.0,180.0,-0.2002452047,794.594,0.0431668895,62848.7,62581.8,62874.6,62577.2,-0.4246706774,-237.088,-0.0680128402,3485.93,-30.81,45.0,45.0,0.4246706774,237.088,0.0680128402,62581.9,62296.0,62604.0,62181.2,-0.4568413551,-576.404,-0.1687974117,3414.768,-95.74,10.0,10.0,0.4568413551,576.404,0.1687974117,62296.3,61998.5,62300.0,61952.8,-0.4780380215,-739.45,-0.2502133471,2955.278,300.41,5.0,5.0,0.4780380215,739.45,0.2502133471,-0.1636068219,-0.0101329806,1440.0,1440.0,0.1636068219,0.0101329806,-3.2938596354,-0.0039619629,4320.0,4320.0,3.2938596354,0.0039619629,-4.6307505588,-0.0004212499,10080.0,10080.0,4.6307505588,0.0004212499,61998.5,63209.6,61952.8,0.0363621897,1211.1,45.7,0.9636378103,45.7,1139.659797856686,2352.5895401995003,63209.6,61916.9,0.0631236946,1211.1,81.6,0.9368763054,81.6,1103.7597978566846,2316.689540199499,60691.9,62969.0,0.0,10181.0,0.0,0.0,0.0,0.0,0.0,0.0,0.0,0.0,1394.0,0.0,50.64155,61885.94155,61947.85845,-0.7773904887,-941.9407334017,62969.0,0.0,0.0,0.0,0.08141593539999997,0.04992346879000001,SHORT,YES,RAW,YES,RAW,YES,RAW,YES,RAW,YES,RAW,YES,RAW,YES,RAW,YES,RAW,YES,INSIDE,SIGNIFICANT,SIGNIFICANT,MISSING,NO,YES,NO,YES,NO,NO,NO,YES,SELL_SIDE,INSIDE,BEYOND,YES,YES,NO,NO,YES,YES,MISSING,historical_executor_fill_proxy
EX_EN_1782477849,NEGATIVE,NEGATIVE,NOT_APPLICABLE,59023.145544,-57.67,91.47,0.63,59597.0,59000.0,,57.67,0.9628915146735589,-0.039229735593218754,59015.24,0.05087,59999.36,57926.76,56890.46,984.12,1088.48,1.1060439784,2124.78,2.1590659676,51.6902338025,0.0876647251,16.427082,0.9989902981745008,1.6675692583813944,61323.3,60181.9,61384.3,58030.0,-1.8612827424,-3489.437,-0.0107583485,324346.901,7325.34,1200.0,1200.0,1.8612827424,3489.437,0.0107583485,60181.9,59378.6,60249.7,59210.4,-1.334786705,-832.859,-0.0298992476,27855.517,-413.69,180.0,180.0,1.334786705,832.859,0.0298992476,59378.6,59650.2,59694.0,59252.6,0.4574038458,75.762,0.0105409085,7187.426,-54.21,45.0,45.0,-0.4574038458,-75.762,-0.0105409085,59650.3,59444.2,59998.4,59392.2,-0.3455137694,342.219,0.0632042557,5414.493,-291.1,10.0,10.0,0.3455137694,-342.219,-0.0632042557,59444.1,58948.7,59444.4,58940.0,-0.8333880065,-1754.066,-0.301611653,5815.644,22.96,5.0,5.0,0.8333880065,1754.066,0.301611653,-3.8722638866,-0.0152673393,1440.0,1440.0,3.8722638866,0.0152673393,-5.3891648544,-0.0230684137,4320.0,4320.0,5.3891648544,0.0230684137,-5.7164746301,-0.0096203556,10080.0,10080.0,5.7164746301,0.0096203556,58948.7,60249.7,58940.0,0.0066427426,1301.0,8.7,0.9933572574,8.7,954.6921287903024,1992.0395403654547,61384.3,58030.0,0.2738872492,2435.6,918.7,0.7261127508,918.7,44.69212879030238,1082.0395403654547,58288.0,60933.0,0.0,3496.0,0.0,0.0,0.0,0.0,0.0,200.0,16.0,13.0,455.0,369.0,84.0824,58805.7824,58864.6176,-1.8861885122,-1856.2358386669,60933.0,0.0,0.0,0.0,0.36481590869999997,0.13212622436,SHORT,YES,RECOVERED_DEGRADED,YES,RAW,YES,RAW,YES,RAW,YES,RAW,YES,RECOVERED_DEGRADED,YES,RECOVERED_DEGRADED,YES,RECOVERED_DEGRADED,YES,INSIDE,SIGNIFICANT,SIGNIFICANT,MISSING,NO,YES,NO,YES,YES,YES,NO,YES,SELL_SIDE,BEYOND,BEYOND,YES,YES,YES,NO,YES,YES,MISSING,historical_executor_fill_proxy
EX_EN_1782740830,MIXED,TP1_REACHED,MIXED,59364.249945,-82.2,140.58,0.585,59847.0,60000.0,,82.2,0.806640357912672,1.0595834249999947,59397.08,0.05059,60708.09,57876.99,56461.44,1311.01,1520.09,1.1594800955,2935.64,2.2392201432,104.0491445684,0.1754829245,18.261588,0.9988003033874029,2.207196043980613,60087.0,59995.5,60325.0,58850.0,-0.1522791952,-3159.869,-0.0239312278,132039.569,1335.94,1200.0,1200.0,0.1522791952,3159.869,0.0239312278,59995.6,59993.1,60758.3,59552.6,-0.0041669722,-1679.365,-0.0371914366,45154.615,-572.13,180.0,180.0,0.0041669722,1679.365,0.0371914366,59993.1,60180.7,60313.0,59749.0,0.3127026275,333.399,0.0403035907,8272.191,-430.26,45.0,45.0,-0.3127026275,-333.399,-0.0403035907,60180.9,59541.7,60212.0,59533.7,-1.0621310083,-635.1,-0.1402036275,4529.84,32.15,10.0,10.0,1.0621310083,635.1,0.1402036275,59548.0,59418.3,59642.3,59302.8,-0.217807483,-793.924,-0.1489949386,5328.53,205.18,5.0,5.0,0.217807483,793.924,0.1489949386,-1.1128863148,-0.0303845731,1440.0,1440.0,1.1128863148,0.0303845731,-0.0435702726,-0.0044454921,4320.0,4320.0,0.0435702726,0.0044454921,-9.1784094609,-0.0189571757,10080.0,10080.0,9.1784094609,0.0189571757,59418.3,60758.3,59302.8,0.0793541738,1340.0,115.5,0.9206458262,115.5,1356.291770365082,2773.542040713619,60758.3,58850.0,0.2978043285,1340.0,568.3,0.7021956715,568.3,903.491770365079,2320.742040713616,,,,,,,,,,,,,,,22.0167,59336.9167,59396.2833,,,,1.0,0.0,0.0,0.008791311099999977,-0.06265160422999999,SHORT,YES,RAW,YES,RAW,YES,RAW,YES,RAW,YES,RAW,YES,RAW,YES,RAW,YES,RECOVERED_DEGRADED,NO,MISSING,MISSING,MISSING,MISSING,MISSING,MISSING,MISSING,NO,,,NO,YES,SELL_SIDE,MISSING,MISSING,YES,NO,NO,NO,YES,YES,MISSING,historical_executor_fill_proxy
EX_EN_1784376441,STRONG_FAVORABLE,TP1_REACHED,STRONG_FAVORABLE,64193.422659,63.17,112.88,0.56,63665.0,63970.0,,63.17,0.8300049619100031,0.3492616210723831,64107.89,0.04676,63843.76,64455.17,64760.87,264.13,347.28,1.3148071026,652.98,2.4721917238,-41.0841885278,-0.0640449657,29.415366,0.9993075852847375,0.4120085686800798,63253.8,63942.2,64356.7,62505.1,1.0883140618,-2193.5,-0.0231813225,94623.592,-1399.03,1200.0,1200.0,1.0883140618,-2193.5,-0.0231813225,63942.2,63993.8,63997.8,63912.0,0.0806978803,104.236,0.0374460417,2783.632,128.51,180.0,180.0,0.0806978803,104.236,0.0374460417,63993.8,63997.4,63997.6,63990.0,0.005625545,20.363,0.042994656,473.617,14.28,45.0,45.0,0.005625545,20.363,0.042994656,63997.5,64103.9,64109.6,63995.0,0.1662564944,413.842,0.4920305794,841.09,103.69,10.0,10.0,0.1662564944,413.842,0.4920305794,64104.0,64142.1,64170.0,64083.0,0.0594346687,186.35,0.2959157748,629.74,-17.3,5.0,5.0,0.0594346687,186.35,0.2959157748,1.4043425059,-0.014782932,1440.0,1440.0,1.4043425059,-0.014782932,-0.7085161254,-0.0030350671,4320.0,4320.0,-0.7085161254,-0.0030350671,-0.0430109538,-0.0040249608,10080.0,10080.0,-0.0430109538,-0.0040249608,64142.1,64170.0,63912.0,0.8918604651,27.9,230.1,0.8918604651,27.9,329.8306318614341,635.7424497056927,64356.7,62505.1,0.8841002376,214.6,1637.0,0.8841002376,214.6,143.130631861437,449.0424497056956,63758.3,65597.2,0.0,14221.0,0.0,0.0,0.0,0.0,0.0,0.0,0.0,0.0,0.0,1013.0,182.42165,64324.52165,64388.87835,-1.4906946774,-393.7371851401,63758.3,0.0,0.0,0.0,-0.19611480460000003,-0.004738715700000002,LONG,YES,RAW,YES,RAW,YES,RAW,YES,RAW,YES,RAW,YES,RAW,YES,RAW,YES,RECOVERED_DEGRADED,YES,INSIDE,SIGNIFICANT,SIGNIFICANT,MISSING,NO,YES,NO,YES,NO,NO,NO,YES,BUY_SIDE,INSIDE,INSIDE,YES,YES,NO,NO,YES,YES,MISSING,historical_executor_fill_proxy
EX_EN_1785025567,MIXED,TP1_REACHED,MIXED,64470.963751,55.18,81.78,0.675,64126.0,63970.0,,55.18,0.5379467782178882,0.7831229498202329,64406.55,0.04657,64232.36,64604.97,64791.28,174.19,198.42,1.1391009817,384.73,2.2086801768,-11.6242210634,-0.0180449403,15.315915,0.9991811890676795,0.27045385911836606,64134.4,64351.7,64417.1,63760.5,0.3388197286,-3977.971,-0.0960036535,41435.621,1456.21,1200.0,1200.0,0.3388197286,-3977.971,-0.0960036535,64351.7,64366.9,64407.1,64233.0,0.0236201996,106.599,0.0307085886,3471.309,108.78,180.0,180.0,0.0236201996,106.599,0.0307085886,64366.9,64371.9,64412.3,64317.9,0.0077679677,130.007,0.1562124134,832.245,-31.73,45.0,45.0,0.0077679677,130.007,0.1562124134,64372.0,64402.2,64413.7,64372.0,0.0469148077,4.624,0.0278537438,166.01,-3.29,10.0,10.0,0.0469148077,4.624,0.0278537438,64402.1,64429.7,64439.0,64402.1,0.0428557454,114.297,0.4877046557,234.357,-37.62,5.0,5.0,0.0428557454,114.297,0.4877046557,0.4604393274,-0.0785106189,1440.0,1440.0,0.4604393274,-0.0785106189,-2.7379331375,-0.0325653022,4320.0,4320.0,-2.7379331375,-0.0325653022,-0.6251253181,0.0023310713,10080.0,10080.0,-0.6251253181,0.0023310713,64429.7,64439.0,64233.0,0.9548543689,9.3,196.7,0.9548543689,9.3,218.91260570257145,405.37528338152333,64439.0,63760.5,0.986293294,9.3,669.2,0.986293294,9.3,218.91260570257145,405.37528338152333,64037.4,65688.0,0.0,13426.0,0.0,0.0,0.0,0.0,0.0,20.0,0.0,0.0,0.0,8.0,,,,-2.4202567495,-421.5845231974,64037.4,0.0,0.0,0.0,0.4598509119,0.00387966831,LONG,YES,RAW,YES,RAW,YES,RAW,YES,RAW,YES,RAW,YES,RAW,YES,RAW,YES,RAW,YES,INSIDE,SIGNIFICANT,SIGNIFICANT,MISSING,NO,YES,NO,YES,NO,NO,NO,NO,MISSING,INSIDE,INSIDE,YES,YES,NO,NO,YES,YES,MISSING,historical_executor_fill_proxy
EX_EN_1785961338,NEGATIVE,NEGATIVE,NOT_APPLICABLE,64996.348959,89.92,136.61,0.658,64368.0,64480.0,,89.92,0.9761822007830019,0.8007893284739496,64948.84,0.04618,64494.88,65403.89,65858.4,453.96,455.05,1.0024010926,909.56,2.0036126531,-0.0672408134,-0.0001035288,26.160485,0.999270086413368,0.6989501275157494,64034.2,64677.3,64728.5,63847.0,1.0043070734,2102.502,0.0167829351,125276.18,904.23,1200.0,1200.0,1.0043070734,2102.502,0.0167829351,64677.0,64851.5,64887.9,64506.3,0.2698022481,1069.95,0.0655583399,16320.578,-214.78,180.0,180.0,0.2698022481,1069.95,0.0655583399,64851.5,64779.9,64898.0,64772.3,-0.1104060816,-262.54,-0.0838593039,3130.72,-245.63,45.0,45.0,-0.1104060816,-262.54,-0.0838593039,64779.9,64874.7,64893.2,64779.9,0.1463416893,77.238,0.139690084,552.924,25.33,10.0,10.0,0.1463416893,77.238,0.139690084,64874.7,64954.0,65022.0,64838.0,0.1222356327,2640.394,0.613613589,4303.024,-1035.79,5.0,5.0,0.1222356327,2640.394,0.613613589,1.4364199131,0.0376214408,1440.0,1440.0,1.4364199131,0.0376214408,2.4065233432,0.0157484684,4320.0,4320.0,2.4065233432,0.0157484684,2.0257821102,0.0138574648,10080.0,10080.0,2.0257821102,0.0138574648,64954.0,65022.0,64506.3,0.8681403917,68.0,447.7,0.8681403917,68.0,429.66405886424036,884.5060542164138,65022.0,63847.0,0.9421276596,68.0,1107.0,0.9421276596,68.0,429.66405886424036,884.5060542164138,63567.0,65788.0,0.0,28589.0,0.0,0.0,0.0,0.0,0.0,0.0,0.0,0.0,158.0,0.0,,,,-3.146176793,-1428.2384169614,63567.0,0.0,0.0,0.0,0.47392350499999997,0.009812957609999999,LONG,YES,RAW,YES,RAW,YES,RAW,YES,RAW,YES,RAW,YES,RAW,YES,RAW,YES,RAW,YES,INSIDE,SIGNIFICANT,SIGNIFICANT,MISSING,NO,YES,NO,YES,YES,NO,NO,NO,MISSING,INSIDE,BEYOND,YES,YES,NO,NO,YES,YES,MISSING,historical_executor_fill_proxy
EX_EN_1786107369,NEGATIVE,NEGATIVE,NOT_APPLICABLE,65369.07001,70.69,106.18,0.666,64623.0,64420.0,,70.69,1.1544960927224102,1.473253663458558,65266.21,0.04592,64751.18,65885.43,66452.54,515.03,619.22,1.2022988952,1186.33,2.3034192183,-51.5978069584,-0.0789950072,17.311631,0.999215803390904,0.7891219667880209,64431.2,64563.7,64962.0,64111.0,0.205645712,777.654,0.0093159902,83475.184,-2061.45,1200.0,1200.0,0.205645712,777.654,0.0093159902,64563.7,64987.5,65187.9,64547.8,0.656405999,1441.344,0.064399039,22381.452,1078.53,180.0,180.0,0.656405999,1441.344,0.064399039,64987.6,65166.0,65300.0,64954.0,0.2745139073,1913.609,0.1541936222,12410.429,720.1,45.0,45.0,0.2745139073,1913.609,0.1541936222,65166.0,65271.1,65281.7,65110.0,0.1612804223,383.646,0.1770576328,2166.786,80.2,10.0,10.0,0.1612804223,383.646,0.1770576328,65271.1,65307.4,65358.0,65214.8,0.0556141999,965.037,0.3845297461,2509.655,-283.61,5.0,5.0,0.0556141999,965.037,0.3845297461,1.3599001726,0.0445838107,1440.0,1440.0,1.3599001726,0.0445838107,2.1801170323,0.0298602841,4320.0,4320.0,2.1801170323,0.0298602841,2.4828482296,0.0108710288,10080.0,10080.0,2.4828482296,0.0108710288,65307.4,65358.0,64547.8,0.9375462849,50.6,759.6,0.9375462849,50.6,579.1376797819685,1146.6927545470826,65358.0,64111.0,0.9594226143,50.6,1196.4,0.9594226143,50.6,579.1376797819685,1146.6927545470826,64037.4,65689.6,0.0,22661.0,0.0,0.0,0.0,0.0,0.0,0.0,0.0,0.0,147.0,0.0,,,,-2.4834046792,-1279.0279119353,64037.4,0.0,0.0,0.0,0.2074721133,-0.00500520225,LONG,YES,RAW,YES,RAW,YES,RAW,YES,RAW,YES,RAW,YES,RAW,YES,RAW,YES,RAW,YES,INSIDE,SIGNIFICANT,SIGNIFICANT,MISSING,NO,YES,NO,YES,YES,NO,NO,NO,MISSING,BEYOND,BEYOND,YES,YES,NO,NO,YES,YES,MISSING,historical_executor_fill_proxy
EX_EN_1786131443,NEGATIVE,NEGATIVE,NOT_APPLICABLE,65014.692955,17.37,26.05,0.667,64773.0,65230.0,,17.37,0.37313842959257504,-0.3300736547600818,64973.97,0.04617,64484.09,65463.85,65953.73,489.88,489.88,1.0,979.76,2.0,0.4931575856,0.0007590137,31.340568,0.9993660492619095,0.7539634718334126,64391.2,65027.8,65358.0,64128.3,0.988644411,4556.55,0.0436933224,104284.814,2027.52,1200.0,1200.0,0.988644411,4556.55,0.0436933224,65027.7,64763.5,65050.0,64490.0,-0.4062883971,-24.298,-0.0013128339,18508.054,-636.42,180.0,180.0,-0.4062883971,-24.298,-0.0013128339,64763.5,64882.5,64897.3,64655.0,0.1837454739,337.299,0.1552855481,2172.121,37.94,45.0,45.0,0.1837454739,337.299,0.1552855481,64882.4,64919.9,64961.9,64877.7,0.0577968756,1.295,0.0016647363,777.901,-33.7,10.0,10.0,0.0577968756,1.295,0.0016647363,64919.9,64981.2,65000.0,64915.8,0.0944240518,5.1,0.0071511701,713.17,-116.61,5.0,5.0,0.0944240518,5.1,0.0071511701,0.9162742735,0.038558421,1440.0,1440.0,0.9162742735,0.038558421,1.1649793175,0.0273328334,4320.0,4320.0,1.1649793175,0.0273328334,3.2248840767,0.0131067786,10080.0,10080.0,3.2248840767,0.0131067786,64981.2,65050.0,64490.0,0.8771428571,68.8,491.2,0.8771428571,68.8,455.37718221356045,945.5679390056321,65358.0,64128.3,0.6935838009,376.8,852.9,0.6935838009,376.8,147.37718221356045,637.5679390056321,64037.4,65689.6,0.0,23062.0,0.0,0.0,0.0,0.0,0.0,172.0,2.0,4.0,22.0,71.0,36.275,65017.475,65338.2528,-1.9947059627,-977.1665569954,64037.4,0.0,0.0,0.0,0.005486433799999999,0.0131051228,LONG,YES,RAW,YES,RAW,YES,RAW,YES,RAW,YES,RAW,YES,RAW,YES,RAW,YES,RAW,YES,INSIDE,SIGNIFICANT,SIGNIFICANT,MISSING,NO,YES,NO,YES,YES,YES,NO,YES,BUY_SIDE,INSIDE,BEYOND,YES,YES,NO,NO,YES,YES,MISSING,historical_executor_fill_proxy
EX_EN_1787063409,STRONG_FAVORABLE,TP1_REACHED,STRONG_FAVORABLE,65010.090869,97.51,177.98,0.548,64232.0,64200.0,,97.51,1.211375745734213,1.261823783489096,64943.67,0.04617,63989.78,65953.79,66935.79,953.89,1010.12,1.0589480967,1992.12,2.0884169034,-27.6243705934,-0.0425178086,16.967866,0.9994032234398075,1.468795958097225,63593.8,64136.9,64600.8,63561.3,0.8540140706,4985.35,0.0504349678,98847.094,-2295.74,1200.0,1200.0,0.8540140706,4985.35,0.0504349678,64136.9,64042.4,64380.0,64025.5,-0.1473410782,-175.201,-0.0203362874,8615.191,43.44,180.0,180.0,-0.1473410782,-175.201,-0.0203362874,64042.3,64230.6,64350.0,63979.2,0.2940244182,-65.423,-0.008563925,7639.371,-335.09,45.0,45.0,0.2940244182,-65.423,-0.008563925,64230.7,64697.7,64720.4,64224.1,0.7270666519,1627.258,0.2694307055,6039.616,-642.01,10.0,10.0,0.7270666519,1627.258,0.2694307055,64697.8,64962.0,64999.9,64697.7,0.4083600988,1931.393,0.2584516636,7472.937,242.51,5.0,5.0,0.4083600988,1931.393,0.2584516636,2.1514675959,0.0645603395,1440.0,1440.0,2.1514675959,0.0645603395,3.1043025993,0.0527975753,4320.0,4320.0,3.1043025993,0.0527975753,1.5034421983,0.0141461454,10080.0,10080.0,1.5034421983,0.0141461454,64962.0,64999.9,63979.2,0.9628686196,37.9,982.8,0.9628686196,37.9,993.2731788858728,1975.8595634085286,64999.9,63561.3,0.9736549423,37.9,1400.7,0.9736549423,37.9,993.2731788858728,1975.8595634085286,64034.3,65788.0,0.0,23067.0,0.0,0.0,0.0,0.0,0.0,283.0,15.0,3.0,190.0,498.0,,,,-0.9933893523,-947.5841692883,64034.3,0.0,0.0,0.0,-0.010979041899999986,0.008965354570000014,LONG,YES,RAW,YES,RAW,YES,RAW,YES,RAW,YES,RAW,YES,RAW,YES,RAW,YES,RAW,YES,INSIDE,SIGNIFICANT,SIGNIFICANT,MISSING,NO,YES,NO,YES,YES,YES,NO,NO,MISSING,BEYOND,BEYOND,YES,YES,NO,NO,YES,YES,MISSING,historical_executor_fill_proxy
EX_EN_1788166698,NEGATIVE,NEGATIVE,NOT_APPLICABLE,78476.726687,30.3,47.97,0.632,78241.0,78100.0,,30.3,0.30128281463683,0.48236451600512437,78463.85,0.03823,77850.73,79076.96,79690.08,613.12,613.11,0.99998369,1226.23,1.99998369,0.490705447,0.0006253944,88.72432,0.9998296642455505,0.7814044301930124,78049.1,77625.4,79384.4,76947.2,-0.5428634027,-3623.471,-0.0355068595,102049.887,-1959.23,1200.0,1200.0,-0.5428634027,-3623.471,-0.0355068595,77625.4,78172.2,78294.0,77480.0,0.7044086085,376.475,0.0276326265,13624.293,-434.8,180.0,180.0,0.7044086085,376.475,0.0276326265,78172.3,78305.2,78450.0,77950.0,0.1700090697,441.421,0.1040256776,4243.385,68.32,45.0,45.0,0.1700090697,441.421,0.1040256776,78305.1,78416.5,78431.9,78272.4,0.1422640416,59.469,0.0722515226,823.083,98.02,10.0,10.0,0.1422640416,59.469,0.0722515226,78416.4,78482.8,78487.7,78383.2,0.0846761647,185.435,0.2380750629,778.893,-16.39,5.0,5.0,0.0846761647,185.435,0.2380750629,0.5556758502,-0.0210720924,1440.0,1440.0,0.5556758502,-0.0210720924,-1.2520461663,-0.0211526728,4320.0,4320.0,-1.2520461663,-0.0211526728,1.907715001,-0.0078421267,10080.0,10080.0,1.907715001,-0.0078421267,78482.8,78487.7,77480.0,0.9951374417,4.9,1002.8,0.9951374417,4.9,602.7319283922698,1215.9563824422949,79384.4,76947.2,0.6300672903,901.6,1535.6,0.6300672903,901.6,-293.9680716077273,319.25638244229776,77800.0,79974.8,0.0,7969.0,0.0,0.0,0.0,0.0,0.0,0.0,0.0,0.0,0.0,630.0,254.2118,78737.0118,78979.36995,-1.1043549741,-677.1021216962,77800.0,0.0,0.0,0.0,0.1658235403,0.0027088287799999985,LONG,YES,RAW,YES,RAW,YES,RAW,YES,RAW,YES,RAW,YES,RAW,YES,RAW,YES,RAW,YES,INSIDE,SIGNIFICANT,SIGNIFICANT,MISSING,NO,YES,NO,YES,NO,NO,NO,YES,BUY_SIDE,INSIDE,INSIDE,YES,YES,NO,NO,YES,YES,MISSING,historical_executor_fill_proxy
EX_EN_1789351940,STRONG_FAVORABLE,TP1_REACHED,STRONG_FAVORABLE,77250.519382,33.73,50.75,0.665,76991.0,77300.0,,33.73,0.3370775571170638,-0.06401114877102382,77309.91,0.03884,76419.63,78021.01,78821.7,890.28,711.1,0.7987374759,1511.79,1.6981062138,90.0687270287,0.1166393579,114.228142,0.9996028750450595,1.1515729354748958,77251.1,76918.9,77427.4,76458.9,-0.4300262391,-1608.913,-0.0292350659,55033.671,1158.79,1200.0,1200.0,-0.4300262391,-1608.913,-0.0292350659,76919.0,76747.9,77059.4,76350.1,-0.2224417894,-1010.307,-0.0557511188,18121.735,219.13,180.0,180.0,-0.2224417894,-1010.307,-0.0557511188,76748.0,76998.1,76998.3,76609.7,0.325871684,-70.713,-0.020986181,3369.503,155.27,45.0,45.0,0.325871684,-70.713,-0.020986181,76998.1,77123.9,77146.7,76982.1,0.1633806548,166.381,0.1361483139,1222.057,-34.98,10.0,10.0,0.1633806548,166.381,0.1361483139,77123.8,77281.9,77375.0,77116.6,0.2049950858,298.411,0.1621376826,1840.479,80.53,5.0,5.0,0.2049950858,298.411,0.1621376826,0.0398699824,-0.0279584424,1440.0,1440.0,0.0398699824,-0.0279584424,0.4924372458,-0.0172393006,4320.0,4320.0,0.4924372458,-0.0172393006,-3.1553924253,-0.0242790814,10080.0,10080.0,-3.1553924253,-0.0242790814,77281.9,77375.0,76350.1,0.9091618695,93.1,931.8,0.9091618695,93.1,677.0063995244273,1478.0144998301694,77427.4,76350.1,0.8649401281,145.5,931.8,0.8649401281,145.5,624.6063995244331,1425.6144998301752,77255.0,79737.3,0.0,23284.0,0.0,0.0,0.0,0.0,0.0,0.0,0.0,0.0,0.0,269.0,34.4225,77316.3225,77425.6935,-0.0961381682,-85.5898883939,77255.0,0.0,0.0,0.0,0.025989368699999987,0.024660951679999998,LONG,YES,RAW,YES,RAW,YES,RAW,YES,RAW,YES,RAW,YES,RAW,YES,RAW,YES,RAW,YES,INSIDE,SIGNIFICANT,SIGNIFICANT,MISSING,NO,YES,NO,YES,NO,NO,NO,YES,BUY_SIDE,INSIDE,INSIDE,YES,YES,NO,NO,YES,YES,MISSING,historical_executor_fill_proxy
