target,feature,category,group1,group1_count,group1_n,group2,group2_count,group2_n
A,broad_1d_complete,YES,NEGATIVE,9,9,TP1_REACHED,10,10
A,broad_1d_source_quality,RAW,NEGATIVE,7,9,TP1_REACHED,9,10
A,broad_1d_source_quality,RECOVERED_DEGRADED,NEGATIVE,2,9,TP1_REACHED,1,10
A,broad_3d_complete,YES,NEGATIVE,9,9,TP1_REACHED,10,10
A,broad_3d_source_quality,RAW,NEGATIVE,7,9,TP1_REACHED,9,10
A,broad_3d_source_quality,RECOVERED_DEGRADED,NEGATIVE,2,9,TP1_REACHED,1,10
A,broad_7d_complete,NO,NEGATIVE,0,9,TP1_REACHED,2,10
A,broad_7d_complete,YES,NEGATIVE,9,9,TP1_REACHED,8,10
A,broad_7d_source_quality,RAW,NEGATIVE,6,9,TP1_REACHED,5,10
A,broad_7d_source_quality,RECOVERED_DEGRADED,NEGATIVE,3,9,TP1_REACHED,5,10
A,directional_liquidity_present,NO,NEGATIVE,4,9,TP1_REACHED,2,10
A,directional_liquidity_present,YES,NEGATIVE,5,9,TP1_REACHED,8,10
A,directional_liquidity_side,BUY_SIDE,NEGATIVE,4,9,TP1_REACHED,3,10
A,directional_liquidity_side,MISSING,NEGATIVE,4,9,TP1_REACHED,2,10
A,directional_liquidity_side,SELL_SIDE,NEGATIVE,1,9,TP1_REACHED,5,10
A,matched_registry_accepted_beyond_in_direction,MISSING,NEGATIVE,0,9,TP1_REACHED,1,10
A,matched_registry_accepted_beyond_in_direction,NO,NEGATIVE,1,9,TP1_REACHED,4,10
A,matched_registry_accepted_beyond_in_direction,YES,NEGATIVE,8,9,TP1_REACHED,5,10
A,matched_registry_first_sweep_present,MISSING,NEGATIVE,0,9,TP1_REACHED,1,10
A,matched_registry_first_sweep_present,NO,NEGATIVE,5,9,TP1_REACHED,7,10
A,matched_registry_first_sweep_present,YES,NEGATIVE,4,9,TP1_REACHED,2,10
A,matched_registry_lifecycle_present,NO,NEGATIVE,0,9,TP1_REACHED,1,10
A,matched_registry_lifecycle_present,YES,NEGATIVE,9,9,TP1_REACHED,9,10
A,opposing_zone_accepted_beyond_in_direction,MISSING,NEGATIVE,0,9,TP1_REACHED,1,10
A,opposing_zone_accepted_beyond_in_direction,NO,NEGATIVE,9,9,TP1_REACHED,9,10
A,opposing_zone_already_interacted,MISSING,NEGATIVE,0,9,TP1_REACHED,1,10
A,opposing_zone_already_interacted,YES,NEGATIVE,9,9,TP1_REACHED,9,10
A,opposing_zone_consumption_status,MISSING,NEGATIVE,9,9,TP1_REACHED,10,10
A,opposing_zone_first_sweep_present,MISSING,NEGATIVE,0,9,TP1_REACHED,1,10
A,opposing_zone_first_sweep_present,NO,NEGATIVE,9,9,TP1_REACHED,9,10
A,opposing_zone_present,NO,NEGATIVE,0,9,TP1_REACHED,1,10
A,opposing_zone_present,YES,NEGATIVE,9,9,TP1_REACHED,9,10
A,opposing_zone_price_position,INSIDE,NEGATIVE,9,9,TP1_REACHED,9,10
A,opposing_zone_price_position,MISSING,NEGATIVE,0,9,TP1_REACHED,1,10
A,opposing_zone_qualification,MISSING,NEGATIVE,0,9,TP1_REACHED,1,10
A,opposing_zone_qualification,SIGNIFICANT,NEGATIVE,9,9,TP1_REACHED,9,10
A,opposing_zone_status,MISSING,NEGATIVE,0,9,TP1_REACHED,1,10
A,opposing_zone_status,SIGNIFICANT,NEGATIVE,9,9,TP1_REACHED,9,10
A,quality_chronology_anomaly,MISSING,NEGATIVE,9,9,TP1_REACHED,10,10
A,quality_conversion_available,YES,NEGATIVE,9,9,TP1_REACHED,10,10
A,quality_degraded_or_recovered_feed,NO,NEGATIVE,7,9,TP1_REACHED,9,10
A,quality_degraded_or_recovered_feed,YES,NEGATIVE,2,9,TP1_REACHED,1,10
A,quality_historical_prediction_cutoff_proxy,YES,NEGATIVE,9,9,TP1_REACHED,10,10
A,quality_open_interest_available,YES,NEGATIVE,9,9,TP1_REACHED,10,10
A,quality_open_price_close_fallback,NO,NEGATIVE,9,9,TP1_REACHED,10,10
A,quality_prediction_cutoff_source,historical_executor_fill_proxy,NEGATIVE,9,9,TP1_REACHED,10,10
A,quality_zone_history_available,NO,NEGATIVE,0,9,TP1_REACHED,1,10
A,quality_zone_history_available,YES,NEGATIVE,9,9,TP1_REACHED,9,10
A,recent_cleared_structure_present,NO,NEGATIVE,9,9,TP1_REACHED,10,10
A,seg_1440_240_complete,YES,NEGATIVE,9,9,TP1_REACHED,10,10
A,seg_1440_240_source_quality,RAW,NEGATIVE,7,9,TP1_REACHED,9,10
A,seg_1440_240_source_quality,RECOVERED_DEGRADED,NEGATIVE,2,9,TP1_REACHED,1,10
A,seg_15_5_complete,YES,NEGATIVE,9,9,TP1_REACHED,10,10
A,seg_15_5_source_quality,RAW,NEGATIVE,8,9,TP1_REACHED,10,10
A,seg_15_5_source_quality,RECOVERED_DEGRADED,NEGATIVE,1,9,TP1_REACHED,0,10
A,seg_240_60_complete,YES,NEGATIVE,9,9,TP1_REACHED,10,10
A,seg_240_60_source_quality,RAW,NEGATIVE,8,9,TP1_REACHED,10,10
A,seg_240_60_source_quality,RECOVERED_DEGRADED,NEGATIVE,1,9,TP1_REACHED,0,10
A,seg_5_0_complete,YES,NEGATIVE,9,9,TP1_REACHED,10,10
A,seg_5_0_source_quality,RAW,NEGATIVE,8,9,TP1_REACHED,10,10
A,seg_5_0_source_quality,RECOVERED_DEGRADED,NEGATIVE,1,9,TP1_REACHED,0,10
A,seg_60_15_complete,YES,NEGATIVE,9,9,TP1_REACHED,10,10
A,seg_60_15_source_quality,RAW,NEGATIVE,8,9,TP1_REACHED,10,10
A,seg_60_15_source_quality,RECOVERED_DEGRADED,NEGATIVE,1,9,TP1_REACHED,0,10
A,signal_side,LONG,NEGATIVE,7,9,TP1_REACHED,5,10
A,signal_side,SHORT,NEGATIVE,2,9,TP1_REACHED,5,10
A,target_geometry_tp1_relation,BEYOND,NEGATIVE,5,9,TP1_REACHED,2,10
A,target_geometry_tp1_relation,INSIDE,NEGATIVE,4,9,TP1_REACHED,7,10
A,target_geometry_tp1_relation,MISSING,NEGATIVE,0,9,TP1_REACHED,1,10
A,target_geometry_tp2_relation,BEYOND,NEGATIVE,7,9,TP1_REACHED,4,10
A,target_geometry_tp2_relation,INSIDE,NEGATIVE,2,9,TP1_REACHED,5,10
A,target_geometry_tp2_relation,MISSING,NEGATIVE,0,9,TP1_REACHED,1,10
B,broad_1d_complete,YES,MIXED,4,4,STRONG_FAVORABLE,6,6
B,broad_1d_source_quality,RAW,MIXED,3,4,STRONG_FAVORABLE,6,6
B,broad_1d_source_quality,RECOVERED_DEGRADED,MIXED,1,4,STRONG_FAVORABLE,0,6
B,broad_3d_complete,YES,MIXED,4,4,STRONG_FAVORABLE,6,6
B,broad_3d_source_quality,RAW,MIXED,3,4,STRONG_FAVORABLE,6,6
B,broad_3d_source_quality,RECOVERED_DEGRADED,MIXED,1,4,STRONG_FAVORABLE,0,6
B,broad_7d_complete,NO,MIXED,0,4,STRONG_FAVORABLE,2,6
B,broad_7d_complete,YES,MIXED,4,4,STRONG_FAVORABLE,4,6
B,broad_7d_source_quality,RAW,MIXED,1,4,STRONG_FAVORABLE,4,6
B,broad_7d_source_quality,RECOVERED_DEGRADED,MIXED,3,4,STRONG_FAVORABLE,2,6
B,directional_liquidity_present,NO,MIXED,1,4,STRONG_FAVORABLE,1,6
B,directional_liquidity_present,YES,MIXED,3,4,STRONG_FAVORABLE,5,6
B,directional_liquidity_side,BUY_SIDE,MIXED,0,4,STRONG_FAVORABLE,3,6
B,directional_liquidity_side,MISSING,MIXED,1,4,STRONG_FAVORABLE,1,6
B,directional_liquidity_side,SELL_SIDE,MIXED,3,4,STRONG_FAVORABLE,2,6
B,matched_registry_accepted_beyond_in_direction,MISSING,MIXED,1,4,STRONG_FAVORABLE,0,6
B,matched_registry_accepted_beyond_in_direction,NO,MIXED,1,4,STRONG_FAVORABLE,3,6
B,matched_registry_accepted_beyond_in_direction,YES,MIXED,2,4,STRONG_FAVORABLE,3,6
B,matched_registry_first_sweep_present,MISSING,MIXED,1,4,STRONG_FAVORABLE,0,6
B,matched_registry_first_sweep_present,NO,MIXED,3,4,STRONG_FAVORABLE,4,6
B,matched_registry_first_sweep_present,YES,MIXED,0,4,STRONG_FAVORABLE,2,6
B,matched_registry_lifecycle_present,NO,MIXED,1,4,STRONG_FAVORABLE,0,6
B,matched_registry_lifecycle_present,YES,MIXED,3,4,STRONG_FAVORABLE,6,6
B,opposing_zone_accepted_beyond_in_direction,MISSING,MIXED,1,4,STRONG_FAVORABLE,0,6
B,opposing_zone_accepted_beyond_in_direction,NO,MIXED,3,4,STRONG_FAVORABLE,6,6
B,opposing_zone_already_interacted,MISSING,MIXED,1,4,STRONG_FAVORABLE,0,6
B,opposing_zone_already_interacted,YES,MIXED,3,4,STRONG_FAVORABLE,6,6
B,opposing_zone_consumption_status,MISSING,MIXED,4,4,STRONG_FAVORABLE,6,6
B,opposing_zone_first_sweep_present,MISSING,MIXED,1,4,STRONG_FAVORABLE,0,6
B,opposing_zone_first_sweep_present,NO,MIXED,3,4,STRONG_FAVORABLE,6,6
B,opposing_zone_present,NO,MIXED,1,4,STRONG_FAVORABLE,0,6
B,opposing_zone_present,YES,MIXED,3,4,STRONG_FAVORABLE,6,6
B,opposing_zone_price_position,INSIDE,MIXED,3,4,STRONG_FAVORABLE,6,6
B,opposing_zone_price_position,MISSING,MIXED,1,4,STRONG_FAVORABLE,0,6
B,opposing_zone_qualification,MISSING,MIXED,1,4,STRONG_FAVORABLE,0,6
B,opposing_zone_qualification,SIGNIFICANT,MIXED,3,4,STRONG_FAVORABLE,6,6
B,opposing_zone_status,MISSING,MIXED,1,4,STRONG_FAVORABLE,0,6
B,opposing_zone_status,SIGNIFICANT,MIXED,3,4,STRONG_FAVORABLE,6,6
B,quality_chronology_anomaly,MISSING,MIXED,4,4,STRONG_FAVORABLE,6,6
B,quality_conversion_available,YES,MIXED,4,4,STRONG_FAVORABLE,6,6
B,quality_degraded_or_recovered_feed,NO,MIXED,3,4,STRONG_FAVORABLE,6,6
B,quality_degraded_or_recovered_feed,YES,MIXED,1,4,STRONG_FAVORABLE,0,6
B,quality_historical_prediction_cutoff_proxy,YES,MIXED,4,4,STRONG_FAVORABLE,6,6
B,quality_open_interest_available,YES,MIXED,4,4,STRONG_FAVORABLE,6,6
B,quality_open_price_close_fallback,NO,MIXED,4,4,STRONG_FAVORABLE,6,6
B,quality_prediction_cutoff_source,historical_executor_fill_proxy,MIXED,4,4,STRONG_FAVORABLE,6,6
B,quality_zone_history_available,NO,MIXED,1,4,STRONG_FAVORABLE,0,6
B,quality_zone_history_available,YES,MIXED,3,4,STRONG_FAVORABLE,6,6
B,recent_cleared_structure_present,NO,MIXED,4,4,STRONG_FAVORABLE,6,6
B,seg_1440_240_complete,YES,MIXED,4,4,STRONG_FAVORABLE,6,6
B,seg_1440_240_source_quality,RAW,MIXED,3,4,STRONG_FAVORABLE,6,6
B,seg_1440_240_source_quality,RECOVERED_DEGRADED,MIXED,1,4,STRONG_FAVORABLE,0,6
B,seg_15_5_complete,YES,MIXED,4,4,STRONG_FAVORABLE,6,6
B,seg_15_5_source_quality,RAW,MIXED,4,4,STRONG_FAVORABLE,6,6
B,seg_240_60_complete,YES,MIXED,4,4,STRONG_FAVORABLE,6,6
B,seg_240_60_source_quality,RAW,MIXED,4,4,STRONG_FAVORABLE,6,6
B,seg_5_0_complete,YES,MIXED,4,4,STRONG_FAVORABLE,6,6
B,seg_5_0_source_quality,RAW,MIXED,4,4,STRONG_FAVORABLE,6,6
B,seg_60_15_complete,YES,MIXED,4,4,STRONG_FAVORABLE,6,6
B,seg_60_15_source_quality,RAW,MIXED,4,4,STRONG_FAVORABLE,6,6
B,signal_side,LONG,MIXED,1,4,STRONG_FAVORABLE,4,6
B,signal_side,SHORT,MIXED,3,4,STRONG_FAVORABLE,2,6
B,target_geometry_tp1_relation,BEYOND,MIXED,1,4,STRONG_FAVORABLE,1,6
B,target_geometry_tp1_relation,INSIDE,MIXED,2,4,STRONG_FAVORABLE,5,6
B,target_geometry_tp1_relation,MISSING,MIXED,1,4,STRONG_FAVORABLE,0,6
B,target_geometry_tp2_relation,BEYOND,MIXED,2,4,STRONG_FAVORABLE,2,6
B,target_geometry_tp2_relation,INSIDE,MIXED,1,4,STRONG_FAVORABLE,4,6
B,target_geometry_tp2_relation,MISSING,MIXED,1,4,STRONG_FAVORABLE,0,6
