candidate_group,outcome_class,component,denominator_count,known_count,unknown_count,matched_true_count,matched_rate_per_outcome,matched_rate_per_known,oi_untrusted_count,directional_240m_unknown_count
VWAP_DISTANCE_REJECT,ALL_CANDIDATES,component_a_weak_peak_le_50,152,152,0,40,0.2631578947368421,0.2631578947368421,6,0
VWAP_DISTANCE_REJECT,ALL_CANDIDATES,component_b_oi_down_60_and_weak_240m_flow,152,0,152,0,0.0,,6,0
VWAP_DISTANCE_REJECT,ALL_CANDIDATES,conservative_union,152,40,112,40,0.2631578947368421,1.0,6,0
VWAP_DISTANCE_REJECT,NOT_FILLED,component_a_weak_peak_le_50,24,24,0,4,0.16666666666666666,0.16666666666666666,1,0
VWAP_DISTANCE_REJECT,NOT_FILLED,component_b_oi_down_60_and_weak_240m_flow,24,0,24,0,0.0,,1,0
VWAP_DISTANCE_REJECT,NOT_FILLED,conservative_union,24,4,20,4,0.16666666666666666,1.0,1,0
VWAP_DISTANCE_REJECT,UNRESOLVED_FILLED,component_a_weak_peak_le_50,2,2,0,0,0.0,0.0,0,0
VWAP_DISTANCE_REJECT,UNRESOLVED_FILLED,component_b_oi_down_60_and_weak_240m_flow,2,0,2,0,0.0,,0,0
VWAP_DISTANCE_REJECT,UNRESOLVED_FILLED,conservative_union,2,0,2,0,0.0,,0,0
VWAP_DISTANCE_REJECT,PLAIN_SL,component_a_weak_peak_le_50,59,59,0,10,0.1694915254237288,0.1694915254237288,2,0
VWAP_DISTANCE_REJECT,PLAIN_SL,component_b_oi_down_60_and_weak_240m_flow,59,0,59,0,0.0,,2,0
VWAP_DISTANCE_REJECT,PLAIN_SL,conservative_union,59,10,49,10,0.1694915254237288,1.0,2,0
VWAP_DISTANCE_REJECT,TP1_SL,component_a_weak_peak_le_50,33,33,0,9,0.2727272727272727,0.2727272727272727,2,0
VWAP_DISTANCE_REJECT,TP1_SL,component_b_oi_down_60_and_weak_240m_flow,33,0,33,0,0.0,,2,0
VWAP_DISTANCE_REJECT,TP1_SL,conservative_union,33,9,24,9,0.2727272727272727,1.0,2,0
VWAP_DISTANCE_REJECT,TP1_TP2_TRAILING_STOP,component_a_weak_peak_le_50,34,34,0,17,0.5,0.5,1,0
VWAP_DISTANCE_REJECT,TP1_TP2_TRAILING_STOP,component_b_oi_down_60_and_weak_240m_flow,34,0,34,0,0.0,,1,0
VWAP_DISTANCE_REJECT,TP1_TP2_TRAILING_STOP,conservative_union,34,17,17,17,0.5,1.0,1,0
